Plot Title: 1028729,,,,,,,,,
#,"Date Time, GMT-07:00","Date Time, GMT-07:00","Abs Pres, Pa (LGR S/N: 1028729, SEN S/N: 1028729)","Temp, °C (LGR S/N: 1028729, SEN S/N: 1028729)","Batt, V (LGR S/N: 1028729, SEN S/N: 1028729)",Coupler Detached (LGR S/N: 1028729),Coupler Attached (LGR S/N: 1028729),Stopped (LGR S/N: 1028729),End Of File (LGR S/N: 1028729)
1,5/19/2009,14:00:00,76649,14.421,3.54,Logged,,,
2,5/19/2009,14:30:00,76617,14.613,3.54,,,,
3,5/19/2009,15:00:00,76601,14.804,3.54,,,,
4,5/19/2009,15:30:00,76585,14.9,3.54,,,,
5,5/19/2009,16:00:00,76553,15.091,3.51,,,,
6,5/19/2009,16:30:00,76536,15.378,3.54,,,,
7,5/19/2009,17:00:00,76536,15.473,3.54,,,,
8,5/19/2009,17:30:00,76520,15.473,3.54,,,,
9,5/19/2009,18:00:00,76552,15.282,3.54,,,,
10,5/19/2009,18:30:00,76553,15.091,3.54,,,,
11,5/19/2009,19:00:00,76569,14.996,3.57,,,,
12,5/19/2009,19:30:00,76601,14.804,3.57,,,,
13,5/19/2009,20:00:00,76617,14.613,3.54,,,,
14,5/19/2009,20:30:00,76665,14.421,3.54,,,,
15,5/19/2009,21:00:00,76696,14.325,3.54,,,,
16,5/19/2009,21:30:00,76697,14.134,3.54,,,,
17,5/19/2009,22:00:00,76713,14.038,3.54,,,,
18,5/19/2009,22:30:00,76714,13.846,3.54,,,,
19,5/19/2009,23:00:00,76730,13.75,3.54,,,,
20,5/19/2009,23:30:00,76685,13.558,3.54,,,,
21,5/20/2009,0:00:00,76670,13.461,3.54,,,,
22,5/20/2009,0:30:00,76671,13.269,3.54,,,,
23,5/20/2009,1:00:00,76657,13.076,3.54,,,,
24,5/20/2009,1:30:00,76642,12.883,3.54,,,,
25,5/20/2009,2:00:00,76643,12.69,3.54,,,,
26,5/20/2009,2:30:00,76660,12.497,3.54,,,,
27,5/20/2009,3:00:00,76645,12.304,3.54,,,,
28,5/20/2009,3:30:00,76631,12.207,3.54,,,,
29,5/20/2009,4:00:00,76632,12.013,3.54,,,,
30,5/20/2009,4:30:00,76648,11.819,3.54,,,,
31,5/20/2009,5:00:00,76664,11.722,3.54,,,,
32,5/20/2009,5:30:00,76665,11.528,3.51,,,,
33,5/20/2009,6:00:00,76666,11.334,3.51,,,,
34,5/20/2009,6:30:00,76682,11.236,3.51,,,,
35,5/20/2009,7:00:00,76683,11.139,3.51,,,,
36,5/20/2009,7:30:00,76668,11.041,3.51,,,,
37,5/20/2009,8:00:00,76683,11.041,3.51,,,,
38,5/20/2009,8:30:00,76652,11.041,3.51,,,,
39,5/20/2009,9:00:00,76636,11.139,3.51,,,,
40,5/20/2009,9:30:00,76651,11.236,3.51,,,,
41,5/20/2009,10:00:00,76620,11.334,3.51,,,,
42,5/20/2009,10:30:00,76588,11.528,3.51,,,,
43,5/20/2009,11:00:00,76540,11.819,3.54,,,,
44,5/20/2009,11:30:00,76539,12.11,3.54,,,,
45,5/20/2009,12:00:00,76553,12.207,3.54,,,,
46,5/20/2009,12:30:00,76507,12.304,3.54,,,,
47,5/20/2009,13:00:00,76537,12.401,3.54,,,,
48,5/20/2009,13:30:00,76506,12.497,3.54,,,,
49,5/20/2009,14:00:00,76505,12.69,3.54,,,,
50,5/20/2009,14:30:00,76489,12.787,3.54,,,,
51,5/20/2009,15:00:00,76457,12.883,3.54,,,,
52,5/20/2009,15:30:00,76441,13.076,3.54,,,,
53,5/20/2009,16:00:00,76471,13.173,3.54,,,,
54,5/20/2009,16:30:00,76441,13.076,3.54,,,,
55,5/20/2009,17:00:00,76410,13.076,3.54,,,,
56,5/20/2009,17:30:00,76364,13.076,3.54,,,,
57,5/20/2009,18:00:00,76379,13.076,3.54,,,,
58,5/20/2009,18:30:00,76410,12.98,3.54,,,,
59,5/20/2009,19:00:00,76473,12.883,3.54,,,,
60,5/20/2009,19:30:00,76504,12.787,3.54,,,,
61,5/20/2009,20:00:00,76519,12.787,3.54,,,,
62,5/20/2009,20:30:00,76566,12.69,3.54,,,,
63,5/20/2009,21:00:00,76598,12.594,3.54,,,,
64,5/20/2009,21:30:00,76598,12.497,3.54,,,,
65,5/20/2009,22:00:00,76583,12.401,3.54,,,,
66,5/20/2009,22:30:00,76553,12.304,3.54,,,,
67,5/20/2009,23:00:00,76538,12.207,3.54,,,,
68,5/20/2009,23:30:00,76508,12.11,3.54,,,,
69,5/21/2009,0:00:00,76493,12.013,3.54,,,,
70,5/21/2009,0:30:00,76478,11.916,3.54,,,,
71,5/21/2009,1:00:00,76479,11.722,3.54,,,,
72,5/21/2009,1:30:00,76464,11.625,3.54,,,,
73,5/21/2009,2:00:00,76434,11.528,3.51,,,,
74,5/21/2009,2:30:00,76450,11.431,3.51,,,,
75,5/21/2009,3:00:00,76450,11.334,3.51,,,,
76,5/21/2009,3:30:00,76451,11.236,3.51,,,,
77,5/21/2009,4:00:00,76467,11.139,3.51,,,,
78,5/21/2009,4:30:00,76483,11.041,3.51,,,,
79,5/21/2009,5:00:00,76483,11.041,3.51,,,,
80,5/21/2009,5:30:00,76514,10.944,3.51,,,,
81,5/21/2009,6:00:00,76546,10.846,3.51,,,,
82,5/21/2009,6:30:00,76499,10.846,3.51,,,,
83,5/21/2009,7:00:00,76515,10.748,3.51,,,,
84,5/21/2009,7:30:00,76561,10.748,3.51,,,,
85,5/21/2009,8:00:00,76561,10.846,3.51,,,,
86,5/21/2009,8:30:00,76592,10.846,3.51,,,,
87,5/21/2009,9:00:00,76622,10.944,3.51,,,,
88,5/21/2009,9:30:00,76591,10.944,3.51,,,,
89,5/21/2009,10:00:00,76591,11.041,3.51,,,,
90,5/21/2009,10:30:00,76575,11.139,3.51,,,,
91,5/21/2009,11:00:00,76543,11.236,3.51,,,,
92,5/21/2009,11:30:00,76511,11.431,3.51,,,,
93,5/21/2009,12:00:00,76526,11.625,3.51,,,,
94,5/21/2009,12:30:00,76464,11.722,3.51,,,,
95,5/21/2009,13:00:00,76448,11.819,3.51,,,,
96,5/21/2009,13:30:00,76463,11.819,3.54,,,,
97,5/21/2009,14:00:00,76432,11.916,3.54,,,,
98,5/21/2009,14:30:00,76400,12.013,3.54,,,,
99,5/21/2009,15:00:00,76384,12.11,3.54,,,,
100,5/21/2009,15:30:00,76415,12.207,3.54,,,,
101,5/21/2009,16:00:00,76446,12.207,3.54,,,,
102,5/21/2009,16:30:00,76415,12.207,3.54,,,,
103,5/21/2009,17:00:00,76430,12.207,3.54,,,,
104,5/21/2009,17:30:00,76431,12.11,3.54,,,,
105,5/21/2009,18:00:00,76477,12.11,3.54,,,,
106,5/21/2009,18:30:00,76462,12.013,3.54,,,,
107,5/21/2009,19:00:00,76447,12.013,3.54,,,,
108,5/21/2009,19:30:00,76478,11.916,3.54,,,,
109,5/21/2009,20:00:00,76571,11.819,3.54,,,,
110,5/21/2009,20:30:00,76525,11.722,3.54,,,,
111,5/21/2009,21:00:00,76541,11.625,3.51,,,,
112,5/21/2009,21:30:00,76573,11.431,3.51,,,,
113,5/21/2009,22:00:00,76558,11.334,3.51,,,,
114,5/21/2009,22:30:00,76559,11.236,3.51,,,,
115,5/21/2009,23:00:00,76544,11.139,3.51,,,,
116,5/21/2009,23:30:00,76513,11.139,3.51,,,,
117,5/22/2009,0:00:00,76513,11.139,3.51,,,,
118,5/22/2009,0:30:00,76514,11.041,3.51,,,,
119,5/22/2009,1:00:00,76498,11.041,3.51,,,,
120,5/22/2009,1:30:00,76483,10.944,3.51,,,,
121,5/22/2009,2:00:00,76468,10.944,3.51,,,,
122,5/22/2009,2:30:00,76453,10.944,3.51,,,,
123,5/22/2009,3:00:00,76468,10.846,3.51,,,,
124,5/22/2009,3:30:00,76484,10.846,3.51,,,,
125,5/22/2009,4:00:00,76484,10.748,3.51,,,,
126,5/22/2009,4:30:00,76500,10.748,3.51,,,,
127,5/22/2009,5:00:00,76500,10.651,3.51,,,,
128,5/22/2009,5:30:00,76516,10.651,3.51,,,,
129,5/22/2009,6:00:00,76547,10.553,3.51,,,,
130,5/22/2009,6:30:00,76578,10.553,3.51,,,,
131,5/22/2009,7:00:00,76548,10.455,3.51,,,,
132,5/22/2009,7:30:00,76578,10.455,3.51,,,,
133,5/22/2009,8:00:00,76578,10.455,3.51,,,,
134,5/22/2009,8:30:00,76594,10.455,3.51,,,,
135,5/22/2009,9:00:00,76610,10.357,3.51,,,,
136,5/22/2009,9:30:00,76594,10.357,3.51,,,,
137,5/22/2009,10:00:00,76594,10.455,3.51,,,,
138,5/22/2009,10:30:00,76594,10.455,3.51,,,,
139,5/22/2009,11:00:00,76578,10.455,3.51,,,,
140,5/22/2009,11:30:00,76563,10.553,3.51,,,,
141,5/22/2009,12:00:00,76562,10.651,3.51,,,,
142,5/22/2009,12:30:00,76562,10.651,3.51,,,,
143,5/22/2009,13:00:00,76547,10.651,3.51,,,,
144,5/22/2009,13:30:00,76547,10.651,3.51,,,,
145,5/22/2009,14:00:00,76500,10.651,3.51,,,,
146,5/22/2009,14:30:00,76484,10.748,3.51,,,,
147,5/22/2009,15:00:00,76531,10.748,3.51,,,,
148,5/22/2009,15:30:00,76561,10.748,3.51,,,,
149,5/22/2009,16:00:00,76547,10.651,3.51,,,,
150,5/22/2009,16:30:00,76547,10.651,3.51,,,,
151,5/22/2009,17:00:00,76501,10.553,3.51,,,,
152,5/22/2009,17:30:00,76501,10.553,3.51,,,,
153,5/22/2009,18:00:00,76471,10.455,3.51,,,,
154,5/22/2009,18:30:00,76501,10.455,3.51,,,,
155,5/22/2009,19:00:00,76502,10.357,3.51,,,,
156,5/22/2009,19:30:00,76502,10.357,3.51,,,,
157,5/22/2009,20:00:00,76518,10.259,3.51,,,,
158,5/22/2009,20:30:00,76549,10.259,3.51,,,,
159,5/22/2009,21:00:00,76565,10.161,3.51,,,,
160,5/22/2009,21:30:00,76596,10.161,3.51,,,,
161,5/22/2009,22:00:00,76580,10.161,3.51,,,,
162,5/22/2009,22:30:00,76565,10.063,3.51,,,,
163,5/22/2009,23:00:00,76565,10.063,3.51,,,,
164,5/22/2009,23:30:00,76473,9.965,3.51,,,,
165,5/23/2009,0:00:00,76458,9.866,3.51,,,,
166,5/23/2009,0:30:00,76443,9.866,3.51,,,,
167,5/23/2009,1:00:00,76444,9.768,3.51,,,,
168,5/23/2009,1:30:00,76444,9.768,3.51,,,,
169,5/23/2009,2:00:00,76444,9.669,3.51,,,,
170,5/23/2009,2:30:00,76429,9.669,3.51,,,,
171,5/23/2009,3:00:00,76460,9.669,3.51,,,,
172,5/23/2009,3:30:00,76445,9.571,3.54,,,,
173,5/23/2009,4:00:00,76429,9.571,3.54,,,,
174,5/23/2009,4:30:00,76460,9.571,3.54,,,,
175,5/23/2009,5:00:00,76476,9.472,3.54,,,,
176,5/23/2009,5:30:00,76491,9.472,3.54,,,,
177,5/23/2009,6:00:00,76522,9.472,3.54,,,,
178,5/23/2009,6:30:00,76507,9.472,3.54,,,,
179,5/23/2009,7:00:00,76522,9.472,3.54,,,,
180,5/23/2009,7:30:00,76522,9.472,3.54,,,,
181,5/23/2009,8:00:00,76569,9.472,3.54,,,,
182,5/23/2009,8:30:00,76584,9.472,3.54,,,,
183,5/23/2009,9:00:00,76569,9.472,3.54,,,,
184,5/23/2009,9:30:00,76583,9.571,3.54,,,,
185,5/23/2009,10:00:00,76583,9.571,3.54,,,,
186,5/23/2009,10:30:00,76583,9.669,3.51,,,,
187,5/23/2009,11:00:00,76583,9.669,3.51,,,,
188,5/23/2009,11:30:00,76567,9.768,3.51,,,,
189,5/23/2009,12:00:00,76551,9.866,3.51,,,,
190,5/23/2009,12:30:00,76535,9.965,3.51,,,,
191,5/23/2009,13:00:00,76550,10.063,3.51,,,,
192,5/23/2009,13:30:00,76626,10.161,3.51,,,,
193,5/23/2009,14:00:00,76534,10.161,3.51,,,,
194,5/23/2009,14:30:00,76488,10.161,3.51,,,,
195,5/23/2009,15:00:00,76472,10.161,3.51,,,,
196,5/23/2009,15:30:00,76488,10.161,3.51,,,,
197,5/23/2009,16:00:00,76534,10.161,3.51,,,,
198,5/23/2009,16:30:00,76549,10.161,3.51,,,,
199,5/23/2009,17:00:00,76549,10.161,3.51,,,,
200,5/23/2009,17:30:00,76503,10.161,3.51,,,,
201,5/23/2009,18:00:00,76472,10.161,3.51,,,,
202,5/23/2009,18:30:00,76441,10.161,3.51,,,,
203,5/23/2009,19:00:00,76457,10.063,3.51,,,,
204,5/23/2009,19:30:00,76488,10.063,3.51,,,,
205,5/23/2009,20:00:00,76504,10.063,3.51,,,,
206,5/23/2009,20:30:00,76535,9.965,3.51,,,,
207,5/23/2009,21:00:00,76551,9.866,3.51,,,,
208,5/23/2009,21:30:00,76597,9.866,3.51,,,,
209,5/23/2009,22:00:00,76598,9.768,3.51,,,,
210,5/23/2009,22:30:00,76598,9.768,3.51,,,,
211,5/23/2009,23:00:00,76598,9.768,3.51,,,,
212,5/23/2009,23:30:00,76552,9.669,3.51,,,,
213,5/24/2009,0:00:00,76521,9.669,3.51,,,,
214,5/24/2009,0:30:00,76506,9.571,3.54,,,,
215,5/24/2009,1:00:00,76506,9.571,3.54,,,,
216,5/24/2009,1:30:00,76522,9.472,3.54,,,,
217,5/24/2009,2:00:00,76492,9.373,3.54,,,,
218,5/24/2009,2:30:00,76507,9.373,3.54,,,,
219,5/24/2009,3:00:00,76508,9.275,3.54,,,,
220,5/24/2009,3:30:00,76508,9.275,3.54,,,,
221,5/24/2009,4:00:00,76477,9.275,3.54,,,,
222,5/24/2009,4:30:00,76493,9.275,3.54,,,,
223,5/24/2009,5:00:00,76478,9.176,3.54,,,,
224,5/24/2009,5:30:00,76493,9.176,3.54,,,,
225,5/24/2009,6:00:00,76478,9.176,3.54,,,,
226,5/24/2009,6:30:00,76509,9.077,3.54,,,,
227,5/24/2009,7:00:00,76555,9.176,3.54,,,,
228,5/24/2009,7:30:00,76570,9.176,3.54,,,,
229,5/24/2009,8:00:00,76586,9.176,3.54,,,,
230,5/24/2009,8:30:00,76601,9.176,3.54,,,,
231,5/24/2009,9:00:00,76570,9.176,3.54,,,,
232,5/24/2009,9:30:00,76554,9.275,3.54,,,,
233,5/24/2009,10:00:00,76538,9.373,3.54,,,,
234,5/24/2009,10:30:00,76538,9.472,3.54,,,,
235,5/24/2009,11:00:00,76506,9.669,3.51,,,,
236,5/24/2009,11:30:00,76520,9.866,3.51,,,,
237,5/24/2009,12:00:00,76488,10.063,3.51,,,,
238,5/24/2009,12:30:00,76457,10.161,3.51,,,,
239,5/24/2009,13:00:00,76409,10.455,3.51,,,,
240,5/24/2009,13:30:00,76454,10.651,3.51,,,,
241,5/24/2009,14:00:00,76454,10.651,3.51,,,,
242,5/24/2009,14:30:00,76408,10.651,3.51,,,,
243,5/24/2009,15:00:00,76346,10.748,3.51,,,,
244,5/24/2009,15:30:00,76298,10.944,3.51,,,,
245,5/24/2009,16:00:00,76265,11.431,3.51,,,,
246,5/24/2009,16:30:00,76232,11.722,3.51,,,,
247,5/24/2009,17:00:00,76231,12.013,3.51,,,,
248,5/24/2009,17:30:00,76246,12.013,3.51,,,,
249,5/24/2009,18:00:00,76292,12.013,3.51,,,,
250,5/24/2009,18:30:00,76308,11.916,3.51,,,,
251,5/24/2009,19:00:00,76448,11.819,3.51,,,,
252,5/24/2009,19:30:00,76526,11.625,3.51,,,,
253,5/24/2009,20:00:00,76434,11.431,3.51,,,,
254,5/24/2009,20:30:00,76451,11.236,3.51,,,,
255,5/24/2009,21:00:00,76437,11.041,3.51,,,,
256,5/24/2009,21:30:00,76468,10.846,3.51,,,,
257,5/24/2009,22:00:00,76454,10.748,3.51,,,,
258,5/24/2009,22:30:00,76485,10.553,3.51,,,,
259,5/24/2009,23:00:00,76455,10.455,3.51,,,,
260,5/24/2009,23:30:00,76440,10.357,3.51,,,,
261,5/25/2009,0:00:00,76395,10.259,3.51,,,,
262,5/25/2009,0:30:00,76395,10.161,3.51,,,,
263,5/25/2009,1:00:00,76380,10.063,3.51,,,,
264,5/25/2009,1:30:00,76365,9.965,3.51,,,,
265,5/25/2009,2:00:00,76351,9.866,3.51,,,,
266,5/25/2009,2:30:00,76351,9.768,3.51,,,,
267,5/25/2009,3:00:00,76336,9.669,3.51,,,,
268,5/25/2009,3:30:00,76337,9.571,3.54,,,,
269,5/25/2009,4:00:00,76307,9.472,3.54,,,,
270,5/25/2009,4:30:00,76308,9.275,3.54,,,,
271,5/25/2009,5:00:00,76308,9.176,3.54,,,,
272,5/25/2009,5:30:00,76293,9.077,3.54,,,,
273,5/25/2009,6:00:00,76309,8.978,3.54,,,,
274,5/25/2009,6:30:00,76310,8.879,3.54,,,,
275,5/25/2009,7:00:00,76341,8.879,3.51,,,,
276,5/25/2009,7:30:00,76310,8.779,3.51,,,,
277,5/25/2009,8:00:00,76280,8.779,3.51,,,,
278,5/25/2009,8:30:00,76280,8.779,3.51,,,,
279,5/25/2009,9:00:00,76295,8.879,3.51,,,,
280,5/25/2009,9:30:00,76263,8.978,3.54,,,,
281,5/25/2009,10:00:00,76278,9.077,3.54,,,,
282,5/25/2009,10:30:00,76247,9.176,3.54,,,,
283,5/25/2009,11:00:00,76260,9.472,3.54,,,,
284,5/25/2009,11:30:00,76243,9.768,3.51,,,,
285,5/25/2009,12:00:00,76211,10.063,3.51,,,,
286,5/25/2009,12:30:00,76194,10.357,3.51,,,,
287,5/25/2009,13:00:00,76177,10.651,3.51,,,,
288,5/25/2009,13:30:00,76145,10.846,3.51,,,,
289,5/25/2009,14:00:00,76127,11.236,3.51,,,,
290,5/25/2009,14:30:00,76110,11.625,3.51,,,,
291,5/25/2009,15:00:00,76093,11.916,3.51,,,,
292,5/25/2009,15:30:00,76060,12.304,3.54,,,,
293,5/25/2009,16:00:00,76073,12.594,3.54,,,,
294,5/25/2009,16:30:00,76087,12.883,3.54,,,,
295,5/25/2009,17:00:00,76071,12.98,3.54,,,,
296,5/25/2009,17:30:00,76118,12.883,3.54,,,,
297,5/25/2009,18:00:00,76150,12.69,3.54,,,,
298,5/25/2009,18:30:00,76135,12.594,3.54,,,,
299,5/25/2009,19:00:00,76182,12.401,3.54,,,,
300,5/25/2009,19:30:00,76198,12.304,3.54,,,,
301,5/25/2009,20:00:00,76215,12.11,3.54,,,,
302,5/25/2009,20:30:00,76231,11.916,3.54,,,,
303,5/25/2009,21:00:00,76248,11.722,3.51,,,,
304,5/25/2009,21:30:00,76249,11.528,3.51,,,,
305,5/25/2009,22:00:00,76265,11.334,3.51,,,,
306,5/25/2009,22:30:00,76251,11.139,3.51,,,,
307,5/25/2009,23:00:00,76252,11.041,3.51,,,,
308,5/25/2009,23:30:00,76237,10.846,3.51,,,,
309,5/26/2009,0:00:00,76222,10.748,3.51,,,,
310,5/26/2009,0:30:00,76192,10.651,3.51,,,,
311,5/26/2009,1:00:00,76193,10.455,3.51,,,,
312,5/26/2009,1:30:00,76148,10.357,3.51,,,,
313,5/26/2009,2:00:00,76164,10.259,3.51,,,,
314,5/26/2009,2:30:00,76164,10.161,3.51,,,,
315,5/26/2009,3:00:00,76165,10.063,3.51,,,,
316,5/26/2009,3:30:00,76166,9.866,3.51,,,,
317,5/26/2009,4:00:00,76182,9.768,3.51,,,,
318,5/26/2009,4:30:00,76198,9.571,3.54,,,,
319,5/26/2009,5:00:00,76199,9.472,3.54,,,,
320,5/26/2009,5:30:00,76215,9.373,3.54,,,,
321,5/26/2009,6:00:00,76247,9.176,3.54,,,,
322,5/26/2009,6:30:00,76232,9.077,3.54,,,,
323,5/26/2009,7:00:00,76263,8.978,3.54,,,,
324,5/26/2009,7:30:00,76263,8.978,3.54,,,,
325,5/26/2009,8:00:00,76263,8.978,3.54,,,,
326,5/26/2009,8:30:00,76279,8.978,3.54,,,,
327,5/26/2009,9:00:00,76263,9.077,3.54,,,,
328,5/26/2009,9:30:00,76247,9.077,3.54,,,,
329,5/26/2009,10:00:00,76262,9.176,3.54,,,,
330,5/26/2009,10:30:00,76276,9.373,3.54,,,,
331,5/26/2009,11:00:00,76276,9.472,3.54,,,,
332,5/26/2009,11:30:00,76291,9.571,3.54,,,,
333,5/26/2009,12:00:00,76260,9.571,3.54,,,,
334,5/26/2009,12:30:00,76244,9.669,3.51,,,,
335,5/26/2009,13:00:00,76213,9.768,3.51,,,,
336,5/26/2009,13:30:00,76195,10.063,3.51,,,,
337,5/26/2009,14:00:00,76162,10.455,3.51,,,,
338,5/26/2009,14:30:00,76176,10.846,3.51,,,,
339,5/26/2009,15:00:00,76158,11.236,3.51,,,,
340,5/26/2009,15:30:00,76141,11.528,3.51,,,,
341,5/26/2009,16:00:00,76139,11.819,3.51,,,,
342,5/26/2009,16:30:00,76154,12.013,3.51,,,,
343,5/26/2009,17:00:00,76138,12.11,3.54,,,,
344,5/26/2009,17:30:00,76215,12.11,3.54,,,,
345,5/26/2009,18:00:00,76200,12.013,3.54,,,,
346,5/26/2009,18:30:00,76278,11.916,3.51,,,,
347,5/26/2009,19:00:00,76355,11.819,3.51,,,,
348,5/26/2009,19:30:00,76371,11.722,3.51,,,,
349,5/26/2009,20:00:00,76341,11.528,3.51,,,,
350,5/26/2009,20:30:00,76357,11.431,3.51,,,,
351,5/26/2009,21:00:00,76389,11.236,3.51,,,,
352,5/26/2009,21:30:00,76421,11.139,3.51,,,,
353,5/26/2009,22:00:00,76437,10.944,3.51,,,,
354,5/26/2009,22:30:00,76468,10.846,3.51,,,,
355,5/26/2009,23:00:00,76423,10.748,3.51,,,,
356,5/26/2009,23:30:00,76454,10.651,3.51,,,,
357,5/27/2009,0:00:00,76455,10.553,3.51,,,,
358,5/27/2009,0:30:00,76424,10.455,3.51,,,,
359,5/27/2009,1:00:00,76440,10.357,3.51,,,,
360,5/27/2009,1:30:00,76410,10.259,3.51,,,,
361,5/27/2009,2:00:00,76411,10.063,3.51,,,,
362,5/27/2009,2:30:00,76396,9.965,3.51,,,,
363,5/27/2009,3:00:00,76412,9.866,3.51,,,,
364,5/27/2009,3:30:00,76397,9.768,3.51,,,,
365,5/27/2009,4:00:00,76398,9.669,3.51,,,,
366,5/27/2009,4:30:00,76414,9.472,3.54,,,,
367,5/27/2009,5:00:00,76446,9.373,3.54,,,,
368,5/27/2009,5:30:00,76462,9.275,3.54,,,,
369,5/27/2009,6:00:00,76478,9.176,3.54,,,,
370,5/27/2009,6:30:00,76494,9.077,3.54,,,,
371,5/27/2009,7:00:00,76494,8.978,3.54,,,,
372,5/27/2009,7:30:00,76510,8.978,3.54,,,,
373,5/27/2009,8:00:00,76525,8.978,3.54,,,,
374,5/27/2009,8:30:00,76510,8.978,3.54,,,,
375,5/27/2009,9:00:00,76509,9.077,3.54,,,,
376,5/27/2009,9:30:00,76509,9.176,3.54,,,,
377,5/27/2009,10:00:00,76508,9.275,3.54,,,,
378,5/27/2009,10:30:00,76507,9.373,3.54,,,,
379,5/27/2009,11:00:00,76476,9.571,3.54,,,,
380,5/27/2009,11:30:00,76458,9.866,3.51,,,,
381,5/27/2009,12:00:00,76411,10.063,3.51,,,,
382,5/27/2009,12:30:00,76410,10.357,3.51,,,,
383,5/27/2009,13:00:00,76378,10.553,3.51,,,,
384,5/27/2009,13:30:00,76377,10.651,3.51,,,,
385,5/27/2009,14:00:00,76361,10.748,3.51,,,,
386,5/27/2009,14:30:00,76407,10.748,3.51,,,,
387,5/27/2009,15:00:00,76515,10.748,3.51,,,,
388,5/27/2009,15:30:00,76563,10.553,3.51,,,,
389,5/27/2009,16:00:00,76564,10.357,3.51,,,,
390,5/27/2009,16:30:00,76626,10.259,3.51,,,,
391,5/27/2009,17:00:00,76596,10.161,3.51,,,,
392,5/27/2009,17:30:00,76627,10.063,3.51,,,,
393,5/27/2009,18:00:00,76597,9.965,3.51,,,,
394,5/27/2009,18:30:00,76551,9.866,3.51,,,,
395,5/27/2009,19:00:00,76551,9.768,3.51,,,,
396,5/27/2009,19:30:00,76537,9.669,3.51,,,,
397,5/27/2009,20:00:00,76552,9.669,3.51,,,,
398,5/27/2009,20:30:00,76568,9.571,3.54,,,,
399,5/27/2009,21:00:00,76599,9.472,3.54,,,,
400,5/27/2009,21:30:00,76646,9.373,3.54,,,,
401,5/27/2009,22:00:00,76647,9.275,3.54,,,,
402,5/27/2009,22:30:00,76632,9.176,3.54,,,,
403,5/27/2009,23:00:00,76632,9.077,3.54,,,,
404,5/27/2009,23:30:00,76648,8.978,3.54,,,,
405,5/28/2009,0:00:00,76633,8.879,3.51,,,,
406,5/28/2009,0:30:00,76619,8.779,3.51,,,,
407,5/28/2009,1:00:00,76619,8.68,3.51,,,,
408,5/28/2009,1:30:00,76620,8.581,3.51,,,,
409,5/28/2009,2:00:00,76605,8.382,3.51,,,,
410,5/28/2009,2:30:00,76606,8.282,3.51,,,,
411,5/28/2009,3:00:00,76606,8.182,3.51,,,,
412,5/28/2009,3:30:00,76607,8.082,3.51,,,,
413,5/28/2009,4:00:00,76623,7.983,3.51,,,,
414,5/28/2009,4:30:00,76639,7.882,3.51,,,,
415,5/28/2009,5:00:00,76655,7.782,3.51,,,,
416,5/28/2009,5:30:00,76686,7.682,3.51,,,,
417,5/28/2009,6:00:00,76717,7.682,3.51,,,,
418,5/28/2009,6:30:00,76733,7.582,3.51,,,,
419,5/28/2009,7:00:00,76749,7.481,3.51,,,,
420,5/28/2009,7:30:00,76764,7.481,3.51,,,,
421,5/28/2009,8:00:00,76764,7.481,3.51,,,,
422,5/28/2009,8:30:00,76764,7.481,3.51,,,,
423,5/28/2009,9:00:00,76779,7.582,3.51,,,,
424,5/28/2009,9:30:00,76748,7.682,3.51,,,,
425,5/28/2009,10:00:00,76732,7.782,3.51,,,,
426,5/28/2009,10:30:00,76747,7.882,3.51,,,,
427,5/28/2009,11:00:00,76761,8.082,3.51,,,,
428,5/28/2009,11:30:00,76760,8.282,3.51,,,,
429,5/28/2009,12:00:00,76836,8.382,3.51,,,,
430,5/28/2009,12:30:00,76836,8.481,3.51,,,,
431,5/28/2009,13:00:00,76820,8.481,3.51,,,,
432,5/28/2009,13:30:00,76774,8.581,3.51,,,,
433,5/28/2009,14:00:00,76742,8.779,3.51,,,,
434,5/28/2009,14:30:00,76740,9.077,3.51,,,,
435,5/28/2009,15:00:00,76739,9.373,3.54,,,,
436,5/28/2009,15:30:00,76722,9.571,3.54,,,,
437,5/28/2009,16:00:00,76722,9.571,3.54,,,,
438,5/28/2009,16:30:00,76705,9.866,3.51,,,,
439,5/28/2009,17:00:00,76704,10.063,3.51,,,,
440,5/28/2009,17:30:00,76719,10.161,3.51,,,,
441,5/28/2009,18:00:00,76780,10.161,3.51,,,,
442,5/28/2009,18:30:00,76842,10.161,3.51,,,,
443,5/28/2009,19:00:00,76796,10.063,3.51,,,,
444,5/28/2009,19:30:00,76812,10.063,3.51,,,,
445,5/28/2009,20:00:00,76828,9.965,3.51,,,,
446,5/28/2009,20:30:00,76844,9.866,3.51,,,,
447,5/28/2009,21:00:00,76860,9.768,3.51,,,,
448,5/28/2009,21:30:00,76892,9.571,3.54,,,,
449,5/28/2009,22:00:00,76907,9.472,3.54,,,,
450,5/28/2009,22:30:00,76893,9.373,3.54,,,,
451,5/28/2009,23:00:00,76940,9.176,3.54,,,,
452,5/28/2009,23:30:00,76925,9.077,3.54,,,,
453,5/29/2009,0:00:00,76910,8.978,3.54,,,,
454,5/29/2009,0:30:00,76895,8.879,3.51,,,,
455,5/29/2009,1:00:00,76880,8.779,3.51,,,,
456,5/29/2009,1:30:00,76896,8.68,3.51,,,,
457,5/29/2009,2:00:00,76897,8.581,3.51,,,,
458,5/29/2009,2:30:00,76897,8.481,3.51,,,,
459,5/29/2009,3:00:00,76929,8.382,3.51,,,,
460,5/29/2009,3:30:00,76944,8.382,3.51,,,,
461,5/29/2009,4:00:00,76945,8.282,3.51,,,,
462,5/29/2009,4:30:00,76977,8.082,3.51,,,,
463,5/29/2009,5:00:00,76977,8.082,3.51,,,,
464,5/29/2009,5:30:00,77008,7.983,3.51,,,,
465,5/29/2009,6:00:00,77024,7.882,3.51,,,,
466,5/29/2009,6:30:00,77040,7.782,3.51,,,,
467,5/29/2009,7:00:00,77055,7.782,3.51,,,,
468,5/29/2009,7:30:00,77086,7.882,3.51,,,,
469,5/29/2009,8:00:00,77101,7.882,3.51,,,,
470,5/29/2009,8:30:00,77085,7.983,3.51,,,,
471,5/29/2009,9:00:00,77084,8.082,3.51,,,,
472,5/29/2009,9:30:00,77115,8.182,3.51,,,,
473,5/29/2009,10:00:00,77099,8.282,3.51,,,,
474,5/29/2009,10:30:00,77098,8.481,3.51,,,,
475,5/29/2009,11:00:00,77065,8.779,3.51,,,,
476,5/29/2009,11:30:00,77032,9.176,3.51,,,,
477,5/29/2009,12:00:00,76999,9.571,3.54,,,,
478,5/29/2009,12:30:00,76982,9.866,3.51,,,,
479,5/29/2009,13:00:00,76949,10.259,3.51,,,,
480,5/29/2009,13:30:00,76947,10.651,3.51,,,,
481,5/29/2009,14:00:00,76915,10.944,3.51,,,,
482,5/29/2009,14:30:00,76913,11.334,3.51,,,,
483,5/29/2009,15:00:00,76880,11.625,3.51,,,,
484,5/29/2009,15:30:00,76864,11.819,3.51,,,,
485,5/29/2009,16:00:00,76863,12.013,3.51,,,,
486,5/29/2009,16:30:00,76847,12.11,3.51,,,,
487,5/29/2009,17:00:00,76846,12.207,3.54,,,,
488,5/29/2009,17:30:00,76846,12.207,3.54,,,,
489,5/29/2009,18:00:00,76893,12.207,3.54,,,,
490,5/29/2009,18:30:00,76909,12.11,3.54,,,,
491,5/29/2009,19:00:00,76909,12.013,3.54,,,,
492,5/29/2009,19:30:00,76925,11.916,3.51,,,,
493,5/29/2009,20:00:00,76957,11.722,3.51,,,,
494,5/29/2009,20:30:00,76988,11.625,3.51,,,,
495,5/29/2009,21:00:00,77020,11.431,3.51,,,,
496,5/29/2009,21:30:00,77021,11.236,3.51,,,,
497,5/29/2009,22:00:00,77038,11.041,3.51,,,,
498,5/29/2009,22:30:00,77007,10.944,3.51,,,,
499,5/29/2009,23:00:00,77008,10.748,3.51,,,,
500,5/29/2009,23:30:00,76994,10.553,3.51,,,,
501,5/30/2009,0:00:00,76979,10.455,3.51,,,,
502,5/30/2009,0:30:00,76949,10.259,3.51,,,,
503,5/30/2009,1:00:00,76935,10.161,3.51,,,,
504,5/30/2009,1:30:00,76904,10.063,3.51,,,,
505,5/30/2009,2:00:00,76890,9.866,3.51,,,,
506,5/30/2009,2:30:00,76875,9.768,3.51,,,,
507,5/30/2009,3:00:00,76906,9.669,3.51,,,,
508,5/30/2009,3:30:00,76877,9.472,3.54,,,,
509,5/30/2009,4:00:00,76893,9.373,3.54,,,,
510,5/30/2009,4:30:00,76893,9.275,3.54,,,,
511,5/30/2009,5:00:00,76894,9.176,3.54,,,,
512,5/30/2009,5:30:00,76894,9.077,3.54,,,,
513,5/30/2009,6:00:00,76910,8.978,3.54,,,,
514,5/30/2009,6:30:00,76911,8.879,3.54,,,,
515,5/30/2009,7:00:00,76911,8.779,3.51,,,,
516,5/30/2009,7:30:00,76911,8.779,3.51,,,,
517,5/30/2009,8:00:00,76911,8.779,3.51,,,,
518,5/30/2009,8:30:00,76895,8.879,3.51,,,,
519,5/30/2009,9:00:00,76879,8.978,3.51,,,,
520,5/30/2009,9:30:00,76879,8.978,3.54,,,,
521,5/30/2009,10:00:00,76863,9.176,3.54,,,,
522,5/30/2009,10:30:00,76847,9.275,3.54,,,,
523,5/30/2009,11:00:00,76814,9.571,3.54,,,,
524,5/30/2009,11:30:00,76767,9.866,3.51,,,,
525,5/30/2009,12:00:00,76750,10.063,3.51,,,,
526,5/30/2009,12:30:00,76764,10.357,3.51,,,,
527,5/30/2009,13:00:00,76717,10.553,3.51,,,,
528,5/30/2009,13:30:00,76700,10.846,3.51,,,,
529,5/30/2009,14:00:00,76667,11.139,3.51,,,,
530,5/30/2009,14:30:00,76666,11.334,3.51,,,,
531,5/30/2009,15:00:00,76634,11.528,3.51,,,,
532,5/30/2009,15:30:00,76618,11.722,3.51,,,,
533,5/30/2009,16:00:00,76617,11.819,3.51,,,,
534,5/30/2009,16:30:00,76586,11.819,3.51,,,,
535,5/30/2009,17:00:00,76586,11.916,3.51,,,,
536,5/30/2009,17:30:00,76694,11.916,3.51,,,,
537,5/30/2009,18:00:00,76741,11.819,3.51,,,,
538,5/30/2009,18:30:00,76726,11.722,3.51,,,,
539,5/30/2009,19:00:00,76695,11.722,3.51,,,,
540,5/30/2009,19:30:00,76695,11.625,3.51,,,,
541,5/30/2009,20:00:00,76742,11.528,3.51,,,,
542,5/30/2009,20:30:00,76758,11.431,3.51,,,,
543,5/30/2009,21:00:00,76789,11.334,3.51,,,,
544,5/30/2009,21:30:00,76805,11.236,3.51,,,,
545,5/30/2009,22:00:00,76790,11.236,3.51,,,,
546,5/30/2009,22:30:00,76806,11.139,3.51,,,,
547,5/30/2009,23:00:00,76806,11.041,3.51,,,,
548,5/30/2009,23:30:00,76807,10.944,3.51,,,,
549,5/31/2009,0:00:00,76761,10.846,3.51,,,,
550,5/31/2009,0:30:00,76761,10.846,3.51,,,,
551,5/31/2009,1:00:00,76747,10.651,3.51,,,,
552,5/31/2009,1:30:00,76686,10.553,3.51,,,,
553,5/31/2009,2:00:00,76671,10.455,3.51,,,,
554,5/31/2009,2:30:00,76656,10.455,3.51,,,,
555,5/31/2009,3:00:00,76610,10.357,3.51,,,,
556,5/31/2009,3:30:00,76641,10.259,3.51,,,,
557,5/31/2009,4:00:00,76626,10.259,3.51,,,,
558,5/31/2009,4:30:00,76642,10.161,3.51,,,,
559,5/31/2009,5:00:00,76627,10.063,3.51,,,,
560,5/31/2009,5:30:00,76643,9.965,3.51,,,,
561,5/31/2009,6:00:00,76643,9.866,3.51,,,,
562,5/31/2009,6:30:00,76659,9.768,3.51,,,,
563,5/31/2009,7:00:00,76644,9.669,3.51,,,,
564,5/31/2009,7:30:00,76675,9.669,3.51,,,,
565,5/31/2009,8:00:00,76644,9.669,3.51,,,,
566,5/31/2009,8:30:00,76644,9.768,3.51,,,,
567,5/31/2009,9:00:00,76628,9.866,3.51,,,,
568,5/31/2009,9:30:00,76627,9.965,3.51,,,,
569,5/31/2009,10:00:00,76596,10.063,3.51,,,,
570,5/31/2009,10:30:00,76565,10.161,3.51,,,,
571,5/31/2009,11:00:00,76564,10.357,3.51,,,,
572,5/31/2009,11:30:00,76515,10.748,3.51,,,,
573,5/31/2009,12:00:00,76483,10.944,3.51,,,,
574,5/31/2009,12:30:00,76467,11.139,3.51,,,,
575,5/31/2009,13:00:00,76419,11.431,3.51,,,,
576,5/31/2009,13:30:00,76433,11.722,3.51,,,,
577,5/31/2009,14:00:00,76432,11.916,3.51,,,,
578,5/31/2009,14:30:00,76430,12.304,3.54,,,,
579,5/31/2009,15:00:00,76350,12.69,3.54,,,,
580,5/31/2009,15:30:00,76379,13.076,3.54,,,,
581,5/31/2009,16:00:00,76346,13.461,3.54,,,,
582,5/31/2009,16:30:00,76330,13.558,3.54,,,,
583,5/31/2009,17:00:00,76346,13.558,3.54,,,,
584,5/31/2009,17:30:00,76362,13.461,3.54,,,,
585,5/31/2009,18:00:00,76393,13.365,3.54,,,,
586,5/31/2009,18:30:00,76409,13.269,3.54,,,,
587,5/31/2009,19:00:00,76472,13.076,3.54,,,,
588,5/31/2009,19:30:00,76488,12.98,3.54,,,,
589,5/31/2009,20:00:00,76519,12.883,3.54,,,,
590,5/31/2009,20:30:00,76535,12.69,3.54,,,,
591,5/31/2009,21:00:00,76567,12.497,3.54,,,,
592,5/31/2009,21:30:00,76568,12.304,3.54,,,,
593,5/31/2009,22:00:00,76569,12.207,3.54,,,,
594,5/31/2009,22:30:00,76523,12.11,3.54,,,,
595,5/31/2009,23:00:00,76478,11.916,3.54,,,,
596,5/31/2009,23:30:00,76463,11.819,3.54,,,,
597,6/1/2009,0:00:00,76433,11.722,3.51,,,,
598,6/1/2009,0:30:00,76464,11.625,3.51,,,,
599,6/1/2009,1:00:00,76434,11.431,3.51,,,,
600,6/1/2009,1:30:00,76420,11.334,3.51,,,,
601,6/1/2009,2:00:00,76436,11.139,3.51,,,,
602,6/1/2009,2:30:00,76437,10.944,3.51,,,,
603,6/1/2009,3:00:00,76438,10.846,3.51,,,,
604,6/1/2009,3:30:00,76408,10.651,3.51,,,,
605,6/1/2009,4:00:00,76409,10.455,3.51,,,,
606,6/1/2009,4:30:00,76425,10.357,3.51,,,,
607,6/1/2009,5:00:00,76441,10.259,3.51,,,,
608,6/1/2009,5:30:00,76457,10.063,3.51,,,,
609,6/1/2009,6:00:00,76458,9.965,3.51,,,,
610,6/1/2009,6:30:00,76459,9.768,3.51,,,,
611,6/1/2009,7:00:00,76444,9.768,3.51,,,,
612,6/1/2009,7:30:00,76444,9.669,3.51,,,,
613,6/1/2009,8:00:00,76444,9.669,3.51,,,,
614,6/1/2009,8:30:00,76429,9.669,3.51,,,,
615,6/1/2009,9:00:00,76428,9.768,3.51,,,,
616,6/1/2009,9:30:00,76413,9.768,3.51,,,,
617,6/1/2009,10:00:00,76397,9.866,3.51,,,,
618,6/1/2009,10:30:00,76396,10.063,3.51,,,,
619,6/1/2009,11:00:00,76410,10.357,3.51,,,,
620,6/1/2009,11:30:00,76392,10.651,3.51,,,,
621,6/1/2009,12:00:00,76344,11.041,3.51,,,,
622,6/1/2009,12:30:00,76341,11.528,3.51,,,,
623,6/1/2009,13:00:00,76308,11.916,3.51,,,,
624,6/1/2009,13:30:00,76306,12.304,3.54,,,,
625,6/1/2009,14:00:00,76336,12.497,3.54,,,,
626,6/1/2009,14:30:00,76321,12.497,3.54,,,,
627,6/1/2009,15:00:00,76321,12.401,3.54,,,,
628,6/1/2009,15:30:00,76290,12.401,3.54,,,,
629,6/1/2009,16:00:00,76321,12.401,3.54,,,,
630,6/1/2009,16:30:00,76337,12.304,3.54,,,,
631,6/1/2009,17:00:00,76291,12.304,3.54,,,,
632,6/1/2009,17:30:00,76307,12.207,3.54,,,,
633,6/1/2009,18:00:00,76291,12.207,3.54,,,,
634,6/1/2009,18:30:00,76323,12.11,3.54,,,,
635,6/1/2009,19:00:00,76338,12.11,3.54,,,,
636,6/1/2009,19:30:00,76339,12.013,3.54,,,,
637,6/1/2009,20:00:00,76355,11.916,3.54,,,,
638,6/1/2009,20:30:00,76417,11.819,3.54,,,,
639,6/1/2009,21:00:00,76449,11.625,3.51,,,,
640,6/1/2009,21:30:00,76465,11.528,3.51,,,,
641,6/1/2009,22:00:00,76450,11.334,3.51,,,,
642,6/1/2009,22:30:00,76466,11.236,3.51,,,,
643,6/1/2009,23:00:00,76514,11.041,3.51,,,,
644,6/1/2009,23:30:00,76483,10.944,3.51,,,,
645,6/2/2009,0:00:00,76468,10.846,3.51,,,,
646,6/2/2009,0:30:00,76438,10.748,3.51,,,,
647,6/2/2009,1:00:00,76455,10.553,3.51,,,,
648,6/2/2009,1:30:00,76501,10.455,3.51,,,,
649,6/2/2009,2:00:00,76471,10.357,3.51,,,,
650,6/2/2009,2:30:00,76441,10.259,3.51,,,,
651,6/2/2009,3:00:00,76441,10.161,3.51,,,,
652,6/2/2009,3:30:00,76457,10.063,3.51,,,,
653,6/2/2009,4:00:00,76489,9.965,3.51,,,,
654,6/2/2009,4:30:00,76489,9.866,3.51,,,,
655,6/2/2009,5:00:00,76505,9.768,3.51,,,,
656,6/2/2009,5:30:00,76521,9.669,3.51,,,,
657,6/2/2009,6:00:00,76537,9.571,3.54,,,,
658,6/2/2009,6:30:00,76538,9.472,3.54,,,,
659,6/2/2009,7:00:00,76554,9.373,3.54,,,,
660,6/2/2009,7:30:00,76584,9.373,3.54,,,,
661,6/2/2009,8:00:00,76584,9.373,3.54,,,,
662,6/2/2009,8:30:00,76584,9.472,3.54,,,,
663,6/2/2009,9:00:00,76568,9.571,3.54,,,,
664,6/2/2009,9:30:00,76567,9.669,3.51,,,,
665,6/2/2009,10:00:00,76567,9.768,3.51,,,,
666,6/2/2009,10:30:00,76581,9.965,3.51,,,,
667,6/2/2009,11:00:00,76581,10.063,3.51,,,,
668,6/2/2009,11:30:00,76579,10.357,3.51,,,,
669,6/2/2009,12:00:00,76563,10.553,3.51,,,,
670,6/2/2009,12:30:00,76545,10.944,3.51,,,,
671,6/2/2009,13:00:00,76512,11.334,3.51,,,,
672,6/2/2009,13:30:00,76510,11.625,3.51,,,,
673,6/2/2009,14:00:00,76525,11.819,3.51,,,,
674,6/2/2009,14:30:00,76540,11.916,3.51,,,,
675,6/2/2009,15:00:00,76524,11.916,3.51,,,,
676,6/2/2009,15:30:00,76508,12.013,3.51,,,,
677,6/2/2009,16:00:00,76539,12.013,3.54,,,,
678,6/2/2009,16:30:00,76539,12.013,3.54,,,,
679,6/2/2009,17:00:00,76600,12.11,3.54,,,,
680,6/2/2009,17:30:00,76616,12.11,3.54,,,,
681,6/2/2009,18:00:00,76600,12.11,3.54,,,,
682,6/2/2009,18:30:00,76616,12.11,3.54,,,,
683,6/2/2009,19:00:00,76616,12.013,3.54,,,,
684,6/2/2009,19:30:00,76632,12.013,3.54,,,,
685,6/2/2009,20:00:00,76663,11.916,3.54,,,,
686,6/2/2009,20:30:00,76725,11.819,3.54,,,,
687,6/2/2009,21:00:00,76741,11.819,3.51,,,,
688,6/2/2009,21:30:00,76772,11.722,3.51,,,,
689,6/2/2009,22:00:00,76773,11.528,3.51,,,,
690,6/2/2009,22:30:00,76789,11.431,3.51,,,,
691,6/2/2009,23:00:00,76820,11.334,3.51,,,,
692,6/2/2009,23:30:00,76836,11.236,3.51,,,,
693,6/3/2009,0:00:00,76837,11.139,3.51,,,,
694,6/3/2009,0:30:00,76821,11.139,3.51,,,,
695,6/3/2009,1:00:00,76837,11.041,3.51,,,,
696,6/3/2009,1:30:00,76838,10.944,3.51,,,,
697,6/3/2009,2:00:00,76838,10.846,3.51,,,,
698,6/3/2009,2:30:00,76854,10.748,3.51,,,,
699,6/3/2009,3:00:00,76855,10.553,3.51,,,,
700,6/3/2009,3:30:00,76856,10.455,3.51,,,,
701,6/3/2009,4:00:00,76841,10.357,3.51,,,,
702,6/3/2009,4:30:00,76903,10.259,3.51,,,,
703,6/3/2009,5:00:00,76858,10.063,3.51,,,,
704,6/3/2009,5:30:00,76843,9.965,3.51,,,,
705,6/3/2009,6:00:00,76905,9.965,3.51,,,,
706,6/3/2009,6:30:00,76921,9.866,3.51,,,,
707,6/3/2009,7:00:00,76952,9.768,3.51,,,,
708,6/3/2009,7:30:00,76967,9.768,3.51,,,,
709,6/3/2009,8:00:00,76983,9.768,3.51,,,,
710,6/3/2009,8:30:00,76967,9.768,3.51,,,,
711,6/3/2009,9:00:00,76967,9.866,3.51,,,,
712,6/3/2009,9:30:00,76982,9.866,3.51,,,,
713,6/3/2009,10:00:00,76951,9.965,3.51,,,,
714,6/3/2009,10:30:00,76935,10.161,3.51,,,,
715,6/3/2009,11:00:00,76902,10.455,3.51,,,,
716,6/3/2009,11:30:00,76885,10.846,3.51,,,,
717,6/3/2009,12:00:00,76882,11.334,3.51,,,,
718,6/3/2009,12:30:00,76849,11.722,3.51,,,,
719,6/3/2009,13:00:00,76848,11.916,3.51,,,,
720,6/3/2009,13:30:00,76801,12.11,3.54,,,,
721,6/3/2009,14:00:00,76799,12.401,3.54,,,,
722,6/3/2009,14:30:00,76829,12.594,3.54,,,,
723,6/3/2009,15:00:00,76829,12.594,3.54,,,,
724,6/3/2009,15:30:00,76783,12.594,3.54,,,,
725,6/3/2009,16:00:00,76783,12.594,3.54,,,,
726,6/3/2009,16:30:00,76782,12.787,3.54,,,,
727,6/3/2009,17:00:00,76796,12.883,3.54,,,,
728,6/3/2009,17:30:00,76750,12.883,3.54,,,,
729,6/3/2009,18:00:00,76735,12.883,3.54,,,,
730,6/3/2009,18:30:00,76782,12.787,3.54,,,,
731,6/3/2009,19:00:00,76813,12.69,3.54,,,,
732,6/3/2009,19:30:00,76860,12.594,3.54,,,,
733,6/3/2009,20:00:00,76876,12.497,3.54,,,,
734,6/3/2009,20:30:00,76907,12.401,3.54,,,,
735,6/3/2009,21:00:00,76923,12.207,3.54,,,,
736,6/3/2009,21:30:00,76955,12.013,3.54,,,,
737,6/3/2009,22:00:00,77002,11.916,3.54,,,,
738,6/3/2009,22:30:00,76988,11.722,3.54,,,,
739,6/3/2009,23:00:00,76957,11.625,3.51,,,,
740,6/3/2009,23:30:00,76927,11.528,3.51,,,,
741,6/4/2009,0:00:00,76912,11.528,3.51,,,,
742,6/4/2009,0:30:00,76897,11.431,3.51,,,,
743,6/4/2009,1:00:00,76897,11.334,3.51,,,,
744,6/4/2009,1:30:00,76898,11.139,3.51,,,,
745,6/4/2009,2:00:00,76868,11.041,3.51,,,,
746,6/4/2009,2:30:00,76900,10.846,3.51,,,,
747,6/4/2009,3:00:00,76885,10.748,3.51,,,,
748,6/4/2009,3:30:00,76886,10.553,3.51,,,,
749,6/4/2009,4:00:00,76902,10.455,3.51,,,,
750,6/4/2009,4:30:00,76934,10.259,3.51,,,,
751,6/4/2009,5:00:00,76919,10.161,3.51,,,,
752,6/4/2009,5:30:00,76920,10.063,3.51,,,,
753,6/4/2009,6:00:00,76920,9.965,3.51,,,,
754,6/4/2009,6:30:00,76937,9.768,3.51,,,,
755,6/4/2009,7:00:00,76952,9.768,3.51,,,,
756,6/4/2009,7:30:00,76937,9.669,3.51,,,,
757,6/4/2009,8:00:00,76937,9.669,3.51,,,,
758,6/4/2009,8:30:00,76937,9.768,3.51,,,,
759,6/4/2009,9:00:00,76921,9.866,3.51,,,,
760,6/4/2009,9:30:00,76920,9.965,3.51,,,,
761,6/4/2009,10:00:00,76904,10.063,3.51,,,,
762,6/4/2009,10:30:00,76903,10.259,3.51,,,,
763,6/4/2009,11:00:00,76902,10.553,3.51,,,,
764,6/4/2009,11:30:00,76884,10.944,3.51,,,,
765,6/4/2009,12:00:00,76866,11.431,3.51,,,,
766,6/4/2009,12:30:00,76833,11.819,3.51,,,,
767,6/4/2009,13:00:00,76831,12.11,3.54,,,,
768,6/4/2009,13:30:00,76845,12.401,3.54,,,,
769,6/4/2009,14:00:00,76828,12.69,3.54,,,,
770,6/4/2009,14:30:00,76796,12.98,3.54,,,,
771,6/4/2009,15:00:00,76763,13.365,3.54,,,,
772,6/4/2009,15:30:00,76746,13.654,3.54,,,,
773,6/4/2009,16:00:00,76729,14.038,3.54,,,,
774,6/4/2009,16:30:00,76697,14.23,3.54,,,,
775,6/4/2009,17:00:00,76696,14.325,3.54,,,,
776,6/4/2009,17:30:00,76681,14.325,3.54,,,,
777,6/4/2009,18:00:00,76712,14.23,3.54,,,,
778,6/4/2009,18:30:00,76728,14.134,3.54,,,,
779,6/4/2009,19:00:00,76759,14.038,3.54,,,,
780,6/4/2009,19:30:00,76760,13.846,3.54,,,,
781,6/4/2009,20:00:00,76776,13.75,3.54,,,,
782,6/4/2009,20:30:00,76777,13.654,3.54,,,,
783,6/4/2009,21:00:00,76824,13.558,3.54,,,,
784,6/4/2009,21:30:00,76809,13.365,3.54,,,,
785,6/4/2009,22:00:00,76810,13.269,3.54,,,,
786,6/4/2009,22:30:00,76795,13.076,3.54,,,,
787,6/4/2009,23:00:00,76781,12.98,3.54,,,,
788,6/4/2009,23:30:00,76720,12.787,3.54,,,,
789,6/5/2009,0:00:00,76721,12.594,3.54,,,,
790,6/5/2009,0:30:00,76737,12.401,3.54,,,,
791,6/5/2009,1:00:00,76707,12.304,3.54,,,,
792,6/5/2009,1:30:00,76677,12.207,3.54,,,,
793,6/5/2009,2:00:00,76678,12.013,3.54,,,,
794,6/5/2009,2:30:00,76725,11.916,3.54,,,,
795,6/5/2009,3:00:00,76694,11.916,3.54,,,,
796,6/5/2009,3:30:00,76710,11.722,3.54,,,,
797,6/5/2009,4:00:00,76664,11.722,3.51,,,,
798,6/5/2009,4:30:00,76695,11.625,3.51,,,,
799,6/5/2009,5:00:00,76758,11.528,3.51,,,,
800,6/5/2009,5:30:00,76743,11.431,3.51,,,,
801,6/5/2009,6:00:00,76789,11.431,3.51,,,,
802,6/5/2009,6:30:00,76743,11.431,3.51,,,,
803,6/5/2009,7:00:00,76727,11.431,3.51,,,,
804,6/5/2009,7:30:00,76727,11.431,3.51,,,,
805,6/5/2009,8:00:00,76774,11.431,3.51,,,,
806,6/5/2009,8:30:00,76788,11.528,3.51,,,,
807,6/5/2009,9:00:00,76742,11.528,3.51,,,,
808,6/5/2009,9:30:00,76634,11.625,3.51,,,,
809,6/5/2009,10:00:00,76633,11.722,3.51,,,,
810,6/5/2009,10:30:00,76694,11.819,3.54,,,,
811,6/5/2009,11:00:00,76616,12.013,3.54,,,,
812,6/5/2009,11:30:00,76616,12.11,3.54,,,,
813,6/5/2009,12:00:00,76552,12.401,3.54,,,,
814,6/5/2009,12:30:00,76551,12.69,3.54,,,,
815,6/5/2009,13:00:00,76550,12.787,3.54,,,,
816,6/5/2009,13:30:00,76488,12.883,3.54,,,,
817,6/5/2009,14:00:00,76472,12.98,3.54,,,,
818,6/5/2009,14:30:00,76457,12.98,3.54,,,,
819,6/5/2009,15:00:00,76502,13.076,3.54,,,,
820,6/5/2009,15:30:00,76472,12.98,3.54,,,,
821,6/5/2009,16:00:00,76426,12.98,3.54,,,,
822,6/5/2009,16:30:00,76395,12.98,3.54,,,,
823,6/5/2009,17:00:00,76380,12.883,3.54,,,,
824,6/5/2009,17:30:00,76349,12.883,3.54,,,,
825,6/5/2009,18:00:00,76349,12.883,3.54,,,,
826,6/5/2009,18:30:00,76350,12.787,3.54,,,,
827,6/5/2009,19:00:00,76334,12.787,3.54,,,,
828,6/5/2009,19:30:00,76320,12.69,3.54,,,,
829,6/5/2009,20:00:00,76335,12.594,3.54,,,,
830,6/5/2009,20:30:00,76351,12.594,3.54,,,,
831,6/5/2009,21:00:00,76367,12.497,3.54,,,,
832,6/5/2009,21:30:00,76413,12.497,3.54,,,,
833,6/5/2009,22:00:00,76429,12.401,3.54,,,,
834,6/5/2009,22:30:00,76399,12.304,3.54,,,,
835,6/5/2009,23:00:00,76415,12.207,3.54,,,,
836,6/5/2009,23:30:00,76384,12.207,3.54,,,,
837,6/6/2009,0:00:00,76370,12.013,3.54,,,,
838,6/6/2009,0:30:00,76355,11.916,3.54,,,,
839,6/6/2009,1:00:00,76309,11.819,3.54,,,,
840,6/6/2009,1:30:00,76309,11.722,3.54,,,,
841,6/6/2009,2:00:00,76295,11.625,3.51,,,,
842,6/6/2009,2:30:00,76295,11.528,3.51,,,,
843,6/6/2009,3:00:00,76280,11.431,3.51,,,,
844,6/6/2009,3:30:00,76281,11.334,3.51,,,,
845,6/6/2009,4:00:00,76266,11.236,3.51,,,,
846,6/6/2009,4:30:00,76251,11.236,3.51,,,,
847,6/6/2009,5:00:00,76282,11.139,3.51,,,,
848,6/6/2009,5:30:00,76252,11.041,3.51,,,,
849,6/6/2009,6:00:00,76267,11.041,3.51,,,,
850,6/6/2009,6:30:00,76282,11.041,3.51,,,,
851,6/6/2009,7:00:00,76329,11.041,3.51,,,,
852,6/6/2009,7:30:00,76329,11.041,3.51,,,,
853,6/6/2009,8:00:00,76359,11.139,3.51,,,,
854,6/6/2009,8:30:00,76313,11.139,3.51,,,,
855,6/6/2009,9:00:00,76297,11.236,3.51,,,,
856,6/6/2009,9:30:00,76281,11.236,3.51,,,,
857,6/6/2009,10:00:00,76281,11.334,3.51,,,,
858,6/6/2009,10:30:00,76265,11.431,3.51,,,,
859,6/6/2009,11:00:00,76280,11.528,3.51,,,,
860,6/6/2009,11:30:00,76232,11.722,3.51,,,,
861,6/6/2009,12:00:00,76263,11.819,3.51,,,,
862,6/6/2009,12:30:00,76231,12.013,3.54,,,,
863,6/6/2009,13:00:00,76231,12.013,3.54,,,,
864,6/6/2009,13:30:00,76169,12.11,3.54,,,,
865,6/6/2009,14:00:00,76122,12.11,3.54,,,,
866,6/6/2009,14:30:00,76091,12.207,3.54,,,,
867,6/6/2009,15:00:00,76076,12.207,3.54,,,,
868,6/6/2009,15:30:00,76060,12.304,3.54,,,,
869,6/6/2009,16:00:00,76060,12.304,3.54,,,,
870,6/6/2009,16:30:00,76044,12.304,3.54,,,,
871,6/6/2009,17:00:00,76044,12.304,3.54,,,,
872,6/6/2009,17:30:00,76060,12.304,3.54,,,,
873,6/6/2009,18:00:00,76090,12.304,3.54,,,,
874,6/6/2009,18:30:00,76106,12.304,3.54,,,,
875,6/6/2009,19:00:00,76106,12.207,3.54,,,,
876,6/6/2009,19:30:00,76122,12.207,3.54,,,,
877,6/6/2009,20:00:00,76137,12.207,3.54,,,,
878,6/6/2009,20:30:00,76138,12.11,3.54,,,,
879,6/6/2009,21:00:00,76184,12.11,3.54,,,,
880,6/6/2009,21:30:00,76185,12.013,3.54,,,,
881,6/6/2009,22:00:00,76216,11.916,3.54,,,,
882,6/6/2009,22:30:00,76201,11.819,3.54,,,,
883,6/6/2009,23:00:00,76202,11.722,3.54,,,,
884,6/6/2009,23:30:00,76187,11.625,3.51,,,,
885,6/7/2009,0:00:00,76203,11.528,3.51,,,,
886,6/7/2009,0:30:00,76219,11.431,3.51,,,,
887,6/7/2009,1:00:00,76188,11.334,3.51,,,,
888,6/7/2009,1:30:00,76189,11.236,3.51,,,,
889,6/7/2009,2:00:00,76174,11.139,3.51,,,,
890,6/7/2009,2:30:00,76159,11.041,3.51,,,,
891,6/7/2009,3:00:00,76160,10.944,3.51,,,,
892,6/7/2009,3:30:00,76129,10.846,3.51,,,,
893,6/7/2009,4:00:00,76130,10.748,3.51,,,,
894,6/7/2009,4:30:00,76146,10.651,3.51,,,,
895,6/7/2009,5:00:00,76132,10.455,3.51,,,,
896,6/7/2009,5:30:00,76178,10.357,3.51,,,,
897,6/7/2009,6:00:00,76179,10.259,3.51,,,,
898,6/7/2009,6:30:00,76195,10.161,3.51,,,,
899,6/7/2009,7:00:00,76180,10.063,3.51,,,,
900,6/7/2009,7:30:00,76196,9.965,3.51,,,,
901,6/7/2009,8:00:00,76211,9.965,3.51,,,,
902,6/7/2009,8:30:00,76227,9.965,3.51,,,,
903,6/7/2009,9:00:00,76211,10.063,3.51,,,,
904,6/7/2009,9:30:00,76211,10.063,3.51,,,,
905,6/7/2009,10:00:00,76195,10.063,3.51,,,,
906,6/7/2009,10:30:00,76179,10.161,3.51,,,,
907,6/7/2009,11:00:00,76193,10.455,3.51,,,,
908,6/7/2009,11:30:00,76145,10.846,3.51,,,,
909,6/7/2009,12:00:00,76143,11.236,3.51,,,,
910,6/7/2009,12:30:00,76125,11.722,3.51,,,,
911,6/7/2009,13:00:00,76169,12.11,3.54,,,,
912,6/7/2009,13:30:00,76135,12.594,3.54,,,,
913,6/7/2009,14:00:00,76086,13.076,3.54,,,,
914,6/7/2009,14:30:00,76115,13.461,3.54,,,,
915,6/7/2009,15:00:00,76128,13.942,3.54,,,,
916,6/7/2009,15:30:00,76125,14.325,3.54,,,,
917,6/7/2009,16:00:00,76139,14.709,3.54,,,,
918,6/7/2009,16:30:00,76137,14.996,3.54,,,,
919,6/7/2009,17:00:00,76122,14.996,3.54,,,,
920,6/7/2009,17:30:00,76138,14.804,3.54,,,,
921,6/7/2009,18:00:00,76139,14.613,3.54,,,,
922,6/7/2009,18:30:00,76187,14.421,3.54,,,,
923,6/7/2009,19:00:00,76219,14.134,3.54,,,,
924,6/7/2009,19:30:00,76205,13.942,3.54,,,,
925,6/7/2009,20:00:00,76237,13.75,3.54,,,,
926,6/7/2009,20:30:00,76284,13.461,3.54,,,,
927,6/7/2009,21:00:00,76332,13.269,3.54,,,,
928,6/7/2009,21:30:00,76333,12.98,3.54,,,,
929,6/7/2009,22:00:00,76319,12.787,3.54,,,,
930,6/7/2009,22:30:00,76351,12.497,3.54,,,,
931,6/7/2009,23:00:00,76337,12.304,3.54,,,,
932,6/7/2009,23:30:00,76354,12.11,3.54,,,,
933,6/8/2009,0:00:00,76355,11.819,3.54,,,,
934,6/8/2009,0:30:00,76341,11.625,3.54,,,,
935,6/8/2009,1:00:00,76327,11.431,3.51,,,,
936,6/8/2009,1:30:00,76342,11.334,3.51,,,,
937,6/8/2009,2:00:00,76297,11.139,3.51,,,,
938,6/8/2009,2:30:00,76298,10.944,3.51,,,,
939,6/8/2009,3:00:00,76284,10.748,3.51,,,,
940,6/8/2009,3:30:00,76316,10.553,3.51,,,,
941,6/8/2009,4:00:00,76332,10.455,3.51,,,,
942,6/8/2009,4:30:00,76348,10.357,3.51,,,,
943,6/8/2009,5:00:00,76380,10.161,3.51,,,,
944,6/8/2009,5:30:00,76380,10.063,3.51,,,,
945,6/8/2009,6:00:00,76365,9.965,3.51,,,,
946,6/8/2009,6:30:00,76397,9.866,3.51,,,,
947,6/8/2009,7:00:00,76444,9.768,3.51,,,,
948,6/8/2009,7:30:00,76397,9.768,3.51,,,,
949,6/8/2009,8:00:00,76428,9.768,3.51,,,,
950,6/8/2009,8:30:00,76413,9.768,3.51,,,,
951,6/8/2009,9:00:00,76412,9.866,3.51,,,,
952,6/8/2009,9:30:00,76381,9.965,3.51,,,,
953,6/8/2009,10:00:00,76411,10.063,3.51,,,,
954,6/8/2009,10:30:00,76395,10.161,3.51,,,,
955,6/8/2009,11:00:00,76394,10.455,3.51,,,,
956,6/8/2009,11:30:00,76391,10.846,3.51,,,,
957,6/8/2009,12:00:00,76374,11.236,3.51,,,,
958,6/8/2009,12:30:00,76356,11.625,3.51,,,,
959,6/8/2009,13:00:00,76324,11.916,3.51,,,,
960,6/8/2009,13:30:00,76353,12.207,3.54,,,,
961,6/8/2009,14:00:00,76321,12.401,3.54,,,,
962,6/8/2009,14:30:00,76305,12.497,3.54,,,,
963,6/8/2009,15:00:00,76305,12.594,3.54,,,,
964,6/8/2009,15:30:00,76258,12.69,3.54,,,,
965,6/8/2009,16:00:00,76272,12.98,3.54,,,,
966,6/8/2009,16:30:00,76224,13.173,3.54,,,,
967,6/8/2009,17:00:00,76240,13.173,3.54,,,,
968,6/8/2009,17:30:00,76224,13.173,3.54,,,,
969,6/8/2009,18:00:00,76256,13.076,3.54,,,,
970,6/8/2009,18:30:00,76256,13.076,3.54,,,,
971,6/8/2009,19:00:00,76287,12.98,3.54,,,,
972,6/8/2009,19:30:00,76303,12.883,3.54,,,,
973,6/8/2009,20:00:00,76304,12.787,3.54,,,,
974,6/8/2009,20:30:00,76320,12.69,3.54,,,,
975,6/8/2009,21:00:00,76351,12.594,3.54,,,,
976,6/8/2009,21:30:00,76382,12.497,3.54,,,,
977,6/8/2009,22:00:00,76367,12.401,3.54,,,,
978,6/8/2009,22:30:00,76367,12.401,3.54,,,,
979,6/8/2009,23:00:00,76383,12.304,3.54,,,,
980,6/8/2009,23:30:00,76368,12.207,3.54,,,,
981,6/9/2009,0:00:00,76369,12.11,3.54,,,,
982,6/9/2009,0:30:00,76354,12.013,3.54,,,,
983,6/9/2009,1:00:00,76339,11.916,3.54,,,,
984,6/9/2009,1:30:00,76371,11.819,3.54,,,,
985,6/9/2009,2:00:00,76356,11.722,3.54,,,,
986,6/9/2009,2:30:00,76341,11.528,3.51,,,,
987,6/9/2009,3:00:00,76357,11.431,3.51,,,,
988,6/9/2009,3:30:00,76389,11.334,3.51,,,,
989,6/9/2009,4:00:00,76420,11.236,3.51,,,,
990,6/9/2009,4:30:00,76405,11.139,3.51,,,,
991,6/9/2009,5:00:00,76437,11.041,3.51,,,,
992,6/9/2009,5:30:00,76467,11.041,3.51,,,,
993,6/9/2009,6:00:00,76468,10.944,3.51,,,,
994,6/9/2009,6:30:00,76453,10.944,3.51,,,,
995,6/9/2009,7:00:00,76530,10.944,3.51,,,,
996,6/9/2009,7:30:00,76468,10.944,3.51,,,,
997,6/9/2009,8:00:00,76483,10.944,3.51,,,,
998,6/9/2009,8:30:00,76529,11.041,3.51,,,,
999,6/9/2009,9:00:00,76544,11.041,3.51,,,,
1000,6/9/2009,9:30:00,76559,11.139,3.51,,,,
1001,6/9/2009,10:00:00,76528,11.236,3.51,,,,
1002,6/9/2009,10:30:00,76543,11.236,3.51,,,,
1003,6/9/2009,11:00:00,76574,11.334,3.51,,,,
1004,6/9/2009,11:30:00,76589,11.431,3.51,,,,
1005,6/9/2009,12:00:00,76557,11.528,3.51,,,,
1006,6/9/2009,12:30:00,76494,11.819,3.51,,,,
1007,6/9/2009,13:00:00,76477,12.11,3.54,,,,
1008,6/9/2009,13:30:00,76476,12.304,3.54,,,,
1009,6/9/2009,14:00:00,76460,12.401,3.54,,,,
1010,6/9/2009,14:30:00,76506,12.401,3.54,,,,
1011,6/9/2009,15:00:00,76489,12.69,3.54,,,,
1012,6/9/2009,15:30:00,76566,12.787,3.54,,,,
1013,6/9/2009,16:00:00,76566,12.69,3.54,,,,
1014,6/9/2009,16:30:00,76505,12.594,3.54,,,,
1015,6/9/2009,17:00:00,76429,12.497,3.54,,,,
1016,6/9/2009,17:30:00,76383,12.401,3.54,,,,
1017,6/9/2009,18:00:00,76399,12.304,3.54,,,,
1018,6/9/2009,18:30:00,76461,12.207,3.54,,,,
1019,6/9/2009,19:00:00,76508,12.11,3.54,,,,
1020,6/9/2009,19:30:00,76524,12.013,3.54,,,,
1021,6/9/2009,20:00:00,76555,11.916,3.54,,,,
1022,6/9/2009,20:30:00,76540,11.819,3.54,,,,
1023,6/9/2009,21:00:00,76572,11.722,3.54,,,,
1024,6/9/2009,21:30:00,76557,11.625,3.51,,,,
1025,6/9/2009,22:00:00,76603,11.528,3.51,,,,
1026,6/9/2009,22:30:00,76619,11.431,3.51,,,,
1027,6/9/2009,23:00:00,76620,11.334,3.51,,,,
1028,6/9/2009,23:30:00,76528,11.236,3.51,,,,
1029,6/10/2009,0:00:00,76482,11.139,3.51,,,,
1030,6/10/2009,0:30:00,76436,11.139,3.51,,,,
1031,6/10/2009,1:00:00,76421,11.041,3.51,,,,
1032,6/10/2009,1:30:00,76453,10.944,3.51,,,,
1033,6/10/2009,2:00:00,76468,10.846,3.51,,,,
1034,6/10/2009,2:30:00,76530,10.846,3.51,,,,
1035,6/10/2009,3:00:00,76515,10.748,3.51,,,,
1036,6/10/2009,3:30:00,76593,10.651,3.51,,,,
1037,6/10/2009,4:00:00,76516,10.553,3.51,,,,
1038,6/10/2009,4:30:00,76563,10.455,3.51,,,,
1039,6/10/2009,5:00:00,76594,10.357,3.51,,,,
1040,6/10/2009,5:30:00,76641,10.259,3.51,,,,
1041,6/10/2009,6:00:00,76626,10.161,3.51,,,,
1042,6/10/2009,6:30:00,76550,10.063,3.51,,,,
1043,6/10/2009,7:00:00,76489,9.965,3.51,,,,
1044,6/10/2009,7:30:00,76550,9.965,3.51,,,,
1045,6/10/2009,8:00:00,76536,9.866,3.51,,,,
1046,6/10/2009,8:30:00,76443,9.866,3.51,,,,
1047,6/10/2009,9:00:00,76381,9.866,3.51,,,,
1048,6/10/2009,9:30:00,76335,9.866,3.51,,,,
1049,6/10/2009,10:00:00,76335,9.866,3.51,,,,
1050,6/10/2009,10:30:00,76304,9.965,3.51,,,,
1051,6/10/2009,11:00:00,76303,10.063,3.51,,,,
1052,6/10/2009,11:30:00,76257,10.063,3.51,,,,
1053,6/10/2009,12:00:00,76303,10.161,3.51,,,,
1054,6/10/2009,12:30:00,76302,10.259,3.51,,,,
1055,6/10/2009,13:00:00,76302,10.259,3.51,,,,
1056,6/10/2009,13:30:00,76302,10.357,3.51,,,,
1057,6/10/2009,14:00:00,76301,10.455,3.51,,,,
1058,6/10/2009,14:30:00,76285,10.651,3.51,,,,
1059,6/10/2009,15:00:00,76268,10.846,3.51,,,,
1060,6/10/2009,15:30:00,76298,11.041,3.51,,,,
1061,6/10/2009,16:00:00,76281,11.236,3.51,,,,
1062,6/10/2009,16:30:00,76264,11.528,3.51,,,,
1063,6/10/2009,17:00:00,76248,11.625,3.51,,,,
1064,6/10/2009,17:30:00,76233,11.625,3.51,,,,
1065,6/10/2009,18:00:00,76264,11.625,3.51,,,,
1066,6/10/2009,18:30:00,76279,11.625,3.51,,,,
1067,6/10/2009,19:00:00,76295,11.625,3.51,,,,
1068,6/10/2009,19:30:00,76311,11.528,3.51,,,,
1069,6/10/2009,20:00:00,76342,11.431,3.51,,,,
1070,6/10/2009,20:30:00,76358,11.236,3.51,,,,
1071,6/10/2009,21:00:00,76374,11.139,3.51,,,,
1072,6/10/2009,21:30:00,76390,11.041,3.51,,,,
1073,6/10/2009,22:00:00,76391,10.846,3.51,,,,
1074,6/10/2009,22:30:00,76377,10.748,3.51,,,,
1075,6/10/2009,23:00:00,76362,10.651,3.51,,,,
1076,6/10/2009,23:30:00,76362,10.553,3.51,,,,
1077,6/11/2009,0:00:00,76363,10.455,3.51,,,,
1078,6/11/2009,0:30:00,76379,10.357,3.51,,,,
1079,6/11/2009,1:00:00,76379,10.259,3.51,,,,
1080,6/11/2009,1:30:00,76364,10.161,3.51,,,,
1081,6/11/2009,2:00:00,76365,10.063,3.51,,,,
1082,6/11/2009,2:30:00,76365,9.965,3.51,,,,
1083,6/11/2009,3:00:00,76367,9.768,3.51,,,,
1084,6/11/2009,3:30:00,76352,9.669,3.51,,,,
1085,6/11/2009,4:00:00,76367,9.669,3.51,,,,
1086,6/11/2009,4:30:00,76383,9.571,3.54,,,,
1087,6/11/2009,5:00:00,76384,9.472,3.54,,,,
1088,6/11/2009,5:30:00,76415,9.373,3.54,,,,
1089,6/11/2009,6:00:00,76400,9.275,3.54,,,,
1090,6/11/2009,6:30:00,76416,9.275,3.54,,,,
1091,6/11/2009,7:00:00,76416,9.176,3.54,,,,
1092,6/11/2009,7:30:00,76462,9.176,3.54,,,,
1093,6/11/2009,8:00:00,76431,9.275,3.54,,,,
1094,6/11/2009,8:30:00,76431,9.275,3.54,,,,
1095,6/11/2009,9:00:00,76415,9.373,3.54,,,,
1096,6/11/2009,9:30:00,76414,9.472,3.54,,,,
1097,6/11/2009,10:00:00,76383,9.571,3.54,,,,
1098,6/11/2009,10:30:00,76383,9.669,3.51,,,,
1099,6/11/2009,11:00:00,76396,9.965,3.51,,,,
1100,6/11/2009,11:30:00,76348,10.259,3.51,,,,
1101,6/11/2009,12:00:00,76362,10.651,3.51,,,,
1102,6/11/2009,12:30:00,76344,11.041,3.51,,,,
1103,6/11/2009,13:00:00,76327,11.431,3.51,,,,
1104,6/11/2009,13:30:00,76340,11.722,3.51,,,,
1105,6/11/2009,14:00:00,76339,12.013,3.51,,,,
1106,6/11/2009,14:30:00,76337,12.304,3.54,,,,
1107,6/11/2009,15:00:00,76335,12.69,3.54,,,,
1108,6/11/2009,15:30:00,76287,13.076,3.54,,,,
1109,6/11/2009,16:00:00,76254,13.365,3.54,,,,
1110,6/11/2009,16:30:00,76269,13.558,3.54,,,,
1111,6/11/2009,17:00:00,76269,13.558,3.54,,,,
1112,6/11/2009,17:30:00,76284,13.461,3.54,,,,
1113,6/11/2009,18:00:00,76285,13.365,3.54,,,,
1114,6/11/2009,18:30:00,76301,13.269,3.54,,,,
1115,6/11/2009,19:00:00,76301,13.173,3.54,,,,
1116,6/11/2009,19:30:00,76317,13.076,3.54,,,,
1117,6/11/2009,20:00:00,76349,12.883,3.54,,,,
1118,6/11/2009,20:30:00,76381,12.69,3.54,,,,
1119,6/11/2009,21:00:00,76413,12.497,3.54,,,,
1120,6/11/2009,21:30:00,76430,12.304,3.54,,,,
1121,6/11/2009,22:00:00,76446,12.11,3.54,,,,
1122,6/11/2009,22:30:00,76447,11.916,3.54,,,,
1123,6/11/2009,23:00:00,76464,11.722,3.54,,,,
1124,6/11/2009,23:30:00,76434,11.528,3.51,,,,
1125,6/12/2009,0:00:00,76450,11.334,3.51,,,,
1126,6/12/2009,0:30:00,76451,11.236,3.51,,,,
1127,6/12/2009,1:00:00,76437,11.041,3.51,,,,
1128,6/12/2009,1:30:00,76438,10.846,3.51,,,,
1129,6/12/2009,2:00:00,76438,10.748,3.51,,,,
1130,6/12/2009,2:30:00,76470,10.553,3.51,,,,
1131,6/12/2009,3:00:00,76455,10.455,3.51,,,,
1132,6/12/2009,3:30:00,76456,10.259,3.51,,,,
1133,6/12/2009,4:00:00,76441,10.161,3.51,,,,
1134,6/12/2009,4:30:00,76458,9.965,3.51,,,,
1135,6/12/2009,5:00:00,76458,9.866,3.51,,,,
1136,6/12/2009,5:30:00,76459,9.768,3.51,,,,
1137,6/12/2009,6:00:00,76460,9.669,3.51,,,,
1138,6/12/2009,6:30:00,76460,9.669,3.51,,,,
1139,6/12/2009,7:00:00,76460,9.571,3.54,,,,
1140,6/12/2009,7:30:00,76476,9.571,3.54,,,,
1141,6/12/2009,8:00:00,76491,9.571,3.54,,,,
1142,6/12/2009,8:30:00,76522,9.571,3.54,,,,
1143,6/12/2009,9:00:00,76506,9.571,3.54,,,,
1144,6/12/2009,9:30:00,76506,9.669,3.51,,,,
1145,6/12/2009,10:00:00,76505,9.768,3.51,,,,
1146,6/12/2009,10:30:00,76489,9.866,3.51,,,,
1147,6/12/2009,11:00:00,76503,10.161,3.51,,,,
1148,6/12/2009,11:30:00,76500,10.651,3.51,,,,
1149,6/12/2009,12:00:00,76482,11.139,3.51,,,,
1150,6/12/2009,12:30:00,76480,11.528,3.51,,,,
1151,6/12/2009,13:00:00,76508,12.013,3.51,,,,
1152,6/12/2009,13:30:00,76506,12.497,3.54,,,,
1153,6/12/2009,14:00:00,76473,12.787,3.54,,,,
1154,6/12/2009,14:30:00,76486,13.269,3.54,,,,
1155,6/12/2009,15:00:00,76452,13.75,3.54,,,,
1156,6/12/2009,15:30:00,76465,14.23,3.54,,,,
1157,6/12/2009,16:00:00,76463,14.613,3.54,,,,
1158,6/12/2009,16:30:00,76462,14.9,3.54,,,,
1159,6/12/2009,17:00:00,76461,14.996,3.54,,,,
1160,6/12/2009,17:30:00,76446,14.9,3.54,,,,
1161,6/12/2009,18:00:00,76447,14.709,3.54,,,,
1162,6/12/2009,18:30:00,76448,14.517,3.54,,,,
1163,6/12/2009,19:00:00,76480,14.421,3.54,,,,
1164,6/12/2009,19:30:00,76496,14.23,3.54,,,,
1165,6/12/2009,20:00:00,76528,14.038,3.54,,,,
1166,6/12/2009,20:30:00,76545,13.75,3.54,,,,
1167,6/12/2009,21:00:00,76592,13.558,3.54,,,,
1168,6/12/2009,21:30:00,76609,13.365,3.54,,,,
1169,6/12/2009,22:00:00,76579,13.173,3.54,,,,
1170,6/12/2009,22:30:00,76580,12.98,3.54,,,,
1171,6/12/2009,23:00:00,76597,12.69,3.54,,,,
1172,6/12/2009,23:30:00,76598,12.497,3.54,,,,
1173,6/13/2009,0:00:00,76630,12.304,3.54,,,,
1174,6/13/2009,0:30:00,76631,12.11,3.54,,,,
1175,6/13/2009,1:00:00,76616,12.013,3.54,,,,
1176,6/13/2009,1:30:00,76602,11.819,3.54,,,,
1177,6/13/2009,2:00:00,76603,11.625,3.54,,,,
1178,6/13/2009,2:30:00,76573,11.528,3.51,,,,
1179,6/13/2009,3:00:00,76589,11.334,3.51,,,,
1180,6/13/2009,3:30:00,76605,11.236,3.51,,,,
1181,6/13/2009,4:00:00,76622,11.041,3.51,,,,
1182,6/13/2009,4:30:00,76637,10.944,3.51,,,,
1183,6/13/2009,5:00:00,76638,10.846,3.51,,,,
1184,6/13/2009,5:30:00,76669,10.748,3.51,,,,
1185,6/13/2009,6:00:00,76685,10.651,3.51,,,,
1186,6/13/2009,6:30:00,76685,10.651,3.51,,,,
1187,6/13/2009,7:00:00,76654,10.651,3.51,,,,
1188,6/13/2009,7:30:00,76685,10.651,3.51,,,,
1189,6/13/2009,8:00:00,76700,10.748,3.51,,,,
1190,6/13/2009,8:30:00,76731,10.748,3.51,,,,
1191,6/13/2009,9:00:00,76700,10.846,3.51,,,,
1192,6/13/2009,9:30:00,76715,10.944,3.51,,,,
1193,6/13/2009,10:00:00,76683,11.041,3.51,,,,
1194,6/13/2009,10:30:00,76683,11.139,3.51,,,,
1195,6/13/2009,11:00:00,76666,11.334,3.51,,,,
1196,6/13/2009,11:30:00,76665,11.625,3.51,,,,
1197,6/13/2009,12:00:00,76648,11.916,3.54,,,,
1198,6/13/2009,12:30:00,76614,12.401,3.54,,,,
1199,6/13/2009,13:00:00,76566,12.787,3.54,,,,
1200,6/13/2009,13:30:00,76563,13.269,3.54,,,,
1201,6/13/2009,14:00:00,76514,13.75,3.54,,,,
1202,6/13/2009,14:30:00,76543,14.134,3.54,,,,
1203,6/13/2009,15:00:00,76589,14.23,3.54,,,,
1204,6/13/2009,15:30:00,76496,14.23,3.54,,,,
1205,6/13/2009,16:00:00,76496,14.23,3.54,,,,
1206,6/13/2009,16:30:00,76512,14.23,3.54,,,,
1207,6/13/2009,17:00:00,76620,14.134,3.54,,,,
1208,6/13/2009,17:30:00,76482,14.038,3.54,,,,
1209,6/13/2009,18:00:00,76498,13.942,3.54,,,,
1210,6/13/2009,18:30:00,76483,13.846,3.54,,,,
1211,6/13/2009,19:00:00,76515,13.654,3.54,,,,
1212,6/13/2009,19:30:00,76515,13.558,3.54,,,,
1213,6/13/2009,20:00:00,76531,13.461,3.54,,,,
1214,6/13/2009,20:30:00,76548,13.269,3.54,,,,
1215,6/13/2009,21:00:00,76564,13.173,3.54,,,,
1216,6/13/2009,21:30:00,76595,13.076,3.54,,,,
1217,6/13/2009,22:00:00,76581,12.883,3.54,,,,
1218,6/13/2009,22:30:00,76627,12.787,3.54,,,,
1219,6/13/2009,23:00:00,76597,12.69,3.54,,,,
1220,6/13/2009,23:30:00,76613,12.594,3.54,,,,
1221,6/14/2009,0:00:00,76583,12.497,3.54,,,,
1222,6/14/2009,0:30:00,76552,12.401,3.54,,,,
1223,6/14/2009,1:00:00,76568,12.304,3.54,,,,
1224,6/14/2009,1:30:00,76585,12.11,3.54,,,,
1225,6/14/2009,2:00:00,76570,12.013,3.54,,,,
1226,6/14/2009,2:30:00,76555,11.916,3.54,,,,
1227,6/14/2009,3:00:00,76525,11.819,3.54,,,,
1228,6/14/2009,3:30:00,76510,11.722,3.54,,,,
1229,6/14/2009,4:00:00,76510,11.625,3.54,,,,
1230,6/14/2009,4:30:00,76511,11.528,3.51,,,,
1231,6/14/2009,5:00:00,76527,11.431,3.51,,,,
1232,6/14/2009,5:30:00,76543,11.334,3.51,,,,
1233,6/14/2009,6:00:00,76513,11.236,3.51,,,,
1234,6/14/2009,6:30:00,76528,11.236,3.51,,,,
1235,6/14/2009,7:00:00,76528,11.236,3.51,,,,
1236,6/14/2009,7:30:00,76559,11.236,3.51,,,,
1237,6/14/2009,8:00:00,76543,11.236,3.51,,,,
1238,6/14/2009,8:30:00,76543,11.334,3.51,,,,
1239,6/14/2009,9:00:00,76542,11.431,3.51,,,,
1240,6/14/2009,9:30:00,76557,11.528,3.51,,,,
1241,6/14/2009,10:00:00,76542,11.528,3.51,,,,
1242,6/14/2009,10:30:00,76557,11.625,3.51,,,,
1243,6/14/2009,11:00:00,76525,11.819,3.54,,,,
1244,6/14/2009,11:30:00,76508,12.013,3.54,,,,
1245,6/14/2009,12:00:00,76368,12.207,3.54,,,,
1246,6/14/2009,12:30:00,76476,12.304,3.54,,,,
1247,6/14/2009,13:00:00,76711,11.625,3.54,,,,
1248,6/14/2009,13:30:00,76556,11.819,3.54,,,,
1249,6/14/2009,14:00:00,76508,12.013,3.54,,,,
1250,6/14/2009,14:30:00,76414,12.304,3.54,,,,
1251,6/14/2009,15:00:00,76412,12.69,3.54,,,,
1252,6/14/2009,15:30:00,76395,12.98,3.54,,,,
1253,6/14/2009,16:00:00,76425,13.173,3.54,,,,
1254,6/14/2009,16:30:00,76316,13.269,3.54,,,,
1255,6/14/2009,17:00:00,76316,13.269,3.54,,,,
1256,6/14/2009,17:30:00,76316,13.269,3.54,,,,
1257,6/14/2009,18:00:00,76363,13.173,3.54,,,,
1258,6/14/2009,18:30:00,76379,13.076,3.54,,,,
1259,6/14/2009,19:00:00,76410,13.076,3.54,,,,
1260,6/14/2009,19:30:00,76364,12.98,3.54,,,,
1261,6/14/2009,20:00:00,76396,12.883,3.54,,,,
1262,6/14/2009,20:30:00,76396,12.787,3.54,,,,
1263,6/14/2009,21:00:00,76412,12.69,3.54,,,,
1264,6/14/2009,21:30:00,76429,12.497,3.54,,,,
1265,6/14/2009,22:00:00,76429,12.401,3.54,,,,
1266,6/14/2009,22:30:00,76460,12.304,3.54,,,,
1267,6/14/2009,23:00:00,76476,12.207,3.54,,,,
1268,6/14/2009,23:30:00,76477,12.013,3.54,,,,
1269,6/15/2009,0:00:00,76493,11.916,3.54,,,,
1270,6/15/2009,0:30:00,76479,11.819,3.54,,,,
1271,6/15/2009,1:00:00,76480,11.625,3.54,,,,
1272,6/15/2009,1:30:00,76465,11.528,3.51,,,,
1273,6/15/2009,2:00:00,76450,11.431,3.51,,,,
1274,6/15/2009,2:30:00,76435,11.334,3.51,,,,
1275,6/15/2009,3:00:00,76436,11.139,3.51,,,,
1276,6/15/2009,3:30:00,76421,11.041,3.51,,,,
1277,6/15/2009,4:00:00,76438,10.846,3.51,,,,
1278,6/15/2009,4:30:00,76423,10.748,3.51,,,,
1279,6/15/2009,5:00:00,76439,10.651,3.51,,,,
1280,6/15/2009,5:30:00,76440,10.455,3.51,,,,
1281,6/15/2009,6:00:00,76440,10.357,3.51,,,,
1282,6/15/2009,6:30:00,76456,10.259,3.51,,,,
1283,6/15/2009,7:00:00,76457,10.161,3.51,,,,
1284,6/15/2009,7:30:00,76472,10.161,3.51,,,,
1285,6/15/2009,8:00:00,76472,10.161,3.51,,,,
1286,6/15/2009,8:30:00,76472,10.161,3.51,,,,
1287,6/15/2009,9:00:00,76487,10.259,3.51,,,,
1288,6/15/2009,9:30:00,76456,10.259,3.51,,,,
1289,6/15/2009,10:00:00,76456,10.357,3.51,,,,
1290,6/15/2009,10:30:00,76424,10.455,3.51,,,,
1291,6/15/2009,11:00:00,76407,10.748,3.51,,,,
1292,6/15/2009,11:30:00,76421,11.139,3.51,,,,
1293,6/15/2009,12:00:00,76403,11.528,3.51,,,,
1294,6/15/2009,12:30:00,76370,11.916,3.51,,,,
1295,6/15/2009,13:00:00,76383,12.401,3.54,,,,
1296,6/15/2009,13:30:00,76350,12.787,3.54,,,,
1297,6/15/2009,14:00:00,76332,13.173,3.54,,,,
1298,6/15/2009,14:30:00,76315,13.558,3.54,,,,
1299,6/15/2009,15:00:00,76297,13.942,3.54,,,,
1300,6/15/2009,15:30:00,76281,14.134,3.54,,,,
1301,6/15/2009,16:00:00,76264,14.421,3.54,,,,
1302,6/15/2009,16:30:00,76247,14.709,3.54,,,,
1303,6/15/2009,17:00:00,76246,14.804,3.54,,,,
1304,6/15/2009,17:30:00,76231,14.804,3.54,,,,
1305,6/15/2009,18:00:00,76263,14.613,3.54,,,,
1306,6/15/2009,18:30:00,76279,14.517,3.54,,,,
1307,6/15/2009,19:00:00,76310,14.421,3.54,,,,
1308,6/15/2009,19:30:00,76311,14.23,3.54,,,,
1309,6/15/2009,20:00:00,76343,14.038,3.54,,,,
1310,6/15/2009,20:30:00,76359,13.846,3.54,,,,
1311,6/15/2009,21:00:00,76391,13.654,3.54,,,,
1312,6/15/2009,21:30:00,76439,13.461,3.54,,,,
1313,6/15/2009,22:00:00,76424,13.269,3.54,,,,
1314,6/15/2009,22:30:00,76425,13.076,3.54,,,,
1315,6/15/2009,23:00:00,76411,12.883,3.54,,,,
1316,6/15/2009,23:30:00,76427,12.787,3.54,,,,
1317,6/16/2009,0:00:00,76428,12.594,3.54,,,,
1318,6/16/2009,0:30:00,76429,12.401,3.54,,,,
1319,6/16/2009,1:00:00,76415,12.207,3.54,,,,
1320,6/16/2009,1:30:00,76400,12.11,3.54,,,,
1321,6/16/2009,2:00:00,76432,11.916,3.54,,,,
1322,6/16/2009,2:30:00,76401,11.819,3.54,,,,
1323,6/16/2009,3:00:00,76403,11.625,3.54,,,,
1324,6/16/2009,3:30:00,76403,11.528,3.54,,,,
1325,6/16/2009,4:00:00,76419,11.431,3.51,,,,
1326,6/16/2009,4:30:00,76420,11.236,3.51,,,,
1327,6/16/2009,5:00:00,76421,11.139,3.51,,,,
1328,6/16/2009,5:30:00,76437,11.041,3.51,,,,
1329,6/16/2009,6:00:00,76438,10.846,3.51,,,,
1330,6/16/2009,6:30:00,76469,10.748,3.51,,,,
1331,6/16/2009,7:00:00,76484,10.748,3.51,,,,
1332,6/16/2009,7:30:00,76516,10.651,3.51,,,,
1333,6/16/2009,8:00:00,76531,10.651,3.51,,,,
1334,6/16/2009,8:30:00,76516,10.651,3.51,,,,
1335,6/16/2009,9:00:00,76515,10.748,3.51,,,,
1336,6/16/2009,9:30:00,76530,10.846,3.51,,,,
1337,6/16/2009,10:00:00,76499,10.846,3.51,,,,
1338,6/16/2009,10:30:00,76514,11.041,3.51,,,,
1339,6/16/2009,11:00:00,76513,11.236,3.51,,,,
1340,6/16/2009,11:30:00,76511,11.528,3.51,,,,
1341,6/16/2009,12:00:00,76525,11.819,3.51,,,,
1342,6/16/2009,12:30:00,76476,12.207,3.54,,,,
1343,6/16/2009,13:00:00,76459,12.594,3.54,,,,
1344,6/16/2009,13:30:00,76440,13.173,3.54,,,,
1345,6/16/2009,14:00:00,76438,13.654,3.54,,,,
1346,6/16/2009,14:30:00,76450,14.134,3.54,,,,
1347,6/16/2009,15:00:00,76401,14.709,3.54,,,,
1348,6/16/2009,15:30:00,76414,15.187,3.51,,,,
1349,6/16/2009,16:00:00,76396,15.569,3.54,,,,
1350,6/16/2009,16:30:00,76394,15.951,3.54,,,,
1351,6/16/2009,17:00:00,76394,15.951,3.54,,,,
1352,6/16/2009,17:30:00,76364,15.855,3.54,,,,
1353,6/16/2009,18:00:00,76365,15.664,3.54,,,,
1354,6/16/2009,18:30:00,76381,15.473,3.54,,,,
1355,6/16/2009,19:00:00,76367,15.282,3.54,,,,
1356,6/16/2009,19:30:00,76383,15.091,3.54,,,,
1357,6/16/2009,20:00:00,76400,14.9,3.57,,,,
1358,6/16/2009,20:30:00,76401,14.709,3.57,,,,
1359,6/16/2009,21:00:00,76418,14.421,3.54,,,,
1360,6/16/2009,21:30:00,76419,14.23,3.54,,,,
1361,6/16/2009,22:00:00,76450,14.134,3.54,,,,
1362,6/16/2009,22:30:00,76498,13.942,3.54,,,,
1363,6/16/2009,23:00:00,76499,13.75,3.54,,,,
1364,6/16/2009,23:30:00,76515,13.558,3.54,,,,
1365,6/17/2009,0:00:00,76516,13.461,3.54,,,,
1366,6/17/2009,0:30:00,76517,13.269,3.54,,,,
1367,6/17/2009,1:00:00,76518,13.076,3.54,,,,
1368,6/17/2009,1:30:00,76503,12.98,3.54,,,,
1369,6/17/2009,2:00:00,76504,12.787,3.54,,,,
1370,6/17/2009,2:30:00,76505,12.594,3.54,,,,
1371,6/17/2009,3:00:00,76522,12.401,3.54,,,,
1372,6/17/2009,3:30:00,76522,12.304,3.54,,,,
1373,6/17/2009,4:00:00,76508,12.11,3.54,,,,
1374,6/17/2009,4:30:00,76508,12.013,3.54,,,,
1375,6/17/2009,5:00:00,76525,11.819,3.54,,,,
1376,6/17/2009,5:30:00,76541,11.625,3.54,,,,
1377,6/17/2009,6:00:00,76542,11.528,3.54,,,,
1378,6/17/2009,6:30:00,76558,11.431,3.51,,,,
1379,6/17/2009,7:00:00,76589,11.334,3.51,,,,
1380,6/17/2009,7:30:00,76605,11.236,3.51,,,,
1381,6/17/2009,8:00:00,76605,11.236,3.51,,,,
1382,6/17/2009,8:30:00,76636,11.236,3.51,,,,
1383,6/17/2009,9:00:00,76604,11.334,3.51,,,,
1384,6/17/2009,9:30:00,76589,11.334,3.51,,,,
1385,6/17/2009,10:00:00,76589,11.431,3.51,,,,
1386,6/17/2009,10:30:00,76557,11.625,3.51,,,,
1387,6/17/2009,11:00:00,76540,11.819,3.54,,,,
1388,6/17/2009,11:30:00,76569,12.11,3.54,,,,
1389,6/17/2009,12:00:00,76583,12.401,3.54,,,,
1390,6/17/2009,12:30:00,76598,12.497,3.54,,,,
1391,6/17/2009,13:00:00,76536,12.594,3.54,,,,
1392,6/17/2009,13:30:00,76550,12.787,3.54,,,,
1393,6/17/2009,14:00:00,76487,13.076,3.54,,,,
1394,6/17/2009,14:30:00,76469,13.461,3.54,,,,
1395,6/17/2009,15:00:00,76437,13.75,3.54,,,,
1396,6/17/2009,15:30:00,76390,13.942,3.54,,,,
1397,6/17/2009,16:00:00,76374,14.038,3.54,,,,
1398,6/17/2009,16:30:00,76357,14.23,3.54,,,,
1399,6/17/2009,17:00:00,76388,14.23,3.54,,,,
1400,6/17/2009,17:30:00,76357,14.23,3.54,,,,
1401,6/17/2009,18:00:00,76327,14.134,3.54,,,,
1402,6/17/2009,18:30:00,76312,14.038,3.54,,,,
1403,6/17/2009,19:00:00,76359,13.942,3.54,,,,
1404,6/17/2009,19:30:00,76313,13.846,3.54,,,,
1405,6/17/2009,20:00:00,76345,13.75,3.54,,,,
1406,6/17/2009,20:30:00,76376,13.654,3.54,,,,
1407,6/17/2009,21:00:00,76392,13.558,3.54,,,,
1408,6/17/2009,21:30:00,76392,13.461,3.54,,,,
1409,6/17/2009,22:00:00,76378,13.365,3.54,,,,
1410,6/17/2009,22:30:00,76394,13.173,3.54,,,,
1411,6/17/2009,23:00:00,76379,13.076,3.54,,,,
1412,6/17/2009,23:30:00,76365,12.883,3.54,,,,
1413,6/18/2009,0:00:00,76365,12.787,3.54,,,,
1414,6/18/2009,0:30:00,76382,12.594,3.54,,,,
1415,6/18/2009,1:00:00,76367,12.497,3.54,,,,
1416,6/18/2009,1:30:00,76383,12.304,3.54,,,,
1417,6/18/2009,2:00:00,76369,12.11,3.54,,,,
1418,6/18/2009,2:30:00,76370,12.013,3.54,,,,
1419,6/18/2009,3:00:00,76371,11.819,3.54,,,,
1420,6/18/2009,3:30:00,76371,11.722,3.54,,,,
1421,6/18/2009,4:00:00,76341,11.625,3.54,,,,
1422,6/18/2009,4:30:00,76357,11.431,3.54,,,,
1423,6/18/2009,5:00:00,76420,11.334,3.51,,,,
1424,6/18/2009,5:30:00,76435,11.236,3.51,,,,
1425,6/18/2009,6:00:00,76451,11.139,3.51,,,,
1426,6/18/2009,6:30:00,76483,11.041,3.51,,,,
1427,6/18/2009,7:00:00,76483,10.944,3.51,,,,
1428,6/18/2009,7:30:00,76484,10.846,3.51,,,,
1429,6/18/2009,8:00:00,76468,10.846,3.51,,,,
1430,6/18/2009,8:30:00,76453,10.846,3.51,,,,
1431,6/18/2009,9:00:00,76437,10.944,3.51,,,,
1432,6/18/2009,9:30:00,76390,11.041,3.51,,,,
1433,6/18/2009,10:00:00,76405,11.139,3.51,,,,
1434,6/18/2009,10:30:00,76374,11.236,3.51,,,,
1435,6/18/2009,11:00:00,76357,11.528,3.51,,,,
1436,6/18/2009,11:30:00,76370,11.916,3.54,,,,
1437,6/18/2009,12:00:00,76337,12.401,3.54,,,,
1438,6/18/2009,12:30:00,76335,12.69,3.54,,,,
1439,6/18/2009,13:00:00,76302,13.076,3.54,,,,
1440,6/18/2009,13:30:00,76286,13.269,3.54,,,,
1441,6/18/2009,14:00:00,76269,13.461,3.54,,,,
1442,6/18/2009,14:30:00,76238,13.558,3.54,,,,
1443,6/18/2009,15:00:00,76237,13.654,3.54,,,,
1444,6/18/2009,15:30:00,76205,13.942,3.54,,,,
1445,6/18/2009,16:00:00,76189,14.038,3.54,,,,
1446,6/18/2009,16:30:00,76157,14.23,3.54,,,,
1447,6/18/2009,17:00:00,76141,14.23,3.54,,,,
1448,6/18/2009,17:30:00,76172,14.23,3.54,,,,
1449,6/18/2009,18:00:00,76172,14.23,3.54,,,,
1450,6/18/2009,18:30:00,76188,14.134,3.54,,,,
1451,6/18/2009,19:00:00,76173,14.038,3.54,,,,
1452,6/18/2009,19:30:00,76189,13.942,3.54,,,,
1453,6/18/2009,20:00:00,76205,13.846,3.54,,,,
1454,6/18/2009,20:30:00,76237,13.654,3.54,,,,
1455,6/18/2009,21:00:00,76269,13.558,3.54,,,,
1456,6/18/2009,21:30:00,76285,13.365,3.54,,,,
1457,6/18/2009,22:00:00,76286,13.269,3.54,,,,
1458,6/18/2009,22:30:00,76301,13.173,3.54,,,,
1459,6/18/2009,23:00:00,76287,12.98,3.54,,,,
1460,6/18/2009,23:30:00,76288,12.883,3.54,,,,
1461,6/19/2009,0:00:00,76288,12.787,3.54,,,,
1462,6/19/2009,0:30:00,76304,12.69,3.54,,,,
1463,6/19/2009,1:00:00,76289,12.594,3.54,,,,
1464,6/19/2009,1:30:00,76305,12.497,3.54,,,,
1465,6/19/2009,2:00:00,76306,12.304,3.54,,,,
1466,6/19/2009,2:30:00,76261,12.207,3.54,,,,
1467,6/19/2009,3:00:00,76261,12.11,3.54,,,,
1468,6/19/2009,3:30:00,76246,12.013,3.54,,,,
1469,6/19/2009,4:00:00,76278,11.916,3.54,,,,
1470,6/19/2009,4:30:00,76278,11.819,3.54,,,,
1471,6/19/2009,5:00:00,76294,11.722,3.54,,,,
1472,6/19/2009,5:30:00,76310,11.625,3.54,,,,
1473,6/19/2009,6:00:00,76311,11.528,3.54,,,,
1474,6/19/2009,6:30:00,76357,11.431,3.51,,,,
1475,6/19/2009,7:00:00,76373,11.334,3.51,,,,
1476,6/19/2009,7:30:00,76389,11.334,3.51,,,,
1477,6/19/2009,8:00:00,76373,11.334,3.51,,,,
1478,6/19/2009,8:30:00,76373,11.334,3.51,,,,
1479,6/19/2009,9:00:00,76373,11.431,3.51,,,,
1480,6/19/2009,9:30:00,76373,11.431,3.51,,,,
1481,6/19/2009,10:00:00,76372,11.528,3.51,,,,
1482,6/19/2009,10:30:00,76372,11.625,3.51,,,,
1483,6/19/2009,11:00:00,76355,11.916,3.54,,,,
1484,6/19/2009,11:30:00,76337,12.401,3.54,,,,
1485,6/19/2009,12:00:00,76303,12.883,3.54,,,,
1486,6/19/2009,12:30:00,76270,13.269,3.54,,,,
1487,6/19/2009,13:00:00,76268,13.654,3.54,,,,
1488,6/19/2009,13:30:00,76234,14.134,3.54,,,,
1489,6/19/2009,14:00:00,76216,14.613,3.54,,,,
1490,6/19/2009,14:30:00,76183,15.091,3.54,,,,
1491,6/19/2009,15:00:00,76164,15.664,3.54,,,,
1492,6/19/2009,15:30:00,76162,16.046,3.54,,,,
1493,6/19/2009,16:00:00,76146,16.237,3.54,,,,
1494,6/19/2009,16:30:00,76146,16.237,3.54,,,,
1495,6/19/2009,17:00:00,76130,16.237,3.54,,,,
1496,6/19/2009,17:30:00,76162,16.141,3.54,,,,
1497,6/19/2009,18:00:00,76178,15.951,3.54,,,,
1498,6/19/2009,18:30:00,76163,15.855,3.54,,,,
1499,6/19/2009,19:00:00,76180,15.664,3.54,,,,
1500,6/19/2009,19:30:00,76149,15.569,3.54,,,,
1501,6/19/2009,20:00:00,76166,15.378,3.54,,,,
1502,6/19/2009,20:30:00,76182,15.282,3.54,,,,
1503,6/19/2009,21:00:00,76214,15.091,3.54,,,,
1504,6/19/2009,21:30:00,76199,14.996,3.57,,,,
1505,6/19/2009,22:00:00,76184,14.9,3.57,,,,
1506,6/19/2009,22:30:00,76169,14.804,3.57,,,,
1507,6/19/2009,23:00:00,76200,14.709,3.57,,,,
1508,6/19/2009,23:30:00,76201,14.613,3.57,,,,
1509,6/20/2009,0:00:00,76202,14.421,3.54,,,,
1510,6/20/2009,0:30:00,76249,14.325,3.54,,,,
1511,6/20/2009,1:00:00,76218,14.325,3.54,,,,
1512,6/20/2009,1:30:00,76219,14.23,3.54,,,,
1513,6/20/2009,2:00:00,76188,14.134,3.54,,,,
1514,6/20/2009,2:30:00,76204,14.134,3.54,,,,
1515,6/20/2009,3:00:00,76189,14.038,3.54,,,,
1516,6/20/2009,3:30:00,76158,13.942,3.54,,,,
1517,6/20/2009,4:00:00,76144,13.846,3.54,,,,
1518,6/20/2009,4:30:00,76175,13.75,3.54,,,,
1519,6/20/2009,5:00:00,76191,13.654,3.54,,,,
1520,6/20/2009,5:30:00,76222,13.558,3.54,,,,
1521,6/20/2009,6:00:00,76207,13.461,3.54,,,,
1522,6/20/2009,6:30:00,76238,13.461,3.54,,,,
1523,6/20/2009,7:00:00,76254,13.365,3.54,,,,
1524,6/20/2009,7:30:00,76270,13.365,3.54,,,,
1525,6/20/2009,8:00:00,76255,13.269,3.54,,,,
1526,6/20/2009,8:30:00,76255,13.269,3.54,,,,
1527,6/20/2009,9:00:00,76286,13.269,3.54,,,,
1528,6/20/2009,9:30:00,76301,13.173,3.54,,,,
1529,6/20/2009,10:00:00,76348,13.173,3.54,,,,
1530,6/20/2009,10:30:00,76395,13.076,3.54,,,,
1531,6/20/2009,11:00:00,76364,13.076,3.54,,,,
1532,6/20/2009,11:30:00,76317,13.076,3.54,,,,
1533,6/20/2009,12:00:00,76256,13.076,3.54,,,,
1534,6/20/2009,12:30:00,76256,13.076,3.54,,,,
1535,6/20/2009,13:00:00,76224,13.269,3.54,,,,
1536,6/20/2009,13:30:00,76177,13.461,3.54,,,,
1537,6/20/2009,14:00:00,76190,13.75,3.54,,,,
1538,6/20/2009,14:30:00,76205,13.942,3.54,,,,
1539,6/20/2009,15:00:00,76220,13.942,3.54,,,,
1540,6/20/2009,15:30:00,76173,14.038,3.54,,,,
1541,6/20/2009,16:00:00,76188,14.134,3.54,,,,
1542,6/20/2009,16:30:00,76172,14.23,3.54,,,,
1543,6/20/2009,17:00:00,76188,14.23,3.54,,,,
1544,6/20/2009,17:30:00,76126,14.23,3.54,,,,
1545,6/20/2009,18:00:00,76188,14.23,3.54,,,,
1546,6/20/2009,18:30:00,76204,14.134,3.54,,,,
1547,6/20/2009,19:00:00,76250,14.134,3.54,,,,
1548,6/20/2009,19:30:00,76266,14.038,3.54,,,,
1549,6/20/2009,20:00:00,76298,13.846,3.54,,,,
1550,6/20/2009,20:30:00,76298,13.75,3.54,,,,
1551,6/20/2009,21:00:00,76346,13.558,3.54,,,,
1552,6/20/2009,21:30:00,76346,13.461,3.54,,,,
1553,6/20/2009,22:00:00,76347,13.269,3.54,,,,
1554,6/20/2009,22:30:00,76363,13.173,3.54,,,,
1555,6/20/2009,23:00:00,76349,12.98,3.54,,,,
1556,6/20/2009,23:30:00,76334,12.883,3.54,,,,
1557,6/21/2009,0:00:00,76319,12.787,3.54,,,,
1558,6/21/2009,0:30:00,76335,12.594,3.54,,,,
1559,6/21/2009,1:00:00,76321,12.497,3.54,,,,
1560,6/21/2009,1:30:00,76352,12.401,3.54,,,,
1561,6/21/2009,2:00:00,76368,12.304,3.54,,,,
1562,6/21/2009,2:30:00,76384,12.207,3.54,,,,
1563,6/21/2009,3:00:00,76400,12.013,3.54,,,,
1564,6/21/2009,3:30:00,76385,11.916,3.54,,,,
1565,6/21/2009,4:00:00,76386,11.819,3.54,,,,
1566,6/21/2009,4:30:00,76417,11.722,3.54,,,,
1567,6/21/2009,5:00:00,76403,11.625,3.54,,,,
1568,6/21/2009,5:30:00,76418,11.528,3.54,,,,
1569,6/21/2009,6:00:00,76434,11.431,3.54,,,,
1570,6/21/2009,6:30:00,76466,11.334,3.54,,,,
1571,6/21/2009,7:00:00,76497,11.334,3.51,,,,
1572,6/21/2009,7:30:00,76497,11.236,3.51,,,,
1573,6/21/2009,8:00:00,76497,11.236,3.51,,,,
1574,6/21/2009,8:30:00,76513,11.236,3.51,,,,
1575,6/21/2009,9:00:00,76497,11.236,3.51,,,,
1576,6/21/2009,9:30:00,76497,11.334,3.51,,,,
1577,6/21/2009,10:00:00,76450,11.431,3.51,,,,
1578,6/21/2009,10:30:00,76480,11.528,3.51,,,,
1579,6/21/2009,11:00:00,76464,11.722,3.54,,,,
1580,6/21/2009,11:30:00,76447,12.013,3.54,,,,
1581,6/21/2009,12:00:00,76460,12.401,3.54,,,,
1582,6/21/2009,12:30:00,76426,12.883,3.54,,,,
1583,6/21/2009,13:00:00,76409,13.269,3.54,,,,
1584,6/21/2009,13:30:00,76391,13.75,3.54,,,,
1585,6/21/2009,14:00:00,76389,14.134,3.54,,,,
1586,6/21/2009,14:30:00,76356,14.517,3.54,,,,
1587,6/21/2009,15:00:00,76324,14.709,3.54,,,,
1588,6/21/2009,15:30:00,76323,14.9,3.57,,,,
1589,6/21/2009,16:00:00,76291,14.996,3.57,,,,
1590,6/21/2009,16:30:00,76291,15.091,3.54,,,,
1591,6/21/2009,17:00:00,76291,15.091,3.54,,,,
1592,6/21/2009,17:30:00,76275,15.091,3.54,,,,
1593,6/21/2009,18:00:00,76276,14.996,3.57,,,,
1594,6/21/2009,18:30:00,76277,14.9,3.57,,,,
1595,6/21/2009,19:00:00,76292,14.804,3.57,,,,
1596,6/21/2009,19:30:00,76339,14.709,3.57,,,,
1597,6/21/2009,20:00:00,76340,14.613,3.57,,,,
1598,6/21/2009,20:30:00,76371,14.517,3.54,,,,
1599,6/21/2009,21:00:00,76372,14.421,3.54,,,,
1600,6/21/2009,21:30:00,76403,14.325,3.54,,,,
1601,6/21/2009,22:00:00,76434,14.23,3.54,,,,
1602,6/21/2009,22:30:00,76435,14.134,3.54,,,,
1603,6/21/2009,23:00:00,76435,14.038,3.54,,,,
1604,6/21/2009,23:30:00,76405,13.942,3.54,,,,
1605,6/22/2009,0:00:00,76421,13.846,3.54,,,,
1606,6/22/2009,0:30:00,76437,13.75,3.54,,,,
1607,6/22/2009,1:00:00,76423,13.558,3.54,,,,
1608,6/22/2009,1:30:00,76439,13.461,3.54,,,,
1609,6/22/2009,2:00:00,76424,13.365,3.54,,,,
1610,6/22/2009,2:30:00,76425,13.173,3.54,,,,
1611,6/22/2009,3:00:00,76410,13.076,3.54,,,,
1612,6/22/2009,3:30:00,76441,12.98,3.54,,,,
1613,6/22/2009,4:00:00,76442,12.787,3.54,,,,
1614,6/22/2009,4:30:00,76474,12.69,3.54,,,,
1615,6/22/2009,5:00:00,76474,12.594,3.54,,,,
1616,6/22/2009,5:30:00,76475,12.497,3.54,,,,
1617,6/22/2009,6:00:00,76491,12.401,3.54,,,,
1618,6/22/2009,6:30:00,76522,12.304,3.54,,,,
1619,6/22/2009,7:00:00,76538,12.207,3.54,,,,
1620,6/22/2009,7:30:00,76554,12.11,3.54,,,,
1621,6/22/2009,8:00:00,76585,12.11,3.54,,,,
1622,6/22/2009,8:30:00,76585,12.11,3.54,,,,
1623,6/22/2009,9:00:00,76569,12.207,3.54,,,,
1624,6/22/2009,9:30:00,76568,12.304,3.54,,,,
1625,6/22/2009,10:00:00,76568,12.304,3.54,,,,
1626,6/22/2009,10:30:00,76568,12.401,3.54,,,,
1627,6/22/2009,11:00:00,76582,12.69,3.54,,,,
1628,6/22/2009,11:30:00,76548,13.173,3.54,,,,
1629,6/22/2009,12:00:00,76546,13.654,3.54,,,,
1630,6/22/2009,12:30:00,76528,14.134,3.54,,,,
1631,6/22/2009,13:00:00,76525,14.613,3.54,,,,
1632,6/22/2009,13:30:00,76522,15.091,3.54,,,,
1633,6/22/2009,14:00:00,76489,15.569,3.54,,,,
1634,6/22/2009,14:30:00,76471,16.046,3.54,,,,
1635,6/22/2009,15:00:00,76437,16.523,3.54,,,,
1636,6/22/2009,15:30:00,76451,16.903,3.54,,,,
1637,6/22/2009,16:00:00,76418,17.189,3.54,,,,
1638,6/22/2009,16:30:00,76401,17.475,3.54,,,,
1639,6/22/2009,17:00:00,76385,17.57,3.54,,,,
1640,6/22/2009,17:30:00,76386,17.475,3.54,,,,
1641,6/22/2009,18:00:00,76387,17.284,3.54,,,,
1642,6/22/2009,18:30:00,76388,17.094,3.54,,,,
1643,6/22/2009,19:00:00,76374,16.903,3.54,,,,
1644,6/22/2009,19:30:00,76405,16.713,3.54,,,,
1645,6/22/2009,20:00:00,76422,16.427,3.54,,,,
1646,6/22/2009,20:30:00,76439,16.237,3.54,,,,
1647,6/22/2009,21:00:00,76471,16.046,3.54,,,,
1648,6/22/2009,21:30:00,76472,15.76,3.54,,,,
1649,6/22/2009,22:00:00,76520,15.569,3.54,,,,
1650,6/22/2009,22:30:00,76536,15.378,3.54,,,,
1651,6/22/2009,23:00:00,76537,15.187,3.54,,,,
1652,6/22/2009,23:30:00,76538,14.996,3.57,,,,
1653,6/23/2009,0:00:00,76539,14.9,3.57,,,,
1654,6/23/2009,0:30:00,76540,14.709,3.57,,,,
1655,6/23/2009,1:00:00,76540,14.613,3.57,,,,
1656,6/23/2009,1:30:00,76541,14.517,3.57,,,,
1657,6/23/2009,2:00:00,76557,14.421,3.54,,,,
1658,6/23/2009,2:30:00,76527,14.23,3.54,,,,
1659,6/23/2009,3:00:00,76512,14.134,3.54,,,,
1660,6/23/2009,3:30:00,76528,14.038,3.54,,,,
1661,6/23/2009,4:00:00,76544,13.942,3.54,,,,
1662,6/23/2009,4:30:00,76544,13.846,3.54,,,,
1663,6/23/2009,5:00:00,76545,13.75,3.54,,,,
1664,6/23/2009,5:30:00,76576,13.654,3.54,,,,
1665,6/23/2009,6:00:00,76607,13.654,3.54,,,,
1666,6/23/2009,6:30:00,76623,13.558,3.54,,,,
1667,6/23/2009,7:00:00,76639,13.461,3.54,,,,
1668,6/23/2009,7:30:00,76655,13.461,3.54,,,,
1669,6/23/2009,8:00:00,76639,13.461,3.54,,,,
1670,6/23/2009,8:30:00,76624,13.461,3.54,,,,
1671,6/23/2009,9:00:00,76623,13.558,3.54,,,,
1672,6/23/2009,9:30:00,76623,13.558,3.54,,,,
1673,6/23/2009,10:00:00,76623,13.654,3.54,,,,
1674,6/23/2009,10:30:00,76622,13.75,3.54,,,,
1675,6/23/2009,11:00:00,76606,13.846,3.54,,,,
1676,6/23/2009,11:30:00,76620,14.134,3.54,,,,
1677,6/23/2009,12:00:00,76573,14.325,3.54,,,,
1678,6/23/2009,12:30:00,76587,14.517,3.54,,,,
1679,6/23/2009,13:00:00,76555,14.709,3.57,,,,
1680,6/23/2009,13:30:00,76569,14.996,3.57,,,,
1681,6/23/2009,14:00:00,76569,15.091,3.54,,,,
1682,6/23/2009,14:30:00,76583,15.187,3.54,,,,
1683,6/23/2009,15:00:00,76599,15.187,3.54,,,,
1684,6/23/2009,15:30:00,76598,15.282,3.54,,,,
1685,6/23/2009,16:00:00,76552,15.378,3.54,,,,
1686,6/23/2009,16:30:00,76582,15.378,3.54,,,,
1687,6/23/2009,17:00:00,76582,15.473,3.54,,,,
1688,6/23/2009,17:30:00,76582,15.473,3.54,,,,
1689,6/23/2009,18:00:00,76629,15.378,3.54,,,,
1690,6/23/2009,18:30:00,76660,15.378,3.54,,,,
1691,6/23/2009,19:00:00,76691,15.282,3.54,,,,
1692,6/23/2009,19:30:00,76722,15.282,3.54,,,,
1693,6/23/2009,20:00:00,76722,15.187,3.54,,,,
1694,6/23/2009,20:30:00,76738,15.091,3.54,,,,
1695,6/23/2009,21:00:00,76770,14.996,3.57,,,,
1696,6/23/2009,21:30:00,76786,14.9,3.57,,,,
1697,6/23/2009,22:00:00,76786,14.9,3.57,,,,
1698,6/23/2009,22:30:00,76801,14.804,3.57,,,,
1699,6/23/2009,23:00:00,76817,14.709,3.57,,,,
1700,6/23/2009,23:30:00,76803,14.613,3.57,,,,
1701,6/24/2009,0:00:00,76803,14.613,3.57,,,,
1702,6/24/2009,0:30:00,76788,14.517,3.57,,,,
1703,6/24/2009,1:00:00,76804,14.421,3.57,,,,
1704,6/24/2009,1:30:00,76773,14.325,3.54,,,,
1705,6/24/2009,2:00:00,76774,14.23,3.54,,,,
1706,6/24/2009,2:30:00,76774,14.23,3.54,,,,
1707,6/24/2009,3:00:00,76774,14.134,3.54,,,,
1708,6/24/2009,3:30:00,76775,14.038,3.54,,,,
1709,6/24/2009,4:00:00,76790,14.038,3.54,,,,
1710,6/24/2009,4:30:00,76760,13.942,3.54,,,,
1711,6/24/2009,5:00:00,76791,13.846,3.54,,,,
1712,6/24/2009,5:30:00,76838,13.75,3.54,,,,
1713,6/24/2009,6:00:00,76823,13.75,3.54,,,,
1714,6/24/2009,6:30:00,76854,13.654,3.54,,,,
1715,6/24/2009,7:00:00,76839,13.654,3.54,,,,
1716,6/24/2009,7:30:00,76870,13.558,3.54,,,,
1717,6/24/2009,8:00:00,76870,13.558,3.54,,,,
1718,6/24/2009,8:30:00,76885,13.558,3.54,,,,
1719,6/24/2009,9:00:00,76900,13.654,3.54,,,,
1720,6/24/2009,9:30:00,76946,13.654,3.54,,,,
1721,6/24/2009,10:00:00,76915,13.75,3.54,,,,
1722,6/24/2009,10:30:00,76914,13.942,3.54,,,,
1723,6/24/2009,11:00:00,76928,14.134,3.54,,,,
1724,6/24/2009,11:30:00,76927,14.325,3.54,,,,
1725,6/24/2009,12:00:00,76910,14.613,3.54,,,,
1726,6/24/2009,12:30:00,76863,14.9,3.57,,,,
1727,6/24/2009,13:00:00,76831,15.091,3.54,,,,
1728,6/24/2009,13:30:00,76814,15.378,3.54,,,,
1729,6/24/2009,14:00:00,76813,15.473,3.54,,,,
1730,6/24/2009,14:30:00,76782,15.569,3.54,,,,
1731,6/24/2009,15:00:00,76812,15.664,3.54,,,,
1732,6/24/2009,15:30:00,76781,15.664,3.54,,,,
1733,6/24/2009,16:00:00,76782,15.569,3.54,,,,
1734,6/24/2009,16:30:00,76905,15.569,3.54,,,,
1735,6/24/2009,17:00:00,77060,15.569,3.54,,,,
1736,6/24/2009,17:30:00,76906,15.473,3.54,,,,
1737,6/24/2009,18:00:00,76906,15.378,3.54,,,,
1738,6/24/2009,18:30:00,76922,15.282,3.54,,,,
1739,6/24/2009,19:00:00,76923,15.187,3.54,,,,
1740,6/24/2009,19:30:00,76954,15.091,3.54,,,,
1741,6/24/2009,20:00:00,77016,14.996,3.57,,,,
1742,6/24/2009,20:30:00,77048,14.9,3.57,,,,
1743,6/24/2009,21:00:00,77032,14.9,3.57,,,,
1744,6/24/2009,21:30:00,77033,14.804,3.57,,,,
1745,6/24/2009,22:00:00,77018,14.709,3.57,,,,
1746,6/24/2009,22:30:00,77003,14.613,3.57,,,,
1747,6/24/2009,23:00:00,76973,14.517,3.57,,,,
1748,6/24/2009,23:30:00,76988,14.517,3.57,,,,
1749,6/25/2009,0:00:00,76973,14.421,3.57,,,,
1750,6/25/2009,0:30:00,76958,14.325,3.54,,,,
1751,6/25/2009,1:00:00,76959,14.23,3.54,,,,
1752,6/25/2009,1:30:00,76943,14.23,3.54,,,,
1753,6/25/2009,2:00:00,76944,14.134,3.54,,,,
1754,6/25/2009,2:30:00,76944,14.038,3.54,,,,
1755,6/25/2009,3:00:00,76930,13.942,3.54,,,,
1756,6/25/2009,3:30:00,76930,13.942,3.54,,,,
1757,6/25/2009,4:00:00,76961,13.846,3.54,,,,
1758,6/25/2009,4:30:00,76961,13.846,3.54,,,,
1759,6/25/2009,5:00:00,76946,13.75,3.54,,,,
1760,6/25/2009,5:30:00,76961,13.75,3.54,,,,
1761,6/25/2009,6:00:00,76946,13.75,3.54,,,,
1762,6/25/2009,6:30:00,76977,13.75,3.54,,,,
1763,6/25/2009,7:00:00,76992,13.75,3.54,,,,
1764,6/25/2009,7:30:00,77008,13.75,3.54,,,,
1765,6/25/2009,8:00:00,76992,13.75,3.54,,,,
1766,6/25/2009,8:30:00,76992,13.846,3.54,,,,
1767,6/25/2009,9:00:00,76976,13.846,3.54,,,,
1768,6/25/2009,9:30:00,76991,13.942,3.54,,,,
1769,6/25/2009,10:00:00,76975,14.038,3.54,,,,
1770,6/25/2009,10:30:00,76975,14.038,3.54,,,,
1771,6/25/2009,11:00:00,77006,14.134,3.54,,,,
1772,6/25/2009,11:30:00,77006,14.134,3.54,,,,
1773,6/25/2009,12:00:00,76974,14.23,3.54,,,,
1774,6/25/2009,12:30:00,76927,14.325,3.54,,,,
1775,6/25/2009,13:00:00,76926,14.517,3.54,,,,
1776,6/25/2009,13:30:00,76880,14.613,3.57,,,,
1777,6/25/2009,14:00:00,76833,14.709,3.57,,,,
1778,6/25/2009,14:30:00,76801,14.9,3.57,,,,
1779,6/25/2009,15:00:00,76785,15.091,3.54,,,,
1780,6/25/2009,15:30:00,76753,15.282,3.54,,,,
1781,6/25/2009,16:00:00,76736,15.569,3.54,,,,
1782,6/25/2009,16:30:00,76688,15.76,3.54,,,,
1783,6/25/2009,17:00:00,76672,15.855,3.54,,,,
1784,6/25/2009,17:30:00,76672,15.951,3.54,,,,
1785,6/25/2009,18:00:00,76672,15.855,3.54,,,,
1786,6/25/2009,18:30:00,76888,15.855,3.54,,,,
1787,6/25/2009,19:00:00,76873,15.76,3.54,,,,
1788,6/25/2009,19:30:00,76812,15.664,3.54,,,,
1789,6/25/2009,20:00:00,76905,15.569,3.54,,,,
1790,6/25/2009,20:30:00,76860,15.473,3.54,,,,
1791,6/25/2009,21:00:00,76860,15.378,3.54,,,,
1792,6/25/2009,21:30:00,76876,15.282,3.54,,,,
1793,6/25/2009,22:00:00,76923,15.187,3.54,,,,
1794,6/25/2009,22:30:00,76907,15.187,3.54,,,,
1795,6/25/2009,23:00:00,76985,15.091,3.54,,,,
1796,6/25/2009,23:30:00,77032,14.996,3.57,,,,
1797,6/26/2009,0:00:00,76986,14.9,3.57,,,,
1798,6/26/2009,0:30:00,76894,14.804,3.57,,,,
1799,6/26/2009,1:00:00,76833,14.709,3.57,,,,
1800,6/26/2009,1:30:00,76787,14.709,3.57,,,,
1801,6/26/2009,2:00:00,76803,14.613,3.57,,,,
1802,6/26/2009,2:30:00,76788,14.517,3.57,,,,
1803,6/26/2009,3:00:00,76773,14.421,3.57,,,,
1804,6/26/2009,3:30:00,76742,14.325,3.57,,,,
1805,6/26/2009,4:00:00,76712,14.325,3.54,,,,
1806,6/26/2009,4:30:00,76758,14.23,3.54,,,,
1807,6/26/2009,5:00:00,76743,14.134,3.54,,,,
1808,6/26/2009,5:30:00,76729,14.038,3.54,,,,
1809,6/26/2009,6:00:00,76744,13.942,3.54,,,,
1810,6/26/2009,6:30:00,76760,13.846,3.54,,,,
1811,6/26/2009,7:00:00,76745,13.75,3.54,,,,
1812,6/26/2009,7:30:00,76746,13.654,3.54,,,,
1813,6/26/2009,8:00:00,76761,13.654,3.54,,,,
1814,6/26/2009,8:30:00,76761,13.75,3.54,,,,
1815,6/26/2009,9:00:00,76761,13.75,3.54,,,,
1816,6/26/2009,9:30:00,76791,13.846,3.54,,,,
1817,6/26/2009,10:00:00,76776,13.846,3.54,,,,
1818,6/26/2009,10:30:00,76729,14.038,3.54,,,,
1819,6/26/2009,11:00:00,76728,14.134,3.54,,,,
1820,6/26/2009,11:30:00,76711,14.421,3.54,,,,
1821,6/26/2009,12:00:00,76679,14.709,3.57,,,,
1822,6/26/2009,12:30:00,76692,14.996,3.57,,,,
1823,6/26/2009,12:36:42,,,,,Logged,,
1824,6/26/2009,12:36:46,,,,,,Logged,Logged
