Plot Title: 1028728,,,,,,,,,
#,"Date Time, GMT-07:00","Date Time, GMT-07:00","Abs Pres, Pa (LGR S/N: 1028728, SEN S/N: 1028728)","Temp, °C (LGR S/N: 1028728, SEN S/N: 1028728)","Batt, V (LGR S/N: 1028728, SEN S/N: 1028728)",Coupler Detached (LGR S/N: 1028728),Coupler Attached (LGR S/N: 1028728),Stopped (LGR S/N: 1028728),End Of File (LGR S/N: 1028728)
1,4/15/2010,11:00:00,75025,1.656,3.46,Logged,,,
2,4/15/2010,11:30:00,75039,1.656,3.46,,,,
3,4/15/2010,12:00:00,75067,1.656,3.46,,,,
4,4/15/2010,12:30:00,75053,1.872,3.46,,,,
5,4/15/2010,13:00:00,75095,1.98,3.48,,,,
6,4/15/2010,13:30:00,75122,2.303,3.48,,,,
7,4/15/2010,14:00:00,75164,2.517,3.48,,,,
8,4/15/2010,14:30:00,75163,2.73,3.48,,,,
9,4/15/2010,15:00:00,75191,2.943,3.48,,,,
10,4/15/2010,15:30:00,75218,3.155,3.48,,,,
11,4/15/2010,16:00:00,75232,3.261,3.48,,,,
12,4/15/2010,16:30:00,75246,3.367,3.48,,,,
13,4/15/2010,17:00:00,75260,3.367,3.48,,,,
14,4/15/2010,17:30:00,75246,3.472,3.48,,,,
15,4/15/2010,18:00:00,75274,3.472,3.48,,,,
16,4/15/2010,18:30:00,75288,3.472,3.48,,,,
17,4/15/2010,19:00:00,75302,3.472,3.48,,,,
18,4/15/2010,19:30:00,75302,3.367,3.48,,,,
19,4/15/2010,20:00:00,75331,3.261,3.48,,,,
20,4/15/2010,20:30:00,75331,3.155,3.48,,,,
21,4/15/2010,21:00:00,75331,3.049,3.48,,,,
22,4/15/2010,21:30:00,75304,2.943,3.48,,,,
23,4/15/2010,22:00:00,75289,2.943,3.48,,,,
24,4/15/2010,22:30:00,75289,2.943,3.48,,,,
25,4/15/2010,23:00:00,75318,2.837,3.48,,,,
26,4/15/2010,23:30:00,75290,2.837,3.48,,,,
27,4/16/2010,0:00:00,75290,2.73,3.48,,,,
28,4/16/2010,0:30:00,75304,2.73,3.48,,,,
29,4/16/2010,1:00:00,75276,2.624,3.48,,,,
30,4/16/2010,1:30:00,75262,2.624,3.48,,,,
31,4/16/2010,2:00:00,75276,2.517,3.48,,,,
32,4/16/2010,2:30:00,75276,2.517,3.48,,,,
33,4/16/2010,3:00:00,75234,2.41,3.48,,,,
34,4/16/2010,3:30:00,75234,2.41,3.48,,,,
35,4/16/2010,4:00:00,75221,2.303,3.48,,,,
36,4/16/2010,4:30:00,75207,2.303,3.48,,,,
37,4/16/2010,5:00:00,75207,2.195,3.48,,,,
38,4/16/2010,5:30:00,75193,2.195,3.48,,,,
39,4/16/2010,6:00:00,75221,2.088,3.48,,,,
40,4/16/2010,6:30:00,75221,2.088,3.48,,,,
41,4/16/2010,7:00:00,75207,2.088,3.48,,,,
42,4/16/2010,7:30:00,75207,1.98,3.48,,,,
43,4/16/2010,8:00:00,75221,1.98,3.48,,,,
44,4/16/2010,8:30:00,75207,1.98,3.48,,,,
45,4/16/2010,9:00:00,75207,1.98,3.48,,,,
46,4/16/2010,9:30:00,75207,1.98,3.48,,,,
47,4/16/2010,10:00:00,75236,1.98,3.48,,,,
48,4/16/2010,10:30:00,75235,2.088,3.48,,,,
49,4/16/2010,11:00:00,75221,2.088,3.48,,,,
50,4/16/2010,11:30:00,75235,2.195,3.48,,,,
51,4/16/2010,12:00:00,75207,2.303,3.48,,,,
52,4/16/2010,12:30:00,75206,2.41,3.48,,,,
53,4/16/2010,13:00:00,75234,2.73,3.48,,,,
54,4/16/2010,13:30:00,75304,2.943,3.48,,,,
55,4/16/2010,14:00:00,75317,3.049,3.48,,,,
56,4/16/2010,14:30:00,75331,3.261,3.48,,,,
57,4/16/2010,15:00:00,75302,3.367,3.48,,,,
58,4/16/2010,15:30:00,75260,3.367,3.48,,,,
59,4/16/2010,16:00:00,75288,3.472,3.48,,,,
60,4/16/2010,16:30:00,75345,3.472,3.48,,,,
61,4/16/2010,17:00:00,75330,3.472,3.48,,,,
62,4/16/2010,17:30:00,75316,3.472,3.48,,,,
63,4/16/2010,18:00:00,75302,3.472,3.48,,,,
64,4/16/2010,18:30:00,75288,3.367,3.48,,,,
65,4/16/2010,19:00:00,75274,3.367,3.48,,,,
66,4/16/2010,19:30:00,75260,3.367,3.48,,,,
67,4/16/2010,20:00:00,75260,3.261,3.48,,,,
68,4/16/2010,20:30:00,75303,3.261,3.48,,,,
69,4/16/2010,21:00:00,75345,3.155,3.48,,,,
70,4/16/2010,21:30:00,75331,3.155,3.48,,,,
71,4/16/2010,22:00:00,75345,3.155,3.48,,,,
72,4/16/2010,22:30:00,75416,3.049,3.48,,,,
73,4/16/2010,23:00:00,75444,3.049,3.48,,,,
74,4/16/2010,23:30:00,75459,2.943,3.48,,,,
75,4/17/2010,0:00:00,75416,2.943,3.48,,,,
76,4/17/2010,0:30:00,75403,2.837,3.48,,,,
77,4/17/2010,1:00:00,75346,2.837,3.48,,,,
78,4/17/2010,1:30:00,75318,2.73,3.48,,,,
79,4/17/2010,2:00:00,75276,2.73,3.48,,,,
80,4/17/2010,2:30:00,75248,2.73,3.48,,,,
81,4/17/2010,3:00:00,75248,2.624,3.48,,,,
82,4/17/2010,3:30:00,75220,2.624,3.48,,,,
83,4/17/2010,4:00:00,75150,2.517,3.48,,,,
84,4/17/2010,4:30:00,75121,2.517,3.48,,,,
85,4/17/2010,5:00:00,75136,2.41,3.48,,,,
86,4/17/2010,5:30:00,75164,2.41,3.48,,,,
87,4/17/2010,6:00:00,75164,2.303,3.48,,,,
88,4/17/2010,6:30:00,75136,2.303,3.48,,,,
89,4/17/2010,7:00:00,75122,2.303,3.48,,,,
90,4/17/2010,7:30:00,75122,2.195,3.48,,,,
91,4/17/2010,8:00:00,75108,2.195,3.48,,,,
92,4/17/2010,8:30:00,75108,2.195,3.48,,,,
93,4/17/2010,9:00:00,75108,2.195,3.48,,,,
94,4/17/2010,9:30:00,75080,2.088,3.48,,,,
95,4/17/2010,10:00:00,75122,2.088,3.48,,,,
96,4/17/2010,10:30:00,75137,2.088,3.48,,,,
97,4/17/2010,11:00:00,75137,2.088,3.48,,,,
98,4/17/2010,11:30:00,75122,2.088,3.48,,,,
99,4/17/2010,12:00:00,75080,2.088,3.48,,,,
100,4/17/2010,12:30:00,75080,2.303,3.48,,,,
101,4/17/2010,13:00:00,75079,2.41,3.48,,,,
102,4/17/2010,13:30:00,75079,2.624,3.48,,,,
103,4/17/2010,14:00:00,75106,2.837,3.48,,,,
104,4/17/2010,14:30:00,75092,2.943,3.48,,,,
105,4/17/2010,15:00:00,75063,3.155,3.48,,,,
106,4/17/2010,15:30:00,75091,3.261,3.48,,,,
107,4/17/2010,16:00:00,75119,3.367,3.48,,,,
108,4/17/2010,16:30:00,75119,3.367,3.48,,,,
109,4/17/2010,17:00:00,75119,3.472,3.48,,,,
110,4/17/2010,17:30:00,75091,3.472,3.48,,,,
111,4/17/2010,18:00:00,75105,3.472,3.48,,,,
112,4/17/2010,18:30:00,75119,3.472,3.48,,,,
113,4/17/2010,19:00:00,75105,3.472,3.48,,,,
114,4/17/2010,19:30:00,75119,3.578,3.48,,,,
115,4/17/2010,20:00:00,75133,3.578,3.48,,,,
116,4/17/2010,20:30:00,75133,3.472,3.48,,,,
117,4/17/2010,21:00:00,75147,3.472,3.48,,,,
118,4/17/2010,21:30:00,75133,3.472,3.48,,,,
119,4/17/2010,22:00:00,75105,3.367,3.48,,,,
120,4/17/2010,22:30:00,75091,3.367,3.48,,,,
121,4/17/2010,23:00:00,75091,3.261,3.48,,,,
122,4/17/2010,23:30:00,75063,3.155,3.48,,,,
123,4/18/2010,0:00:00,75077,3.155,3.48,,,,
124,4/18/2010,0:30:00,75049,3.049,3.48,,,,
125,4/18/2010,1:00:00,75049,3.049,3.48,,,,
126,4/18/2010,1:30:00,75036,2.943,3.48,,,,
127,4/18/2010,2:00:00,75022,2.837,3.48,,,,
128,4/18/2010,2:30:00,75036,2.837,3.48,,,,
129,4/18/2010,3:00:00,75064,2.73,3.48,,,,
130,4/18/2010,3:30:00,75036,2.624,3.48,,,,
131,4/18/2010,4:00:00,75022,2.624,3.48,,,,
132,4/18/2010,4:30:00,75037,2.517,3.48,,,,
133,4/18/2010,5:00:00,75023,2.517,3.48,,,,
134,4/18/2010,5:30:00,75023,2.41,3.48,,,,
135,4/18/2010,6:00:00,75051,2.41,3.48,,,,
136,4/18/2010,6:30:00,75066,2.303,3.48,,,,
137,4/18/2010,7:00:00,75080,2.303,3.48,,,,
138,4/18/2010,7:30:00,75052,2.195,3.48,,,,
139,4/18/2010,8:00:00,75038,2.195,3.48,,,,
140,4/18/2010,8:30:00,75024,2.195,3.48,,,,
141,4/18/2010,9:00:00,75038,2.088,3.48,,,,
142,4/18/2010,9:30:00,75038,2.088,3.48,,,,
143,4/18/2010,10:00:00,75038,2.088,3.48,,,,
144,4/18/2010,10:30:00,75009,2.195,3.48,,,,
145,4/18/2010,11:00:00,75009,2.195,3.48,,,,
146,4/18/2010,11:30:00,75066,2.303,3.48,,,,
147,4/18/2010,12:00:00,75051,2.303,3.48,,,,
148,4/18/2010,12:30:00,75080,2.303,3.48,,,,
149,4/18/2010,13:00:00,75080,2.303,3.48,,,,
150,4/18/2010,13:30:00,75051,2.41,3.48,,,,
151,4/18/2010,14:00:00,75023,2.517,3.48,,,,
152,4/18/2010,14:30:00,75078,2.73,3.48,,,,
153,4/18/2010,15:00:00,75106,2.837,3.48,,,,
154,4/18/2010,15:30:00,75177,2.837,3.48,,,,
155,4/18/2010,16:00:00,74980,2.837,3.48,,,,
156,4/18/2010,16:30:00,74951,2.943,3.48,,,,
157,4/18/2010,17:00:00,74965,3.049,3.48,,,,
158,4/18/2010,17:30:00,74979,3.049,3.48,,,,
159,4/18/2010,18:00:00,75049,3.049,3.48,,,,
160,4/18/2010,18:30:00,74979,3.049,3.48,,,,
161,4/18/2010,19:00:00,74979,3.049,3.48,,,,
162,4/18/2010,19:30:00,75021,3.049,3.48,,,,
163,4/18/2010,20:00:00,75021,3.049,3.48,,,,
164,4/18/2010,20:30:00,75036,2.943,3.48,,,,
165,4/18/2010,21:00:00,75050,2.943,3.48,,,,
166,4/18/2010,21:30:00,75036,2.943,3.48,,,,
167,4/18/2010,22:00:00,75022,2.837,3.48,,,,
168,4/18/2010,22:30:00,75008,2.837,3.48,,,,
169,4/18/2010,23:00:00,75008,2.837,3.48,,,,
170,4/18/2010,23:30:00,75008,2.73,3.48,,,,
171,4/19/2010,0:00:00,74994,2.73,3.48,,,,
172,4/19/2010,0:30:00,74980,2.73,3.48,,,,
173,4/19/2010,1:00:00,74966,2.624,3.48,,,,
174,4/19/2010,1:30:00,74924,2.624,3.48,,,,
175,4/19/2010,2:00:00,74910,2.517,3.48,,,,
176,4/19/2010,2:30:00,74924,2.517,3.48,,,,
177,4/19/2010,3:00:00,74924,2.41,3.48,,,,
178,4/19/2010,3:30:00,74910,2.41,3.48,,,,
179,4/19/2010,4:00:00,74896,2.41,3.48,,,,
180,4/19/2010,4:30:00,74896,2.303,3.48,,,,
181,4/19/2010,5:00:00,74882,2.303,3.48,,,,
182,4/19/2010,5:30:00,74896,2.303,3.48,,,,
183,4/19/2010,6:00:00,74897,2.195,3.48,,,,
184,4/19/2010,6:30:00,74911,2.195,3.48,,,,
185,4/19/2010,7:00:00,74897,2.195,3.48,,,,
186,4/19/2010,7:30:00,74939,2.088,3.48,,,,
187,4/19/2010,8:00:00,74925,2.088,3.48,,,,
188,4/19/2010,8:30:00,74911,2.088,3.48,,,,
189,4/19/2010,9:00:00,74911,2.088,3.48,,,,
190,4/19/2010,9:30:00,74911,2.088,3.48,,,,
191,4/19/2010,10:00:00,74911,2.195,3.48,,,,
192,4/19/2010,10:30:00,74896,2.303,3.48,,,,
193,4/19/2010,11:00:00,74882,2.303,3.48,,,,
194,4/19/2010,11:30:00,74854,2.41,3.48,,,,
195,4/19/2010,12:00:00,74882,2.517,3.48,,,,
196,4/19/2010,12:30:00,74882,2.517,3.48,,,,
197,4/19/2010,13:00:00,74867,2.624,3.48,,,,
198,4/19/2010,13:30:00,74811,2.624,3.48,,,,
199,4/19/2010,14:00:00,74825,2.73,3.48,,,,
200,4/19/2010,14:30:00,74782,2.73,3.48,,,,
201,4/19/2010,15:00:00,74825,2.73,3.48,,,,
202,4/19/2010,15:30:00,74980,2.73,3.48,,,,
203,4/19/2010,16:00:00,74923,2.73,3.48,,,,
204,4/19/2010,16:30:00,74867,2.73,3.48,,,,
205,4/19/2010,17:00:00,74839,2.73,3.48,,,,
206,4/19/2010,17:30:00,74839,2.73,3.48,,,,
207,4/19/2010,18:00:00,74839,2.837,3.48,,,,
208,4/19/2010,18:30:00,74867,2.837,3.48,,,,
209,4/19/2010,19:00:00,74881,2.837,3.48,,,,
210,4/19/2010,19:30:00,74895,2.73,3.48,,,,
211,4/19/2010,20:00:00,74909,2.73,3.48,,,,
212,4/19/2010,20:30:00,74895,2.73,3.48,,,,
213,4/19/2010,21:00:00,74895,2.73,3.48,,,,
214,4/19/2010,21:30:00,74909,2.73,3.48,,,,
215,4/19/2010,22:00:00,74867,2.624,3.48,,,,
216,4/19/2010,22:30:00,74867,2.624,3.48,,,,
217,4/19/2010,23:00:00,74853,2.624,3.48,,,,
218,4/19/2010,23:30:00,74839,2.624,3.48,,,,
219,4/20/2010,0:00:00,74825,2.517,3.48,,,,
220,4/20/2010,0:30:00,74825,2.517,3.48,,,,
221,4/20/2010,1:00:00,74811,2.517,3.48,,,,
222,4/20/2010,1:30:00,74783,2.517,3.48,,,,
223,4/20/2010,2:00:00,74797,2.41,3.48,,,,
224,4/20/2010,2:30:00,74783,2.41,3.48,,,,
225,4/20/2010,3:00:00,74783,2.41,3.48,,,,
226,4/20/2010,3:30:00,74783,2.41,3.48,,,,
227,4/20/2010,4:00:00,74769,2.303,3.48,,,,
228,4/20/2010,4:30:00,74755,2.303,3.48,,,,
229,4/20/2010,5:00:00,74755,2.303,3.48,,,,
230,4/20/2010,5:30:00,74755,2.303,3.48,,,,
231,4/20/2010,6:00:00,74770,2.195,3.48,,,,
232,4/20/2010,6:30:00,74770,2.195,3.48,,,,
233,4/20/2010,7:00:00,74770,2.195,3.48,,,,
234,4/20/2010,7:30:00,74770,2.195,3.48,,,,
235,4/20/2010,8:00:00,74770,2.195,3.48,,,,
236,4/20/2010,8:30:00,74756,2.195,3.48,,,,
237,4/20/2010,9:00:00,74727,2.195,3.48,,,,
238,4/20/2010,9:30:00,74756,2.195,3.48,,,,
239,4/20/2010,10:00:00,74756,2.195,3.48,,,,
240,4/20/2010,10:30:00,74713,2.195,3.48,,,,
241,4/20/2010,11:00:00,74727,2.303,3.48,,,,
242,4/20/2010,11:30:00,74727,2.41,3.48,,,,
243,4/20/2010,12:00:00,74713,2.517,3.48,,,,
244,4/20/2010,12:30:00,74684,2.624,3.48,,,,
245,4/20/2010,13:00:00,74726,2.73,3.48,,,,
246,4/20/2010,13:30:00,74726,2.837,3.48,,,,
247,4/20/2010,14:00:00,74697,2.943,3.48,,,,
248,4/20/2010,14:30:00,74669,3.049,3.48,,,,
249,4/20/2010,15:00:00,74697,3.155,3.48,,,,
250,4/20/2010,15:30:00,74682,3.261,3.48,,,,
251,4/20/2010,16:00:00,74668,3.367,3.48,,,,
252,4/20/2010,16:30:00,74668,3.367,3.48,,,,
253,4/20/2010,17:00:00,74682,3.472,3.48,,,,
254,4/20/2010,17:30:00,74682,3.472,3.48,,,,
255,4/20/2010,18:00:00,74681,3.578,3.48,,,,
256,4/20/2010,18:30:00,74681,3.578,3.48,,,,
257,4/20/2010,19:00:00,74709,3.683,3.48,,,,
258,4/20/2010,19:30:00,74709,3.683,3.48,,,,
259,4/20/2010,20:00:00,74695,3.683,3.48,,,,
260,4/20/2010,20:30:00,74695,3.683,3.48,,,,
261,4/20/2010,21:00:00,74653,3.683,3.48,,,,
262,4/20/2010,21:30:00,74639,3.683,3.48,,,,
263,4/20/2010,22:00:00,74597,3.683,3.48,,,,
264,4/20/2010,22:30:00,74597,3.683,3.48,,,,
265,4/20/2010,23:00:00,74554,3.683,3.48,,,,
266,4/20/2010,23:30:00,74569,3.578,3.48,,,,
267,4/21/2010,0:00:00,74555,3.578,3.48,,,,
268,4/21/2010,0:30:00,74540,3.578,3.48,,,,
269,4/21/2010,1:00:00,74540,3.578,3.48,,,,
270,4/21/2010,1:30:00,74498,3.472,3.48,,,,
271,4/21/2010,2:00:00,74498,3.472,3.48,,,,
272,4/21/2010,2:30:00,74484,3.472,3.48,,,,
273,4/21/2010,3:00:00,74456,3.367,3.48,,,,
274,4/21/2010,3:30:00,74442,3.367,3.48,,,,
275,4/21/2010,4:00:00,74428,3.261,3.48,,,,
276,4/21/2010,4:30:00,74414,3.261,3.48,,,,
277,4/21/2010,5:00:00,74414,3.261,3.48,,,,
278,4/21/2010,5:30:00,74386,3.155,3.48,,,,
279,4/21/2010,6:00:00,74386,3.155,3.48,,,,
280,4/21/2010,6:30:00,74387,3.049,3.48,,,,
281,4/21/2010,7:00:00,74373,3.049,3.48,,,,
282,4/21/2010,7:30:00,74359,3.049,3.48,,,,
283,4/21/2010,8:00:00,74373,2.943,3.48,,,,
284,4/21/2010,8:30:00,74331,2.943,3.48,,,,
285,4/21/2010,9:00:00,74317,2.943,3.48,,,,
286,4/21/2010,9:30:00,74288,2.943,3.48,,,,
287,4/21/2010,10:00:00,74288,2.943,3.48,,,,
288,4/21/2010,10:30:00,74288,2.943,3.48,,,,
289,4/21/2010,11:00:00,74260,3.049,3.48,,,,
290,4/21/2010,11:30:00,74218,3.049,3.48,,,,
291,4/21/2010,12:00:00,74217,3.155,3.48,,,,
292,4/21/2010,12:30:00,74217,3.261,3.48,,,,
293,4/21/2010,13:00:00,74203,3.261,3.48,,,,
294,4/21/2010,13:30:00,74189,3.367,3.48,,,,
295,4/21/2010,14:00:00,74174,3.472,3.48,,,,
296,4/21/2010,14:30:00,74146,3.578,3.48,,,,
297,4/21/2010,15:00:00,74117,3.683,3.48,,,,
298,4/21/2010,15:30:00,74089,3.683,3.48,,,,
299,4/21/2010,16:00:00,74060,3.788,3.48,,,,
300,4/21/2010,16:30:00,74032,3.893,3.48,,,,
301,4/21/2010,17:00:00,74018,3.998,3.48,,,,
302,4/21/2010,17:30:00,74003,4.102,3.48,,,,
303,4/21/2010,18:00:00,73975,4.102,3.48,,,,
304,4/21/2010,18:30:00,73975,4.207,3.48,,,,
305,4/21/2010,19:00:00,73946,4.207,3.51,,,,
306,4/21/2010,19:30:00,73960,4.311,3.51,,,,
307,4/21/2010,20:00:00,73974,4.311,3.51,,,,
308,4/21/2010,20:30:00,73989,4.311,3.51,,,,
309,4/21/2010,21:00:00,73960,4.311,3.51,,,,
310,4/21/2010,21:30:00,73960,4.311,3.51,,,,
311,4/21/2010,22:00:00,73918,4.415,3.51,,,,
312,4/21/2010,22:30:00,73904,4.415,3.51,,,,
313,4/21/2010,23:00:00,73833,4.415,3.51,,,,
314,4/21/2010,23:30:00,73791,4.311,3.51,,,,
315,4/22/2010,0:00:00,73819,4.311,3.51,,,,
316,4/22/2010,0:30:00,73791,4.311,3.51,,,,
317,4/22/2010,1:00:00,73791,4.311,3.51,,,,
318,4/22/2010,1:30:00,73749,4.311,3.51,,,,
319,4/22/2010,2:00:00,73876,4.207,3.51,,,,
320,4/22/2010,2:30:00,73946,4.207,3.51,,,,
321,4/22/2010,3:00:00,73918,4.207,3.51,,,,
322,4/22/2010,3:30:00,73876,4.102,3.51,,,,
323,4/22/2010,4:00:00,73933,4.102,3.48,,,,
324,4/22/2010,4:30:00,73933,3.998,3.48,,,,
325,4/22/2010,5:00:00,73933,3.998,3.48,,,,
326,4/22/2010,5:30:00,73905,3.893,3.48,,,,
327,4/22/2010,6:00:00,73891,3.893,3.48,,,,
328,4/22/2010,6:30:00,73905,3.788,3.48,,,,
329,4/22/2010,7:00:00,73877,3.683,3.48,,,,
330,4/22/2010,7:30:00,73849,3.683,3.48,,,,
331,4/22/2010,8:00:00,73835,3.578,3.48,,,,
332,4/22/2010,8:30:00,73821,3.578,3.48,,,,
333,4/22/2010,9:00:00,73822,3.472,3.48,,,,
334,4/22/2010,9:30:00,73808,3.472,3.48,,,,
335,4/22/2010,10:00:00,73794,3.367,3.48,,,,
336,4/22/2010,10:30:00,73766,3.367,3.48,,,,
337,4/22/2010,11:00:00,73737,3.367,3.48,,,,
338,4/22/2010,11:30:00,73709,3.261,3.48,,,,
339,4/22/2010,12:00:00,73695,3.261,3.48,,,,
340,4/22/2010,12:30:00,73653,3.261,3.48,,,,
341,4/22/2010,13:00:00,73667,3.261,3.48,,,,
342,4/22/2010,13:30:00,73653,3.367,3.48,,,,
343,4/22/2010,14:00:00,73625,3.367,3.48,,,,
344,4/22/2010,14:30:00,73568,3.472,3.48,,,,
345,4/22/2010,15:00:00,73511,3.578,3.48,,,,
346,4/22/2010,15:30:00,73483,3.578,3.48,,,,
347,4/22/2010,16:00:00,73469,3.578,3.48,,,,
348,4/22/2010,16:30:00,73469,3.578,3.48,,,,
349,4/22/2010,17:00:00,73483,3.578,3.48,,,,
350,4/22/2010,17:30:00,73469,3.472,3.48,,,,
351,4/22/2010,18:00:00,73469,3.472,3.48,,,,
352,4/22/2010,18:30:00,73455,3.472,3.48,,,,
353,4/22/2010,19:00:00,73399,3.367,3.48,,,,
354,4/22/2010,19:30:00,73455,3.367,3.48,,,,
355,4/22/2010,20:00:00,73442,3.261,3.48,,,,
356,4/22/2010,20:30:00,73413,3.261,3.48,,,,
357,4/22/2010,21:00:00,73371,3.261,3.48,,,,
358,4/22/2010,21:30:00,73371,3.155,3.48,,,,
359,4/22/2010,22:00:00,73343,3.155,3.48,,,,
360,4/22/2010,22:30:00,73358,3.049,3.48,,,,
361,4/22/2010,23:00:00,73358,3.049,3.48,,,,
362,4/22/2010,23:30:00,73372,2.943,3.48,,,,
363,4/23/2010,0:00:00,73400,2.943,3.48,,,,
364,4/23/2010,0:30:00,73372,2.943,3.48,,,,
365,4/23/2010,1:00:00,73429,2.837,3.48,,,,
366,4/23/2010,1:30:00,73429,2.837,3.48,,,,
367,4/23/2010,2:00:00,73401,2.73,3.48,,,,
368,4/23/2010,2:30:00,73401,2.73,3.48,,,,
369,4/23/2010,3:00:00,73401,2.624,3.48,,,,
370,4/23/2010,3:30:00,73401,2.624,3.48,,,,
371,4/23/2010,4:00:00,73359,2.624,3.48,,,,
372,4/23/2010,4:30:00,73373,2.517,3.48,,,,
373,4/23/2010,5:00:00,73373,2.517,3.48,,,,
374,4/23/2010,5:30:00,73345,2.41,3.48,,,,
375,4/23/2010,6:00:00,73331,2.41,3.48,,,,
376,4/23/2010,6:30:00,73374,2.41,3.48,,,,
377,4/23/2010,7:00:00,73360,2.303,3.48,,,,
378,4/23/2010,7:30:00,73346,2.303,3.48,,,,
379,4/23/2010,8:00:00,73318,2.303,3.48,,,,
380,4/23/2010,8:30:00,73304,2.195,3.48,,,,
381,4/23/2010,9:00:00,73290,2.195,3.48,,,,
382,4/23/2010,9:30:00,73304,2.195,3.48,,,,
383,4/23/2010,10:00:00,73332,2.195,3.48,,,,
384,4/23/2010,10:30:00,73304,2.195,3.48,,,,
385,4/23/2010,11:00:00,73304,2.195,3.48,,,,
386,4/23/2010,11:30:00,73318,2.088,3.48,,,,
387,4/23/2010,12:00:00,73318,2.088,3.48,,,,
388,4/23/2010,12:30:00,73332,2.088,3.48,,,,
389,4/23/2010,13:00:00,73318,2.088,3.48,,,,
390,4/23/2010,13:30:00,73332,2.088,3.48,,,,
391,4/23/2010,14:00:00,73346,2.088,3.48,,,,
392,4/23/2010,14:30:00,73361,2.088,3.48,,,,
393,4/23/2010,15:00:00,73346,2.088,3.48,,,,
394,4/23/2010,15:30:00,73332,2.195,3.48,,,,
395,4/23/2010,16:00:00,73346,2.195,3.48,,,,
396,4/23/2010,16:30:00,73346,2.195,3.48,,,,
397,4/23/2010,17:00:00,73374,2.195,3.48,,,,
398,4/23/2010,17:30:00,73445,2.195,3.48,,,,
399,4/23/2010,18:00:00,73445,2.195,3.48,,,,
400,4/23/2010,18:30:00,73487,2.195,3.48,,,,
401,4/23/2010,19:00:00,73515,2.195,3.48,,,,
402,4/23/2010,19:30:00,73558,2.088,3.48,,,,
403,4/23/2010,20:00:00,73586,2.088,3.48,,,,
404,4/23/2010,20:30:00,73642,2.088,3.48,,,,
405,4/23/2010,21:00:00,73685,2.088,3.48,,,,
406,4/23/2010,21:30:00,73657,1.98,3.48,,,,
407,4/23/2010,22:00:00,73685,1.98,3.48,,,,
408,4/23/2010,22:30:00,73671,1.98,3.48,,,,
409,4/23/2010,23:00:00,73685,1.98,3.48,,,,
410,4/23/2010,23:30:00,73714,1.872,3.48,,,,
411,4/24/2010,0:00:00,73728,1.872,3.48,,,,
412,4/24/2010,0:30:00,73728,1.872,3.48,,,,
413,4/24/2010,1:00:00,73742,1.872,3.48,,,,
414,4/24/2010,1:30:00,73742,1.872,3.48,,,,
415,4/24/2010,2:00:00,73756,1.764,3.48,,,,
416,4/24/2010,2:30:00,73756,1.764,3.48,,,,
417,4/24/2010,3:00:00,73784,1.764,3.48,,,,
418,4/24/2010,3:30:00,73784,1.764,3.48,,,,
419,4/24/2010,4:00:00,73813,1.764,3.48,,,,
420,4/24/2010,4:30:00,73813,1.764,3.48,,,,
421,4/24/2010,5:00:00,73827,1.656,3.48,,,,
422,4/24/2010,5:30:00,73855,1.656,3.48,,,,
423,4/24/2010,6:00:00,73869,1.656,3.48,,,,
424,4/24/2010,6:30:00,73897,1.656,3.48,,,,
425,4/24/2010,7:00:00,73940,1.656,3.48,,,,
426,4/24/2010,7:30:00,73982,1.656,3.48,,,,
427,4/24/2010,8:00:00,73996,1.548,3.48,,,,
428,4/24/2010,8:30:00,73996,1.548,3.48,,,,
429,4/24/2010,9:00:00,74039,1.548,3.48,,,,
430,4/24/2010,9:30:00,74025,1.548,3.48,,,,
431,4/24/2010,10:00:00,74081,1.548,3.48,,,,
432,4/24/2010,10:30:00,74095,1.548,3.48,,,,
433,4/24/2010,11:00:00,74137,1.656,3.48,,,,
434,4/24/2010,11:30:00,74151,1.656,3.48,,,,
435,4/24/2010,12:00:00,74179,1.764,3.48,,,,
436,4/24/2010,12:30:00,74165,1.872,3.48,,,,
437,4/24/2010,13:00:00,74178,2.088,3.48,,,,
438,4/24/2010,13:30:00,74192,2.195,3.48,,,,
439,4/24/2010,14:00:00,74234,2.303,3.48,,,,
440,4/24/2010,14:30:00,74177,2.41,3.48,,,,
441,4/24/2010,15:00:00,74205,2.624,3.48,,,,
442,4/24/2010,15:30:00,74218,2.837,3.48,,,,
443,4/24/2010,16:00:00,74218,2.943,3.48,,,,
444,4/24/2010,16:30:00,74246,3.049,3.48,,,,
445,4/24/2010,17:00:00,74274,3.049,3.48,,,,
446,4/24/2010,17:30:00,74302,3.155,3.48,,,,
447,4/24/2010,18:00:00,74316,3.155,3.48,,,,
448,4/24/2010,18:30:00,74330,3.155,3.48,,,,
449,4/24/2010,19:00:00,74372,3.155,3.48,,,,
450,4/24/2010,19:30:00,74386,3.155,3.48,,,,
451,4/24/2010,20:00:00,74429,3.049,3.48,,,,
452,4/24/2010,20:30:00,74457,3.049,3.48,,,,
453,4/24/2010,21:00:00,74500,3.049,3.48,,,,
454,4/24/2010,21:30:00,74514,2.943,3.48,,,,
455,4/24/2010,22:00:00,74500,2.943,3.48,,,,
456,4/24/2010,22:30:00,74486,2.837,3.48,,,,
457,4/24/2010,23:00:00,74514,2.837,3.48,,,,
458,4/24/2010,23:30:00,74529,2.73,3.48,,,,
459,4/25/2010,0:00:00,74529,2.73,3.48,,,,
460,4/25/2010,0:30:00,74529,2.624,3.48,,,,
461,4/25/2010,1:00:00,74515,2.624,3.48,,,,
462,4/25/2010,1:30:00,74515,2.624,3.48,,,,
463,4/25/2010,2:00:00,74529,2.517,3.48,,,,
464,4/25/2010,2:30:00,74515,2.517,3.48,,,,
465,4/25/2010,3:00:00,74515,2.41,3.48,,,,
466,4/25/2010,3:30:00,74544,2.41,3.48,,,,
467,4/25/2010,4:00:00,74530,2.303,3.48,,,,
468,4/25/2010,4:30:00,74530,2.303,3.48,,,,
469,4/25/2010,5:00:00,74544,2.303,3.48,,,,
470,4/25/2010,5:30:00,74544,2.195,3.48,,,,
471,4/25/2010,6:00:00,74558,2.195,3.48,,,,
472,4/25/2010,6:30:00,74573,2.088,3.48,,,,
473,4/25/2010,7:00:00,74573,2.088,3.48,,,,
474,4/25/2010,7:30:00,74573,2.088,3.48,,,,
475,4/25/2010,8:00:00,74573,1.98,3.48,,,,
476,4/25/2010,8:30:00,74587,1.98,3.48,,,,
477,4/25/2010,9:00:00,74573,1.98,3.48,,,,
478,4/25/2010,9:30:00,74573,1.98,3.48,,,,
479,4/25/2010,10:00:00,74601,1.98,3.48,,,,
480,4/25/2010,10:30:00,74559,1.98,3.48,,,,
481,4/25/2010,11:00:00,74587,2.088,3.48,,,,
482,4/25/2010,11:30:00,74573,2.088,3.48,,,,
483,4/25/2010,12:00:00,74544,2.303,3.48,,,,
484,4/25/2010,12:30:00,74557,2.624,3.48,,,,
485,4/25/2010,13:00:00,74542,2.837,3.48,,,,
486,4/25/2010,13:30:00,74542,3.049,3.48,,,,
487,4/25/2010,14:00:00,74527,3.261,3.48,,,,
488,4/25/2010,14:30:00,74541,3.367,3.48,,,,
489,4/25/2010,15:00:00,74541,3.472,3.48,,,,
490,4/25/2010,15:30:00,74526,3.578,3.48,,,,
491,4/25/2010,16:00:00,74526,3.683,3.48,,,,
492,4/25/2010,16:30:00,74512,3.788,3.48,,,,
493,4/25/2010,17:00:00,74511,3.893,3.48,,,,
494,4/25/2010,17:30:00,74525,3.998,3.48,,,,
495,4/25/2010,18:00:00,74497,3.998,3.48,,,,
496,4/25/2010,18:30:00,74525,4.102,3.48,,,,
497,4/25/2010,19:00:00,74525,4.102,3.51,,,,
498,4/25/2010,19:30:00,74553,4.102,3.51,,,,
499,4/25/2010,20:00:00,74595,4.102,3.48,,,,
500,4/25/2010,20:30:00,74581,4.102,3.48,,,,
501,4/25/2010,21:00:00,74582,3.998,3.48,,,,
502,4/25/2010,21:30:00,74568,3.998,3.51,,,,
503,4/25/2010,22:00:00,74568,3.998,3.48,,,,
504,4/25/2010,22:30:00,74554,3.893,3.48,,,,
505,4/25/2010,23:00:00,74554,3.893,3.48,,,,
506,4/25/2010,23:30:00,74554,3.893,3.48,,,,
507,4/26/2010,0:00:00,74554,3.788,3.48,,,,
508,4/26/2010,0:30:00,74526,3.788,3.48,,,,
509,4/26/2010,1:00:00,74512,3.788,3.48,,,,
510,4/26/2010,1:30:00,74484,3.683,3.48,,,,
511,4/26/2010,2:00:00,74470,3.683,3.48,,,,
512,4/26/2010,2:30:00,74484,3.578,3.48,,,,
513,4/26/2010,3:00:00,74512,3.578,3.48,,,,
514,4/26/2010,3:30:00,74498,3.472,3.48,,,,
515,4/26/2010,4:00:00,74498,3.472,3.48,,,,
516,4/26/2010,4:30:00,74513,3.367,3.48,,,,
517,4/26/2010,5:00:00,74513,3.367,3.48,,,,
518,4/26/2010,5:30:00,74527,3.261,3.48,,,,
519,4/26/2010,6:00:00,74541,3.261,3.48,,,,
520,4/26/2010,6:30:00,74556,3.155,3.48,,,,
521,4/26/2010,7:00:00,74570,3.155,3.48,,,,
522,4/26/2010,7:30:00,74570,3.049,3.48,,,,
523,4/26/2010,8:00:00,74556,3.049,3.48,,,,
524,4/26/2010,8:30:00,74556,3.049,3.48,,,,
525,4/26/2010,9:00:00,74556,2.943,3.48,,,,
526,4/26/2010,9:30:00,74542,2.943,3.48,,,,
527,4/26/2010,10:00:00,74542,2.943,3.48,,,,
528,4/26/2010,10:30:00,74528,2.943,3.48,,,,
529,4/26/2010,11:00:00,74542,2.943,3.48,,,,
530,4/26/2010,11:30:00,74528,2.943,3.48,,,,
531,4/26/2010,12:00:00,74471,3.155,3.48,,,,
532,4/26/2010,12:30:00,74456,3.367,3.48,,,,
533,4/26/2010,13:00:00,74442,3.472,3.48,,,,
534,4/26/2010,13:30:00,74441,3.683,3.48,,,,
535,4/26/2010,14:00:00,74441,3.788,3.48,,,,
536,4/26/2010,14:30:00,74455,3.893,3.48,,,,
537,4/26/2010,15:00:00,74441,3.998,3.48,,,,
538,4/26/2010,15:30:00,74440,4.207,3.51,,,,
539,4/26/2010,16:00:00,74482,4.415,3.51,,,,
540,4/26/2010,16:30:00,74467,4.623,3.51,,,,
541,4/26/2010,17:00:00,74481,4.727,3.51,,,,
542,4/26/2010,17:30:00,74481,4.934,3.48,,,,
543,4/26/2010,18:00:00,74509,4.934,3.48,,,,
544,4/26/2010,18:30:00,74523,5.037,3.48,,,,
545,4/26/2010,19:00:00,74565,5.037,3.48,,,,
546,4/26/2010,19:30:00,74593,5.037,3.48,,,,
547,4/26/2010,20:00:00,74622,4.934,3.48,,,,
548,4/26/2010,20:30:00,74664,4.934,3.48,,,,
549,4/26/2010,21:00:00,74678,4.831,3.48,,,,
550,4/26/2010,21:30:00,74678,4.831,3.48,,,,
551,4/26/2010,22:00:00,74679,4.727,3.51,,,,
552,4/26/2010,22:30:00,74664,4.727,3.51,,,,
553,4/26/2010,23:00:00,74665,4.623,3.51,,,,
554,4/26/2010,23:30:00,74665,4.519,3.51,,,,
555,4/27/2010,0:00:00,74665,4.519,3.51,,,,
556,4/27/2010,0:30:00,74665,4.415,3.51,,,,
557,4/27/2010,1:00:00,74637,4.311,3.51,,,,
558,4/27/2010,1:30:00,74623,4.311,3.51,,,,
559,4/27/2010,2:00:00,74623,4.207,3.51,,,,
560,4/27/2010,2:30:00,74624,4.102,3.51,,,,
561,4/27/2010,3:00:00,74610,4.102,3.51,,,,
562,4/27/2010,3:30:00,74624,3.998,3.51,,,,
563,4/27/2010,4:00:00,74610,3.998,3.51,,,,
564,4/27/2010,4:30:00,74624,3.893,3.51,,,,
565,4/27/2010,5:00:00,74624,3.893,3.51,,,,
566,4/27/2010,5:30:00,74653,3.788,3.48,,,,
567,4/27/2010,6:00:00,74653,3.788,3.48,,,,
568,4/27/2010,6:30:00,74681,3.683,3.48,,,,
569,4/27/2010,7:00:00,74710,3.578,3.48,,,,
570,4/27/2010,7:30:00,74724,3.578,3.48,,,,
571,4/27/2010,8:00:00,74724,3.472,3.48,,,,
572,4/27/2010,8:30:00,74738,3.367,3.48,,,,
573,4/27/2010,9:00:00,74724,3.367,3.48,,,,
574,4/27/2010,9:30:00,74738,3.367,3.48,,,,
575,4/27/2010,10:00:00,74724,3.367,3.48,,,,
576,4/27/2010,10:30:00,74738,3.367,3.48,,,,
577,4/27/2010,11:00:00,74696,3.367,3.48,,,,
578,4/27/2010,11:30:00,74696,3.367,3.48,,,,
579,4/27/2010,12:00:00,74696,3.578,3.48,,,,
580,4/27/2010,12:30:00,74667,3.683,3.48,,,,
581,4/27/2010,13:00:00,74639,3.788,3.48,,,,
582,4/27/2010,13:30:00,74624,3.893,3.48,,,,
583,4/27/2010,14:00:00,74624,4.102,3.48,,,,
584,4/27/2010,14:30:00,74595,4.311,3.51,,,,
585,4/27/2010,15:00:00,74566,4.519,3.51,,,,
586,4/27/2010,15:30:00,74565,4.831,3.48,,,,
587,4/27/2010,16:00:00,74565,5.037,3.48,,,,
588,4/27/2010,16:30:00,74536,5.244,3.48,,,,
589,4/27/2010,17:00:00,74536,5.45,3.48,,,,
590,4/27/2010,17:30:00,74550,5.552,3.48,,,,
591,4/27/2010,18:00:00,74521,5.655,3.48,,,,
592,4/27/2010,18:30:00,74521,5.655,3.48,,,,
593,4/27/2010,19:00:00,74535,5.655,3.48,,,,
594,4/27/2010,19:30:00,74549,5.655,3.48,,,,
595,4/27/2010,20:00:00,74563,5.655,3.48,,,,
596,4/27/2010,20:30:00,74563,5.655,3.48,,,,
597,4/27/2010,21:00:00,74592,5.552,3.48,,,,
598,4/27/2010,21:30:00,74564,5.552,3.48,,,,
599,4/27/2010,22:00:00,74535,5.552,3.48,,,,
600,4/27/2010,22:30:00,74493,5.45,3.48,,,,
601,4/27/2010,23:00:00,74493,5.45,3.48,,,,
602,4/27/2010,23:30:00,74479,5.347,3.48,,,,
603,4/28/2010,0:00:00,74494,5.347,3.48,,,,
604,4/28/2010,0:30:00,74480,5.244,3.48,,,,
605,4/28/2010,1:00:00,74452,5.244,3.48,,,,
606,4/28/2010,1:30:00,74438,5.141,3.48,,,,
607,4/28/2010,2:00:00,74438,5.141,3.48,,,,
608,4/28/2010,2:30:00,74438,5.037,3.48,,,,
609,4/28/2010,3:00:00,74438,5.037,3.48,,,,
610,4/28/2010,3:30:00,74438,4.934,3.48,,,,
611,4/28/2010,4:00:00,74438,4.934,3.48,,,,
612,4/28/2010,4:30:00,74410,4.831,3.48,,,,
613,4/28/2010,5:00:00,74368,4.831,3.48,,,,
614,4/28/2010,5:30:00,74382,4.727,3.51,,,,
615,4/28/2010,6:00:00,74368,4.623,3.51,,,,
616,4/28/2010,6:30:00,74354,4.623,3.51,,,,
617,4/28/2010,7:00:00,74369,4.519,3.51,,,,
618,4/28/2010,7:30:00,74383,4.519,3.51,,,,
619,4/28/2010,8:00:00,74383,4.519,3.51,,,,
620,4/28/2010,8:30:00,74355,4.519,3.51,,,,
621,4/28/2010,9:00:00,74326,4.519,3.51,,,,
622,4/28/2010,9:30:00,74312,4.519,3.51,,,,
623,4/28/2010,10:00:00,74270,4.623,3.51,,,,
624,4/28/2010,10:30:00,74256,4.623,3.51,,,,
625,4/28/2010,11:00:00,74199,4.623,3.51,,,,
626,4/28/2010,11:30:00,74171,4.727,3.51,,,,
627,4/28/2010,12:00:00,74114,4.727,3.51,,,,
628,4/28/2010,12:30:00,74072,4.831,3.48,,,,
629,4/28/2010,13:00:00,74071,5.037,3.48,,,,
630,4/28/2010,13:30:00,74057,5.141,3.48,,,,
631,4/28/2010,14:00:00,74028,5.347,3.48,,,,
632,4/28/2010,14:30:00,74014,5.45,3.48,,,,
633,4/28/2010,15:00:00,73957,5.655,3.48,,,,
634,4/28/2010,15:30:00,73942,5.962,3.48,,,,
635,4/28/2010,16:00:00,73941,6.166,3.48,,,,
636,4/28/2010,16:30:00,73899,6.37,3.48,,,,
637,4/28/2010,17:00:00,73870,6.471,3.48,,,,
638,4/28/2010,17:30:00,73827,6.573,3.48,,,,
639,4/28/2010,18:00:00,73799,6.573,3.48,,,,
640,4/28/2010,18:30:00,73785,6.674,3.48,,,,
641,4/28/2010,19:00:00,73827,6.674,3.48,,,,
642,4/28/2010,19:30:00,73813,6.674,3.48,,,,
643,4/28/2010,20:00:00,73870,6.674,3.48,,,,
644,4/28/2010,20:30:00,73870,6.573,3.48,,,,
645,4/28/2010,21:00:00,73856,6.573,3.48,,,,
646,4/28/2010,21:30:00,73842,6.573,3.48,,,,
647,4/28/2010,22:00:00,73785,6.573,3.48,,,,
648,4/28/2010,22:30:00,73757,6.471,3.48,,,,
649,4/28/2010,23:00:00,73743,6.471,3.48,,,,
650,4/28/2010,23:30:00,73715,6.37,3.48,,,,
651,4/29/2010,0:00:00,73687,6.37,3.48,,,,
652,4/29/2010,0:30:00,73687,6.268,3.48,,,,
653,4/29/2010,1:00:00,73687,6.268,3.48,,,,
654,4/29/2010,1:30:00,73659,6.166,3.48,,,,
655,4/29/2010,2:00:00,73617,6.166,3.48,,,,
656,4/29/2010,2:30:00,73589,6.064,3.48,,,,
657,4/29/2010,3:00:00,73575,6.064,3.48,,,,
658,4/29/2010,3:30:00,73519,5.962,3.48,,,,
659,4/29/2010,4:00:00,73505,5.86,3.48,,,,
660,4/29/2010,4:30:00,73448,5.86,3.48,,,,
661,4/29/2010,5:00:00,73435,5.757,3.48,,,,
662,4/29/2010,5:30:00,73421,5.655,3.48,,,,
663,4/29/2010,6:00:00,73393,5.655,3.48,,,,
664,4/29/2010,6:30:00,73393,5.552,3.48,,,,
665,4/29/2010,7:00:00,73393,5.45,3.48,,,,
666,4/29/2010,7:30:00,73393,5.45,3.48,,,,
667,4/29/2010,8:00:00,73365,5.45,3.48,,,,
668,4/29/2010,8:30:00,73308,5.45,3.48,,,,
669,4/29/2010,9:00:00,73295,5.347,3.48,,,,
670,4/29/2010,9:30:00,73224,5.347,3.48,,,,
671,4/29/2010,10:00:00,73196,5.347,3.48,,,,
672,4/29/2010,10:30:00,73139,5.347,3.48,,,,
673,4/29/2010,11:00:00,73069,5.347,3.48,,,,
674,4/29/2010,11:30:00,73027,5.347,3.48,,,,
675,4/29/2010,12:00:00,72970,5.347,3.48,,,,
676,4/29/2010,12:30:00,72970,5.347,3.48,,,,
677,4/29/2010,13:00:00,73041,5.347,3.48,,,,
678,4/29/2010,13:30:00,73027,5.347,3.48,,,,
679,4/29/2010,14:00:00,73097,5.347,3.48,,,,
680,4/29/2010,14:30:00,73125,5.347,3.48,,,,
681,4/29/2010,15:00:00,73125,5.347,3.48,,,,
682,4/29/2010,15:30:00,73083,5.244,3.48,,,,
683,4/29/2010,16:00:00,73055,5.244,3.48,,,,
684,4/29/2010,16:30:00,73070,5.141,3.48,,,,
685,4/29/2010,17:00:00,73041,5.141,3.48,,,,
686,4/29/2010,17:30:00,73084,5.037,3.48,,,,
687,4/29/2010,18:00:00,73056,5.037,3.48,,,,
688,4/29/2010,18:30:00,73056,4.934,3.48,,,,
689,4/29/2010,19:00:00,73127,4.934,3.48,,,,
690,4/29/2010,19:30:00,73127,4.831,3.48,,,,
691,4/29/2010,20:00:00,73155,4.727,3.51,,,,
692,4/29/2010,20:30:00,73198,4.727,3.51,,,,
693,4/29/2010,21:00:00,73198,4.623,3.51,,,,
694,4/29/2010,21:30:00,73226,4.519,3.51,,,,
695,4/29/2010,22:00:00,73199,4.415,3.51,,,,
696,4/29/2010,22:30:00,73170,4.415,3.51,,,,
697,4/29/2010,23:00:00,73171,4.311,3.51,,,,
698,4/29/2010,23:30:00,73157,4.311,3.51,,,,
699,4/30/2010,0:00:00,73157,4.207,3.51,,,,
700,4/30/2010,0:30:00,73115,4.207,3.51,,,,
701,4/30/2010,1:00:00,73157,4.102,3.51,,,,
702,4/30/2010,1:30:00,73143,4.102,3.51,,,,
703,4/30/2010,2:00:00,73115,4.102,3.51,,,,
704,4/30/2010,2:30:00,73143,3.998,3.51,,,,
705,4/30/2010,3:00:00,73143,3.998,3.51,,,,
706,4/30/2010,3:30:00,73144,3.893,3.51,,,,
707,4/30/2010,4:00:00,73158,3.893,3.51,,,,
708,4/30/2010,4:30:00,73158,3.788,3.51,,,,
709,4/30/2010,5:00:00,73158,3.788,3.51,,,,
710,4/30/2010,5:30:00,73158,3.683,3.51,,,,
711,4/30/2010,6:00:00,73187,3.578,3.48,,,,
712,4/30/2010,6:30:00,73215,3.578,3.48,,,,
713,4/30/2010,7:00:00,73229,3.472,3.48,,,,
714,4/30/2010,7:30:00,73244,3.472,3.48,,,,
715,4/30/2010,8:00:00,73258,3.472,3.48,,,,
716,4/30/2010,8:30:00,73258,3.367,3.48,,,,
717,4/30/2010,9:00:00,73272,3.367,3.48,,,,
718,4/30/2010,9:30:00,73286,3.367,3.48,,,,
719,4/30/2010,10:00:00,73286,3.261,3.48,,,,
720,4/30/2010,10:30:00,73301,3.261,3.48,,,,
721,4/30/2010,11:00:00,73343,3.261,3.48,,,,
722,4/30/2010,11:30:00,73329,3.261,3.48,,,,
723,4/30/2010,12:00:00,73329,3.261,3.48,,,,
724,4/30/2010,12:30:00,73315,3.261,3.48,,,,
725,4/30/2010,13:00:00,73301,3.261,3.48,,,,
726,4/30/2010,13:30:00,73328,3.367,3.48,,,,
727,4/30/2010,14:00:00,73314,3.472,3.48,,,,
728,4/30/2010,14:30:00,73328,3.578,3.48,,,,
729,4/30/2010,15:00:00,73356,3.683,3.48,,,,
730,4/30/2010,15:30:00,73341,3.788,3.48,,,,
731,4/30/2010,16:00:00,73370,3.788,3.48,,,,
732,4/30/2010,16:30:00,73412,3.893,3.48,,,,
733,4/30/2010,17:00:00,73397,3.893,3.48,,,,
734,4/30/2010,17:30:00,73426,3.893,3.51,,,,
735,4/30/2010,18:00:00,73454,3.893,3.51,,,,
736,4/30/2010,18:30:00,73468,3.893,3.51,,,,
737,4/30/2010,19:00:00,73482,3.893,3.51,,,,
738,4/30/2010,19:30:00,73510,3.893,3.51,,,,
739,4/30/2010,20:00:00,73553,3.788,3.51,,,,
740,4/30/2010,20:30:00,73567,3.788,3.48,,,,
741,4/30/2010,21:00:00,73595,3.683,3.48,,,,
742,4/30/2010,21:30:00,73595,3.683,3.48,,,,
743,4/30/2010,22:00:00,73596,3.578,3.48,,,,
744,4/30/2010,22:30:00,73596,3.472,3.48,,,,
745,4/30/2010,23:00:00,73582,3.472,3.48,,,,
746,4/30/2010,23:30:00,73582,3.367,3.48,,,,
747,5/1/2010,0:00:00,73583,3.261,3.48,,,,
748,5/1/2010,0:30:00,73583,3.261,3.48,,,,
749,5/1/2010,1:00:00,73569,3.155,3.48,,,,
750,5/1/2010,1:30:00,73555,3.155,3.48,,,,
751,5/1/2010,2:00:00,73541,3.049,3.48,,,,
752,5/1/2010,2:30:00,73541,2.943,3.48,,,,
753,5/1/2010,3:00:00,73527,2.943,3.48,,,,
754,5/1/2010,3:30:00,73541,2.837,3.48,,,,
755,5/1/2010,4:00:00,73541,2.837,3.48,,,,
756,5/1/2010,4:30:00,73514,2.73,3.48,,,,
757,5/1/2010,5:00:00,73500,2.73,3.48,,,,
758,5/1/2010,5:30:00,73528,2.624,3.48,,,,
759,5/1/2010,6:00:00,73528,2.624,3.48,,,,
760,5/1/2010,6:30:00,73557,2.517,3.48,,,,
761,5/1/2010,7:00:00,73571,2.517,3.48,,,,
762,5/1/2010,7:30:00,73585,2.41,3.48,,,,
763,5/1/2010,8:00:00,73585,2.41,3.48,,,,
764,5/1/2010,8:30:00,73571,2.41,3.48,,,,
765,5/1/2010,9:00:00,73571,2.41,3.48,,,,
766,5/1/2010,9:30:00,73571,2.41,3.48,,,,
767,5/1/2010,10:00:00,73571,2.41,3.48,,,,
768,5/1/2010,10:30:00,73557,2.41,3.48,,,,
769,5/1/2010,11:00:00,73543,2.41,3.48,,,,
770,5/1/2010,11:30:00,73543,2.41,3.48,,,,
771,5/1/2010,12:00:00,73542,2.517,3.48,,,,
772,5/1/2010,12:30:00,73486,2.517,3.48,,,,
773,5/1/2010,13:00:00,73444,2.517,3.48,,,,
774,5/1/2010,13:30:00,73430,2.517,3.48,,,,
775,5/1/2010,14:00:00,73430,2.517,3.48,,,,
776,5/1/2010,14:30:00,73387,2.517,3.48,,,,
777,5/1/2010,15:00:00,73345,2.624,3.48,,,,
778,5/1/2010,15:30:00,73330,2.73,3.48,,,,
779,5/1/2010,16:00:00,73330,2.837,3.48,,,,
780,5/1/2010,16:30:00,73344,2.943,3.48,,,,
781,5/1/2010,17:00:00,73358,3.049,3.48,,,,
782,5/1/2010,17:30:00,73400,3.049,3.48,,,,
783,5/1/2010,18:00:00,73386,3.049,3.48,,,,
784,5/1/2010,18:30:00,73428,3.049,3.48,,,,
785,5/1/2010,19:00:00,73400,3.049,3.48,,,,
786,5/1/2010,19:30:00,73414,3.049,3.48,,,,
787,5/1/2010,20:00:00,73442,2.943,3.48,,,,
788,5/1/2010,20:30:00,73471,2.943,3.48,,,,
789,5/1/2010,21:00:00,73499,2.837,3.48,,,,
790,5/1/2010,21:30:00,73499,2.837,3.48,,,,
791,5/1/2010,22:00:00,73485,2.73,3.48,,,,
792,5/1/2010,22:30:00,73542,2.73,3.48,,,,
793,5/1/2010,23:00:00,73486,2.624,3.48,,,,
794,5/1/2010,23:30:00,73486,2.624,3.48,,,,
795,5/2/2010,0:00:00,73486,2.517,3.48,,,,
796,5/2/2010,0:30:00,73458,2.517,3.48,,,,
797,5/2/2010,1:00:00,73430,2.517,3.48,,,,
798,5/2/2010,1:30:00,73416,2.41,3.48,,,,
799,5/2/2010,2:00:00,73388,2.41,3.48,,,,
800,5/2/2010,2:30:00,73388,2.303,3.48,,,,
801,5/2/2010,3:00:00,73360,2.303,3.48,,,,
802,5/2/2010,3:30:00,73346,2.303,3.48,,,,
803,5/2/2010,4:00:00,73360,2.303,3.48,,,,
804,5/2/2010,4:30:00,73346,2.303,3.48,,,,
805,5/2/2010,5:00:00,73374,2.195,3.48,,,,
806,5/2/2010,5:30:00,73402,2.195,3.48,,,,
807,5/2/2010,6:00:00,73388,2.195,3.48,,,,
808,5/2/2010,6:30:00,73402,2.195,3.48,,,,
809,5/2/2010,7:00:00,73431,2.195,3.48,,,,
810,5/2/2010,7:30:00,73388,2.195,3.48,,,,
811,5/2/2010,8:00:00,73332,2.088,3.48,,,,
812,5/2/2010,8:30:00,73361,2.088,3.48,,,,
813,5/2/2010,9:00:00,73445,2.088,3.48,,,,
814,5/2/2010,9:30:00,73487,2.088,3.48,,,,
815,5/2/2010,10:00:00,73516,2.088,3.48,,,,
816,5/2/2010,10:30:00,73516,2.088,3.48,,,,
817,5/2/2010,11:00:00,73530,2.088,3.48,,,,
818,5/2/2010,11:30:00,73544,2.088,3.48,,,,
819,5/2/2010,12:00:00,73516,2.088,3.48,,,,
820,5/2/2010,12:30:00,73487,2.088,3.48,,,,
821,5/2/2010,13:00:00,73474,1.98,3.48,,,,
822,5/2/2010,13:30:00,73516,2.088,3.48,,,,
823,5/2/2010,14:00:00,73530,2.088,3.48,,,,
824,5/2/2010,14:30:00,73544,2.088,3.48,,,,
825,5/2/2010,15:00:00,73544,2.088,3.48,,,,
826,5/2/2010,15:30:00,73600,2.088,3.48,,,,
827,5/2/2010,16:00:00,73614,2.088,3.48,,,,
828,5/2/2010,16:30:00,73642,2.088,3.48,,,,
829,5/2/2010,17:00:00,73642,2.195,3.48,,,,
830,5/2/2010,17:30:00,73684,2.195,3.48,,,,
831,5/2/2010,18:00:00,73727,2.195,3.48,,,,
832,5/2/2010,18:30:00,73755,2.088,3.48,,,,
833,5/2/2010,19:00:00,73797,2.088,3.48,,,,
834,5/2/2010,19:30:00,73812,2.088,3.48,,,,
835,5/2/2010,20:00:00,73840,2.088,3.48,,,,
836,5/2/2010,20:30:00,73896,2.088,3.48,,,,
837,5/2/2010,21:00:00,73952,2.088,3.48,,,,
838,5/2/2010,21:30:00,73981,1.98,3.48,,,,
839,5/2/2010,22:00:00,74023,1.98,3.48,,,,
840,5/2/2010,22:30:00,74023,1.98,3.48,,,,
841,5/2/2010,23:00:00,74051,1.98,3.48,,,,
842,5/2/2010,23:30:00,74066,1.872,3.48,,,,
843,5/3/2010,0:00:00,74122,1.872,3.48,,,,
844,5/3/2010,0:30:00,74179,1.872,3.48,,,,
845,5/3/2010,1:00:00,74235,1.764,3.48,,,,
846,5/3/2010,1:30:00,74221,1.764,3.48,,,,
847,5/3/2010,2:00:00,74278,1.764,3.48,,,,
848,5/3/2010,2:30:00,74320,1.764,3.48,,,,
849,5/3/2010,3:00:00,74348,1.656,3.48,,,,
850,5/3/2010,3:30:00,74320,1.656,3.48,,,,
851,5/3/2010,4:00:00,74348,1.656,3.48,,,,
852,5/3/2010,4:30:00,74348,1.656,3.48,,,,
853,5/3/2010,5:00:00,74447,1.656,3.48,,,,
854,5/3/2010,5:30:00,74447,1.548,3.48,,,,
855,5/3/2010,6:00:00,74490,1.548,3.48,,,,
856,5/3/2010,6:30:00,74546,1.548,3.48,,,,
857,5/3/2010,7:00:00,74588,1.548,3.48,,,,
858,5/3/2010,7:30:00,74645,1.439,3.48,,,,
859,5/3/2010,8:00:00,74659,1.439,3.48,,,,
860,5/3/2010,8:30:00,74659,1.439,3.48,,,,
861,5/3/2010,9:00:00,74716,1.439,3.48,,,,
862,5/3/2010,9:30:00,74701,1.439,3.48,,,,
863,5/3/2010,10:00:00,74758,1.439,3.48,,,,
864,5/3/2010,10:30:00,74772,1.439,3.48,,,,
865,5/3/2010,11:00:00,74786,1.439,3.48,,,,
866,5/3/2010,11:30:00,74828,1.548,3.48,,,,
867,5/3/2010,12:00:00,74884,1.548,3.48,,,,
868,5/3/2010,12:30:00,74912,1.764,3.48,,,,
869,5/3/2010,13:00:00,74940,1.872,3.48,,,,
870,5/3/2010,13:30:00,74953,2.088,3.48,,,,
871,5/3/2010,14:00:00,74939,2.303,3.48,,,,
872,5/3/2010,14:30:00,74910,2.517,3.48,,,,
873,5/3/2010,15:00:00,74895,2.837,3.48,,,,
874,5/3/2010,15:30:00,74880,3.049,3.48,,,,
875,5/3/2010,16:00:00,74880,3.261,3.48,,,,
876,5/3/2010,16:30:00,74851,3.367,3.48,,,,
877,5/3/2010,17:00:00,74865,3.472,3.48,,,,
878,5/3/2010,17:30:00,74865,3.472,3.48,,,,
879,5/3/2010,18:00:00,74893,3.472,3.48,,,,
880,5/3/2010,18:30:00,74851,3.472,3.48,,,,
881,5/3/2010,19:00:00,74879,3.367,3.48,,,,
882,5/3/2010,19:30:00,74894,3.367,3.48,,,,
883,5/3/2010,20:00:00,74894,3.261,3.48,,,,
884,5/3/2010,20:30:00,74922,3.261,3.48,,,,
885,5/3/2010,21:00:00,74922,3.155,3.48,,,,
886,5/3/2010,21:30:00,74937,3.049,3.48,,,,
887,5/3/2010,22:00:00,74923,3.049,3.48,,,,
888,5/3/2010,22:30:00,74923,3.049,3.48,,,,
889,5/3/2010,23:00:00,74881,2.943,3.48,,,,
890,5/3/2010,23:30:00,74881,2.943,3.48,,,,
891,5/4/2010,0:00:00,74867,2.837,3.48,,,,
892,5/4/2010,0:30:00,74867,2.837,3.48,,,,
893,5/4/2010,1:00:00,74825,2.73,3.48,,,,
894,5/4/2010,1:30:00,74797,2.73,3.48,,,,
895,5/4/2010,2:00:00,74782,2.73,3.48,,,,
896,5/4/2010,2:30:00,74769,2.624,3.48,,,,
897,5/4/2010,3:00:00,74740,2.624,3.48,,,,
898,5/4/2010,3:30:00,74727,2.517,3.48,,,,
899,5/4/2010,4:00:00,74713,2.517,3.48,,,,
900,5/4/2010,4:30:00,74698,2.517,3.48,,,,
901,5/4/2010,5:00:00,74685,2.41,3.48,,,,
902,5/4/2010,5:30:00,74685,2.41,3.48,,,,
903,5/4/2010,6:00:00,74671,2.303,3.48,,,,
904,5/4/2010,6:30:00,74685,2.303,3.48,,,,
905,5/4/2010,7:00:00,74685,2.303,3.48,,,,
906,5/4/2010,7:30:00,74685,2.303,3.48,,,,
907,5/4/2010,8:00:00,74699,2.195,3.48,,,,
908,5/4/2010,8:30:00,74713,2.195,3.48,,,,
909,5/4/2010,9:00:00,74699,2.195,3.48,,,,
910,5/4/2010,9:30:00,74699,2.303,3.48,,,,
911,5/4/2010,10:00:00,74699,2.303,3.48,,,,
912,5/4/2010,10:30:00,74699,2.303,3.48,,,,
913,5/4/2010,11:00:00,74656,2.41,3.48,,,,
914,5/4/2010,11:30:00,74656,2.41,3.48,,,,
915,5/4/2010,12:00:00,74628,2.624,3.48,,,,
916,5/4/2010,12:30:00,74599,2.943,3.48,,,,
917,5/4/2010,13:00:00,74598,3.155,3.48,,,,
918,5/4/2010,13:30:00,74583,3.367,3.48,,,,
919,5/4/2010,14:00:00,74583,3.578,3.48,,,,
920,5/4/2010,14:30:00,74568,3.683,3.48,,,,
921,5/4/2010,15:00:00,74526,3.788,3.48,,,,
922,5/4/2010,15:30:00,74553,3.998,3.48,,,,
923,5/4/2010,16:00:00,74539,4.207,3.51,,,,
924,5/4/2010,16:30:00,74524,4.415,3.51,,,,
925,5/4/2010,17:00:00,74524,4.623,3.51,,,,
926,5/4/2010,17:30:00,74537,4.727,3.51,,,,
927,5/4/2010,18:00:00,74551,4.831,3.48,,,,
928,5/4/2010,18:30:00,74565,4.831,3.48,,,,
929,5/4/2010,19:00:00,74580,4.831,3.48,,,,
930,5/4/2010,19:30:00,74594,4.831,3.48,,,,
931,5/4/2010,20:00:00,74594,4.831,3.48,,,,
932,5/4/2010,20:30:00,74608,4.831,3.48,,,,
933,5/4/2010,21:00:00,74636,4.727,3.51,,,,
934,5/4/2010,21:30:00,74650,4.727,3.51,,,,
935,5/4/2010,22:00:00,74679,4.623,3.51,,,,
936,5/4/2010,22:30:00,74679,4.623,3.51,,,,
937,5/4/2010,23:00:00,74651,4.519,3.51,,,,
938,5/4/2010,23:30:00,74651,4.519,3.51,,,,
939,5/5/2010,0:00:00,74623,4.415,3.51,,,,
940,5/5/2010,0:30:00,74637,4.415,3.51,,,,
941,5/5/2010,1:00:00,74595,4.311,3.51,,,,
942,5/5/2010,1:30:00,74595,4.311,3.51,,,,
943,5/5/2010,2:00:00,74595,4.207,3.51,,,,
944,5/5/2010,2:30:00,74595,4.207,3.51,,,,
945,5/5/2010,3:00:00,74595,4.102,3.51,,,,
946,5/5/2010,3:30:00,74581,4.102,3.51,,,,
947,5/5/2010,4:00:00,74596,3.998,3.51,,,,
948,5/5/2010,4:30:00,74582,3.998,3.51,,,,
949,5/5/2010,5:00:00,74610,3.893,3.51,,,,
950,5/5/2010,5:30:00,74638,3.893,3.51,,,,
951,5/5/2010,6:00:00,74639,3.788,3.48,,,,
952,5/5/2010,6:30:00,74625,3.788,3.51,,,,
953,5/5/2010,7:00:00,74653,3.683,3.48,,,,
954,5/5/2010,7:30:00,74653,3.683,3.48,,,,
955,5/5/2010,8:00:00,74625,3.683,3.48,,,,
956,5/5/2010,8:30:00,74639,3.578,3.48,,,,
957,5/5/2010,9:00:00,74639,3.578,3.48,,,,
958,5/5/2010,9:30:00,74653,3.578,3.48,,,,
959,5/5/2010,10:00:00,74667,3.578,3.48,,,,
960,5/5/2010,10:30:00,74625,3.683,3.48,,,,
961,5/5/2010,11:00:00,74597,3.683,3.48,,,,
962,5/5/2010,11:30:00,74597,3.683,3.51,,,,
963,5/5/2010,12:00:00,74568,3.788,3.51,,,,
964,5/5/2010,12:30:00,74582,3.893,3.48,,,,
965,5/5/2010,13:00:00,74539,4.102,3.51,,,,
966,5/5/2010,13:30:00,74510,4.311,3.51,,,,
967,5/5/2010,14:00:00,74482,4.519,3.51,,,,
968,5/5/2010,14:30:00,74438,4.831,3.48,,,,
969,5/5/2010,15:00:00,74424,5.037,3.48,,,,
970,5/5/2010,15:30:00,74423,5.347,3.48,,,,
971,5/5/2010,16:00:00,74380,5.552,3.48,,,,
972,5/5/2010,16:30:00,74351,5.86,3.48,,,,
973,5/5/2010,17:00:00,74337,5.962,3.48,,,,
974,5/5/2010,17:30:00,74365,6.064,3.48,,,,
975,5/5/2010,18:00:00,74365,6.166,3.48,,,,
976,5/5/2010,18:30:00,74365,6.166,3.48,,,,
977,5/5/2010,19:00:00,74365,6.166,3.48,,,,
978,5/5/2010,19:30:00,74407,6.166,3.48,,,,
979,5/5/2010,20:00:00,74421,6.166,3.48,,,,
980,5/5/2010,20:30:00,74449,6.064,3.48,,,,
981,5/5/2010,21:00:00,74464,6.064,3.48,,,,
982,5/5/2010,21:30:00,74464,6.064,3.48,,,,
983,5/5/2010,22:00:00,74478,5.962,3.48,,,,
984,5/5/2010,22:30:00,74478,5.962,3.48,,,,
985,5/5/2010,23:00:00,74492,5.962,3.48,,,,
986,5/5/2010,23:30:00,74464,5.86,3.48,,,,
987,5/6/2010,0:00:00,74492,5.86,3.48,,,,
988,5/6/2010,0:30:00,74478,5.757,3.48,,,,
989,5/6/2010,1:00:00,74479,5.655,3.48,,,,
990,5/6/2010,1:30:00,74436,5.655,3.48,,,,
991,5/6/2010,2:00:00,74437,5.552,3.48,,,,
992,5/6/2010,2:30:00,74451,5.552,3.48,,,,
993,5/6/2010,3:00:00,74423,5.45,3.48,,,,
994,5/6/2010,3:30:00,74395,5.347,3.48,,,,
995,5/6/2010,4:00:00,74395,5.347,3.48,,,,
996,5/6/2010,4:30:00,74395,5.244,3.48,,,,
997,5/6/2010,5:00:00,74367,5.141,3.48,,,,
998,5/6/2010,5:30:00,74395,5.141,3.48,,,,
999,5/6/2010,6:00:00,74396,5.037,3.48,,,,
1000,5/6/2010,6:30:00,74410,5.037,3.48,,,,
1001,5/6/2010,7:00:00,74424,4.934,3.48,,,,
1002,5/6/2010,7:30:00,74424,4.934,3.48,,,,
1003,5/6/2010,8:00:00,74396,4.934,3.48,,,,
1004,5/6/2010,8:30:00,74368,4.934,3.48,,,,
1005,5/6/2010,9:00:00,74368,4.934,3.48,,,,
1006,5/6/2010,9:30:00,74354,4.934,3.48,,,,
1007,5/6/2010,10:00:00,74382,4.934,3.48,,,,
1008,5/6/2010,10:30:00,74339,4.934,3.48,,,,
1009,5/6/2010,11:00:00,74311,4.934,3.48,,,,
1010,5/6/2010,11:30:00,74283,4.934,3.48,,,,
1011,5/6/2010,12:00:00,74255,5.037,3.48,,,,
1012,5/6/2010,12:30:00,74240,5.141,3.48,,,,
1013,5/6/2010,13:00:00,74226,5.244,3.48,,,,
1014,5/6/2010,13:30:00,74183,5.45,3.48,,,,
1015,5/6/2010,14:00:00,74182,5.655,3.48,,,,
1016,5/6/2010,14:30:00,74153,5.962,3.48,,,,
1017,5/6/2010,15:00:00,74139,6.166,3.48,,,,
1018,5/6/2010,15:30:00,74124,6.37,3.48,,,,
1019,5/6/2010,16:00:00,74123,6.674,3.48,,,,
1020,5/6/2010,16:30:00,74109,6.877,3.48,,,,
1021,5/6/2010,17:00:00,74109,6.978,3.51,,,,
1022,5/6/2010,17:30:00,74123,6.978,3.51,,,,
1023,5/6/2010,18:00:00,74108,7.079,3.51,,,,
1024,5/6/2010,18:30:00,74123,7.079,3.51,,,,
1025,5/6/2010,19:00:00,74165,7.079,3.51,,,,
1026,5/6/2010,19:30:00,74179,6.978,3.51,,,,
1027,5/6/2010,20:00:00,74207,6.978,3.51,,,,
1028,5/6/2010,20:30:00,74264,6.978,3.51,,,,
1029,5/6/2010,21:00:00,74306,6.877,3.51,,,,
1030,5/6/2010,21:30:00,74349,6.877,3.51,,,,
1031,5/6/2010,22:00:00,74391,6.775,3.51,,,,
1032,5/6/2010,22:30:00,74405,6.775,3.51,,,,
1033,5/6/2010,23:00:00,74434,6.674,3.51,,,,
1034,5/6/2010,23:30:00,74462,6.573,3.48,,,,
1035,5/7/2010,0:00:00,74476,6.573,3.48,,,,
1036,5/7/2010,0:30:00,74463,6.471,3.48,,,,
1037,5/7/2010,1:00:00,74463,6.37,3.48,,,,
1038,5/7/2010,1:30:00,74449,6.268,3.48,,,,
1039,5/7/2010,2:00:00,74477,6.166,3.48,,,,
1040,5/7/2010,2:30:00,74478,6.064,3.48,,,,
1041,5/7/2010,3:00:00,74464,6.064,3.48,,,,
1042,5/7/2010,3:30:00,74478,5.962,3.48,,,,
1043,5/7/2010,4:00:00,74492,5.86,3.48,,,,
1044,5/7/2010,4:30:00,74521,5.757,3.48,,,,
1045,5/7/2010,5:00:00,74535,5.655,3.48,,,,
1046,5/7/2010,5:30:00,74592,5.552,3.48,,,,
1047,5/7/2010,6:00:00,74620,5.45,3.48,,,,
1048,5/7/2010,6:30:00,74649,5.347,3.48,,,,
1049,5/7/2010,7:00:00,74691,5.244,3.48,,,,
1050,5/7/2010,7:30:00,74705,5.244,3.48,,,,
1051,5/7/2010,8:00:00,74705,5.244,3.48,,,,
1052,5/7/2010,8:30:00,74748,5.141,3.48,,,,
1053,5/7/2010,9:00:00,74748,5.141,3.48,,,,
1054,5/7/2010,9:30:00,74748,5.141,3.48,,,,
1055,5/7/2010,10:00:00,74748,5.141,3.48,,,,
1056,5/7/2010,10:30:00,74776,5.141,3.48,,,,
1057,5/7/2010,11:00:00,74776,5.141,3.48,,,,
1058,5/7/2010,11:30:00,74776,5.141,3.48,,,,
1059,5/7/2010,12:00:00,74762,5.244,3.48,,,,
1060,5/7/2010,12:30:00,74748,5.347,3.48,,,,
1061,5/7/2010,13:00:00,74761,5.552,3.48,,,,
1062,5/7/2010,13:30:00,74761,5.655,3.48,,,,
1063,5/7/2010,14:00:00,74788,5.962,3.48,,,,
1064,5/7/2010,14:30:00,74774,6.166,3.48,,,,
1065,5/7/2010,15:00:00,74759,6.471,3.48,,,,
1066,5/7/2010,15:30:00,74773,6.674,3.48,,,,
1067,5/7/2010,16:00:00,74744,6.877,3.51,,,,
1068,5/7/2010,16:30:00,74758,7.079,3.51,,,,
1069,5/7/2010,17:00:00,74771,7.179,3.51,,,,
1070,5/7/2010,17:30:00,74771,7.28,3.51,,,,
1071,5/7/2010,18:00:00,74799,7.28,3.51,,,,
1072,5/7/2010,18:30:00,74814,7.28,3.51,,,,
1073,5/7/2010,19:00:00,74856,7.179,3.51,,,,
1074,5/7/2010,19:30:00,74884,7.179,3.51,,,,
1075,5/7/2010,20:00:00,74927,7.079,3.51,,,,
1076,5/7/2010,20:30:00,74941,6.978,3.51,,,,
1077,5/7/2010,21:00:00,74956,6.877,3.51,,,,
1078,5/7/2010,21:30:00,74928,6.775,3.51,,,,
1079,5/7/2010,22:00:00,74928,6.674,3.51,,,,
1080,5/7/2010,22:30:00,74928,6.674,3.51,,,,
1081,5/7/2010,23:00:00,74928,6.573,3.51,,,,
1082,5/7/2010,23:30:00,74942,6.573,3.48,,,,
1083,5/8/2010,0:00:00,74942,6.471,3.48,,,,
1084,5/8/2010,0:30:00,74928,6.37,3.48,,,,
1085,5/8/2010,1:00:00,74914,6.37,3.48,,,,
1086,5/8/2010,1:30:00,74901,6.268,3.48,,,,
1087,5/8/2010,2:00:00,74915,6.166,3.48,,,,
1088,5/8/2010,2:30:00,74887,6.064,3.48,,,,
1089,5/8/2010,3:00:00,74845,5.962,3.48,,,,
1090,5/8/2010,3:30:00,74859,5.86,3.48,,,,
1091,5/8/2010,4:00:00,74859,5.757,3.48,,,,
1092,5/8/2010,4:30:00,74845,5.757,3.48,,,,
1093,5/8/2010,5:00:00,74860,5.655,3.48,,,,
1094,5/8/2010,5:30:00,74874,5.552,3.48,,,,
1095,5/8/2010,6:00:00,74874,5.45,3.48,,,,
1096,5/8/2010,6:30:00,74917,5.45,3.48,,,,
1097,5/8/2010,7:00:00,74889,5.347,3.48,,,,
1098,5/8/2010,7:30:00,74917,5.347,3.48,,,,
1099,5/8/2010,8:00:00,74874,5.347,3.48,,,,
1100,5/8/2010,8:30:00,74889,5.347,3.48,,,,
1101,5/8/2010,9:00:00,74917,5.45,3.48,,,,
1102,5/8/2010,9:30:00,74902,5.45,3.48,,,,
1103,5/8/2010,10:00:00,74874,5.45,3.48,,,,
1104,5/8/2010,10:30:00,74874,5.45,3.48,,,,
1105,5/8/2010,11:00:00,74860,5.552,3.48,,,,
1106,5/8/2010,11:30:00,74832,5.552,3.48,,,,
1107,5/8/2010,12:00:00,74803,5.655,3.48,,,,
1108,5/8/2010,12:30:00,74775,5.757,3.48,,,,
1109,5/8/2010,13:00:00,74831,5.86,3.48,,,,
1110,5/8/2010,13:30:00,74802,5.962,3.48,,,,
1111,5/8/2010,14:00:00,74746,6.166,3.48,,,,
1112,5/8/2010,14:30:00,74703,6.37,3.48,,,,
1113,5/8/2010,15:00:00,74646,6.573,3.48,,,,
1114,5/8/2010,15:30:00,74617,6.775,3.51,,,,
1115,5/8/2010,16:00:00,74631,6.978,3.51,,,,
1116,5/8/2010,16:30:00,74616,7.079,3.51,,,,
1117,5/8/2010,17:00:00,74588,7.28,3.51,,,,
1118,5/8/2010,17:30:00,74574,7.28,3.51,,,,
1119,5/8/2010,18:00:00,74574,7.28,3.51,,,,
1120,5/8/2010,18:30:00,74574,7.28,3.51,,,,
1121,5/8/2010,19:00:00,74588,7.28,3.51,,,,
1122,5/8/2010,19:30:00,74602,7.28,3.51,,,,
1123,5/8/2010,20:00:00,74616,7.179,3.51,,,,
1124,5/8/2010,20:30:00,74616,7.179,3.51,,,,
1125,5/8/2010,21:00:00,74631,7.079,3.51,,,,
1126,5/8/2010,21:30:00,74659,7.079,3.51,,,,
1127,5/8/2010,22:00:00,74659,6.978,3.51,,,,
1128,5/8/2010,22:30:00,74659,6.978,3.51,,,,
1129,5/8/2010,23:00:00,74673,6.877,3.51,,,,
1130,5/8/2010,23:30:00,74673,6.877,3.51,,,,
1131,5/9/2010,0:00:00,74688,6.775,3.51,,,,
1132,5/9/2010,0:30:00,74674,6.674,3.51,,,,
1133,5/9/2010,1:00:00,74688,6.573,3.51,,,,
1134,5/9/2010,1:30:00,74660,6.573,3.51,,,,
1135,5/9/2010,2:00:00,74660,6.471,3.48,,,,
1136,5/9/2010,2:30:00,74660,6.37,3.51,,,,
1137,5/9/2010,3:00:00,74632,6.268,3.48,,,,
1138,5/9/2010,3:30:00,74661,6.268,3.48,,,,
1139,5/9/2010,4:00:00,74647,6.166,3.48,,,,
1140,5/9/2010,4:30:00,74647,6.064,3.48,,,,
1141,5/9/2010,5:00:00,74661,5.962,3.48,,,,
1142,5/9/2010,5:30:00,74662,5.86,3.48,,,,
1143,5/9/2010,6:00:00,74662,5.86,3.48,,,,
1144,5/9/2010,6:30:00,74662,5.757,3.48,,,,
1145,5/9/2010,7:00:00,74662,5.655,3.48,,,,
1146,5/9/2010,7:30:00,74704,5.655,3.48,,,,
1147,5/9/2010,8:00:00,74704,5.655,3.48,,,,
1148,5/9/2010,8:30:00,74690,5.655,3.48,,,,
1149,5/9/2010,9:00:00,74676,5.655,3.48,,,,
1150,5/9/2010,9:30:00,74662,5.655,3.48,,,,
1151,5/9/2010,10:00:00,74648,5.655,3.48,,,,
1152,5/9/2010,10:30:00,74605,5.757,3.48,,,,
1153,5/9/2010,11:00:00,74605,5.757,3.48,,,,
1154,5/9/2010,11:30:00,74605,5.757,3.48,,,,
1155,5/9/2010,12:00:00,74591,5.86,3.48,,,,
1156,5/9/2010,12:30:00,74549,5.962,3.48,,,,
1157,5/9/2010,13:00:00,74520,6.166,3.48,,,,
1158,5/9/2010,13:30:00,74477,6.268,3.48,,,,
1159,5/9/2010,14:00:00,74463,6.471,3.48,,,,
1160,5/9/2010,14:30:00,74406,6.573,3.51,,,,
1161,5/9/2010,15:00:00,74377,6.775,3.51,,,,
1162,5/9/2010,15:30:00,74335,6.877,3.51,,,,
1163,5/9/2010,16:00:00,74320,6.978,3.51,,,,
1164,5/9/2010,16:30:00,74320,7.079,3.51,,,,
1165,5/9/2010,17:00:00,74292,7.179,3.51,,,,
1166,5/9/2010,17:30:00,74263,7.179,3.51,,,,
1167,5/9/2010,18:00:00,74235,7.179,3.51,,,,
1168,5/9/2010,18:30:00,74263,7.179,3.51,,,,
1169,5/9/2010,19:00:00,74249,7.179,3.51,,,,
1170,5/9/2010,19:30:00,74249,7.179,3.51,,,,
1171,5/9/2010,20:00:00,74278,7.179,3.51,,,,
1172,5/9/2010,20:30:00,74278,7.179,3.51,,,,
1173,5/9/2010,21:00:00,74278,7.079,3.51,,,,
1174,5/9/2010,21:30:00,74292,7.079,3.51,,,,
1175,5/9/2010,22:00:00,74292,6.978,3.51,,,,
1176,5/9/2010,22:30:00,74278,6.978,3.51,,,,
1177,5/9/2010,23:00:00,74250,6.877,3.51,,,,
1178,5/9/2010,23:30:00,74208,6.775,3.51,,,,
1179,5/10/2010,0:00:00,74180,6.775,3.51,,,,
1180,5/10/2010,0:30:00,74138,6.674,3.51,,,,
1181,5/10/2010,1:00:00,74081,6.573,3.51,,,,
1182,5/10/2010,1:30:00,74068,6.471,3.51,,,,
1183,5/10/2010,2:00:00,74011,6.471,3.51,,,,
1184,5/10/2010,2:30:00,73969,6.37,3.48,,,,
1185,5/10/2010,3:00:00,73913,6.37,3.48,,,,
1186,5/10/2010,3:30:00,73913,6.268,3.48,,,,
1187,5/10/2010,4:00:00,73899,6.268,3.48,,,,
1188,5/10/2010,4:30:00,73899,6.166,3.48,,,,
1189,5/10/2010,5:00:00,73885,6.166,3.48,,,,
1190,5/10/2010,5:30:00,73843,6.064,3.48,,,,
1191,5/10/2010,6:00:00,73815,6.064,3.48,,,,
1192,5/10/2010,6:30:00,73885,5.962,3.48,,,,
1193,5/10/2010,7:00:00,73885,5.962,3.48,,,,
1194,5/10/2010,7:30:00,73885,5.962,3.48,,,,
1195,5/10/2010,8:00:00,73970,5.86,3.48,,,,
1196,5/10/2010,8:30:00,73999,5.86,3.48,,,,
1197,5/10/2010,9:00:00,74069,5.86,3.48,,,,
1198,5/10/2010,9:30:00,74055,5.86,3.48,,,,
1199,5/10/2010,10:00:00,74098,5.757,3.48,,,,
1200,5/10/2010,10:30:00,74140,5.757,3.48,,,,
1201,5/10/2010,11:00:00,74140,5.757,3.48,,,,
1202,5/10/2010,11:30:00,74168,5.757,3.48,,,,
1203,5/10/2010,12:00:00,74196,5.757,3.48,,,,
1204,5/10/2010,12:30:00,74196,5.86,3.48,,,,
1205,5/10/2010,13:00:00,74238,6.064,3.48,,,,
1206,5/10/2010,13:30:00,74238,6.166,3.48,,,,
1207,5/10/2010,14:00:00,74195,6.37,3.48,,,,
1208,5/10/2010,14:30:00,74208,6.674,3.48,,,,
1209,5/10/2010,15:00:00,74194,6.877,3.51,,,,
1210,5/10/2010,15:30:00,74165,7.079,3.51,,,,
1211,5/10/2010,16:00:00,74207,7.28,3.51,,,,
1212,5/10/2010,16:30:00,74206,7.481,3.51,,,,
1213,5/10/2010,17:00:00,74192,7.582,3.51,,,,
1214,5/10/2010,17:30:00,74192,7.682,3.51,,,,
1215,5/10/2010,18:00:00,74206,7.682,3.51,,,,
1216,5/10/2010,18:30:00,74206,7.682,3.51,,,,
1217,5/10/2010,19:00:00,74220,7.582,3.51,,,,
1218,5/10/2010,19:30:00,74263,7.481,3.51,,,,
1219,5/10/2010,20:00:00,74277,7.381,3.51,,,,
1220,5/10/2010,20:30:00,74277,7.28,3.51,,,,
1221,5/10/2010,21:00:00,74249,7.179,3.51,,,,
1222,5/10/2010,21:30:00,74250,7.079,3.51,,,,
1223,5/10/2010,22:00:00,74264,6.978,3.51,,,,
1224,5/10/2010,22:30:00,74236,6.877,3.51,,,,
1225,5/10/2010,23:00:00,74194,6.775,3.51,,,,
1226,5/10/2010,23:30:00,74222,6.674,3.51,,,,
1227,5/11/2010,0:00:00,74208,6.573,3.51,,,,
1228,5/11/2010,0:30:00,74195,6.471,3.51,,,,
1229,5/11/2010,1:00:00,74167,6.37,3.48,,,,
1230,5/11/2010,1:30:00,74167,6.37,3.51,,,,
1231,5/11/2010,2:00:00,74153,6.268,3.48,,,,
1232,5/11/2010,2:30:00,74153,6.268,3.48,,,,
1233,5/11/2010,3:00:00,74153,6.166,3.48,,,,
1234,5/11/2010,3:30:00,74167,6.064,3.48,,,,
1235,5/11/2010,4:00:00,74139,5.962,3.48,,,,
1236,5/11/2010,4:30:00,74126,5.86,3.48,,,,
1237,5/11/2010,5:00:00,74140,5.757,3.48,,,,
1238,5/11/2010,5:30:00,74126,5.655,3.48,,,,
1239,5/11/2010,6:00:00,74155,5.552,3.48,,,,
1240,5/11/2010,6:30:00,74140,5.552,3.48,,,,
1241,5/11/2010,7:00:00,74127,5.45,3.48,,,,
1242,5/11/2010,7:30:00,74127,5.45,3.48,,,,
1243,5/11/2010,8:00:00,74098,5.45,3.48,,,,
1244,5/11/2010,8:30:00,74084,5.45,3.48,,,,
1245,5/11/2010,9:00:00,74056,5.45,3.48,,,,
1246,5/11/2010,9:30:00,74028,5.45,3.48,,,,
1247,5/11/2010,10:00:00,73985,5.45,3.48,,,,
1248,5/11/2010,10:30:00,73957,5.45,3.48,,,,
1249,5/11/2010,11:00:00,73929,5.552,3.48,,,,
1250,5/11/2010,11:30:00,73901,5.552,3.48,,,,
1251,5/11/2010,12:00:00,73802,5.655,3.48,,,,
1252,5/11/2010,12:30:00,73801,5.757,3.48,,,,
1253,5/11/2010,13:00:00,73758,5.962,3.48,,,,
1254,5/11/2010,13:30:00,73716,6.166,3.48,,,,
1255,5/11/2010,14:00:00,73673,6.37,3.48,,,,
1256,5/11/2010,14:30:00,73644,6.573,3.48,,,,
1257,5/11/2010,15:00:00,73601,6.775,3.51,,,,
1258,5/11/2010,15:30:00,73572,6.978,3.51,,,,
1259,5/11/2010,16:00:00,73516,7.179,3.51,,,,
1260,5/11/2010,16:30:00,73515,7.28,3.51,,,,
1261,5/11/2010,17:00:00,73529,7.381,3.51,,,,
1262,5/11/2010,17:30:00,73571,7.481,3.51,,,,
1263,5/11/2010,18:00:00,73628,7.481,3.51,,,,
1264,5/11/2010,18:30:00,73726,7.481,3.51,,,,
1265,5/11/2010,19:00:00,73797,7.381,3.51,,,,
1266,5/11/2010,19:30:00,73854,7.381,3.51,,,,
1267,5/11/2010,20:00:00,73854,7.28,3.51,,,,
1268,5/11/2010,20:30:00,73882,7.179,3.51,,,,
1269,5/11/2010,21:00:00,73869,7.079,3.51,,,,
1270,5/11/2010,21:30:00,73897,6.978,3.51,,,,
1271,5/11/2010,22:00:00,73883,6.877,3.51,,,,
1272,5/11/2010,22:30:00,73883,6.775,3.51,,,,
1273,5/11/2010,23:00:00,73912,6.674,3.51,,,,
1274,5/11/2010,23:30:00,73898,6.573,3.51,,,,
1275,5/12/2010,0:00:00,73884,6.471,3.51,,,,
1276,5/12/2010,0:30:00,73870,6.37,3.51,,,,
1277,5/12/2010,1:00:00,73828,6.268,3.48,,,,
1278,5/12/2010,1:30:00,73871,6.166,3.48,,,,
1279,5/12/2010,2:00:00,73829,6.064,3.48,,,,
1280,5/12/2010,2:30:00,73829,5.962,3.48,,,,
1281,5/12/2010,3:00:00,73815,5.86,3.48,,,,
1282,5/12/2010,3:30:00,73815,5.757,3.48,,,,
1283,5/12/2010,4:00:00,73802,5.655,3.48,,,,
1284,5/12/2010,4:30:00,73802,5.552,3.48,,,,
1285,5/12/2010,5:00:00,73788,5.45,3.48,,,,
1286,5/12/2010,5:30:00,73816,5.347,3.48,,,,
1287,5/12/2010,6:00:00,73817,5.244,3.48,,,,
1288,5/12/2010,6:30:00,73845,5.141,3.48,,,,
1289,5/12/2010,7:00:00,73860,5.037,3.48,,,,
1290,5/12/2010,7:30:00,73846,4.934,3.48,,,,
1291,5/12/2010,8:00:00,73874,4.934,3.48,,,,
1292,5/12/2010,8:30:00,73874,4.934,3.48,,,,
1293,5/12/2010,9:00:00,73874,4.831,3.48,,,,
1294,5/12/2010,9:30:00,73888,4.831,3.48,,,,
1295,5/12/2010,10:00:00,73874,4.831,3.48,,,,
1296,5/12/2010,10:30:00,73874,4.831,3.48,,,,
1297,5/12/2010,11:00:00,73902,4.831,3.48,,,,
1298,5/12/2010,11:30:00,73902,4.934,3.48,,,,
1299,5/12/2010,12:00:00,73916,4.934,3.48,,,,
1300,5/12/2010,12:30:00,73902,5.037,3.48,,,,
1301,5/12/2010,13:00:00,73930,5.244,3.48,,,,
1302,5/12/2010,13:30:00,73929,5.45,3.48,,,,
1303,5/12/2010,14:00:00,73943,5.655,3.48,,,,
1304,5/12/2010,14:30:00,73942,5.86,3.48,,,,
1305,5/12/2010,15:00:00,73927,6.064,3.48,,,,
1306,5/12/2010,15:30:00,73969,6.37,3.48,,,,
1307,5/12/2010,16:00:00,73969,6.573,3.48,,,,
1308,5/12/2010,16:30:00,73997,6.674,3.51,,,,
1309,5/12/2010,17:00:00,73982,6.775,3.51,,,,
1310,5/12/2010,17:30:00,73982,6.877,3.51,,,,
1311,5/12/2010,18:00:00,74038,6.877,3.51,,,,
1312,5/12/2010,18:30:00,74052,6.877,3.51,,,,
1313,5/12/2010,19:00:00,74109,6.775,3.51,,,,
1314,5/12/2010,19:30:00,74123,6.775,3.51,,,,
1315,5/12/2010,20:00:00,74180,6.674,3.51,,,,
1316,5/12/2010,20:30:00,74194,6.573,3.51,,,,
1317,5/12/2010,21:00:00,74237,6.471,3.51,,,,
1318,5/12/2010,21:30:00,74251,6.37,3.51,,,,
1319,5/12/2010,22:00:00,74266,6.268,3.48,,,,
1320,5/12/2010,22:30:00,74224,6.166,3.48,,,,
1321,5/12/2010,23:00:00,74266,6.064,3.48,,,,
1322,5/12/2010,23:30:00,74280,5.962,3.48,,,,
1323,5/13/2010,0:00:00,74295,5.86,3.48,,,,
1324,5/13/2010,0:30:00,74295,5.757,3.48,,,,
1325,5/13/2010,1:00:00,74281,5.655,3.48,,,,
1326,5/13/2010,1:30:00,74296,5.552,3.48,,,,
1327,5/13/2010,2:00:00,74282,5.45,3.48,,,,
1328,5/13/2010,2:30:00,74296,5.45,3.48,,,,
1329,5/13/2010,3:00:00,74310,5.347,3.48,,,,
1330,5/13/2010,3:30:00,74282,5.244,3.48,,,,
1331,5/13/2010,4:00:00,74283,5.141,3.48,,,,
1332,5/13/2010,4:30:00,74297,5.037,3.48,,,,
1333,5/13/2010,5:00:00,74325,5.037,3.48,,,,
1334,5/13/2010,5:30:00,74354,4.934,3.48,,,,
1335,5/13/2010,6:00:00,74382,4.831,3.48,,,,
1336,5/13/2010,6:30:00,74410,4.831,3.48,,,,
1337,5/13/2010,7:00:00,74425,4.727,3.51,,,,
1338,5/13/2010,7:30:00,74425,4.727,3.51,,,,
1339,5/13/2010,8:00:00,74425,4.727,3.51,,,,
1340,5/13/2010,8:30:00,74425,4.727,3.51,,,,
1341,5/13/2010,9:00:00,74425,4.727,3.51,,,,
1342,5/13/2010,9:30:00,74424,4.831,3.48,,,,
1343,5/13/2010,10:00:00,74453,4.831,3.48,,,,
1344,5/13/2010,10:30:00,74453,4.831,3.48,,,,
1345,5/13/2010,11:00:00,74466,4.934,3.48,,,,
1346,5/13/2010,11:30:00,74452,4.934,3.48,,,,
1347,5/13/2010,12:00:00,74438,5.037,3.48,,,,
1348,5/13/2010,12:30:00,74452,5.141,3.48,,,,
1349,5/13/2010,13:00:00,74437,5.347,3.48,,,,
1350,5/13/2010,13:30:00,74451,5.552,3.48,,,,
1351,5/13/2010,14:00:00,74436,5.757,3.48,,,,
1352,5/13/2010,14:30:00,74436,5.86,3.48,,,,
1353,5/13/2010,15:00:00,74450,5.962,3.48,,,,
1354,5/13/2010,15:30:00,74421,6.064,3.48,,,,
1355,5/13/2010,16:00:00,74435,6.268,3.48,,,,
1356,5/13/2010,16:30:00,74421,6.37,3.48,,,,
1357,5/13/2010,17:00:00,74434,6.471,3.48,,,,
1358,5/13/2010,17:30:00,74434,6.573,3.51,,,,
1359,5/13/2010,18:00:00,74462,6.573,3.51,,,,
1360,5/13/2010,18:30:00,74505,6.573,3.51,,,,
1361,5/13/2010,19:00:00,74533,6.573,3.51,,,,
1362,5/13/2010,19:30:00,74547,6.573,3.51,,,,
1363,5/13/2010,20:00:00,74576,6.471,3.51,,,,
1364,5/13/2010,20:30:00,74604,6.471,3.51,,,,
1365,5/13/2010,21:00:00,74618,6.37,3.51,,,,
1366,5/13/2010,21:30:00,74632,6.37,3.48,,,,
1367,5/13/2010,22:00:00,74675,6.268,3.48,,,,
1368,5/13/2010,22:30:00,74647,6.268,3.48,,,,
1369,5/13/2010,23:00:00,74633,6.166,3.48,,,,
1370,5/13/2010,23:30:00,74647,6.166,3.48,,,,
1371,5/14/2010,0:00:00,74647,6.166,3.48,,,,
1372,5/14/2010,0:30:00,74675,6.064,3.48,,,,
1373,5/14/2010,1:00:00,74647,6.064,3.48,,,,
1374,5/14/2010,1:30:00,74647,5.962,3.48,,,,
1375,5/14/2010,2:00:00,74647,5.962,3.48,,,,
1376,5/14/2010,2:30:00,74619,5.962,3.48,,,,
1377,5/14/2010,3:00:00,74619,5.86,3.48,,,,
1378,5/14/2010,3:30:00,74605,5.86,3.48,,,,
1379,5/14/2010,4:00:00,74620,5.757,3.48,,,,
1380,5/14/2010,4:30:00,74605,5.757,3.48,,,,
1381,5/14/2010,5:00:00,74591,5.757,3.48,,,,
1382,5/14/2010,5:30:00,74620,5.757,3.48,,,,
1383,5/14/2010,6:00:00,74620,5.655,3.48,,,,
1384,5/14/2010,6:30:00,74634,5.655,3.48,,,,
1385,5/14/2010,7:00:00,74648,5.655,3.48,,,,
1386,5/14/2010,7:30:00,74634,5.655,3.48,,,,
1387,5/14/2010,8:00:00,74634,5.655,3.48,,,,
1388,5/14/2010,8:30:00,74634,5.655,3.48,,,,
1389,5/14/2010,9:00:00,74620,5.655,3.48,,,,
1390,5/14/2010,9:30:00,74634,5.655,3.48,,,,
1391,5/14/2010,10:00:00,74620,5.655,3.48,,,,
1392,5/14/2010,10:30:00,74620,5.655,3.48,,,,
1393,5/14/2010,11:00:00,74563,5.757,3.48,,,,
1394,5/14/2010,11:30:00,74535,5.757,3.48,,,,
1395,5/14/2010,12:00:00,74464,5.86,3.48,,,,
1396,5/14/2010,12:30:00,74436,5.962,3.48,,,,
1397,5/14/2010,13:00:00,74478,6.064,3.48,,,,
1398,5/14/2010,13:30:00,74449,6.064,3.48,,,,
1399,5/14/2010,14:00:00,74562,6.064,3.48,,,,
1400,5/14/2010,14:30:00,74506,6.064,3.48,,,,
1401,5/14/2010,15:00:00,74492,6.064,3.48,,,,
1402,5/14/2010,15:30:00,74464,5.962,3.48,,,,
1403,5/14/2010,16:00:00,74464,5.86,3.48,,,,
1404,5/14/2010,16:30:00,74493,5.757,3.48,,,,
1405,5/14/2010,17:00:00,74450,5.757,3.48,,,,
1406,5/14/2010,17:30:00,74521,5.757,3.48,,,,
1407,5/14/2010,18:00:00,74535,5.757,3.48,,,,
1408,5/14/2010,18:30:00,74591,5.86,3.48,,,,
1409,5/14/2010,19:00:00,74577,5.86,3.48,,,,
1410,5/14/2010,19:30:00,74634,5.757,3.48,,,,
1411,5/14/2010,20:00:00,74648,5.757,3.48,,,,
1412,5/14/2010,20:30:00,74690,5.757,3.48,,,,
1413,5/14/2010,21:00:00,74747,5.757,3.48,,,,
1414,5/14/2010,21:30:00,74789,5.655,3.48,,,,
1415,5/14/2010,22:00:00,74789,5.655,3.48,,,,
1416,5/14/2010,22:30:00,74789,5.552,3.48,,,,
1417,5/14/2010,23:00:00,74747,5.552,3.48,,,,
1418,5/14/2010,23:30:00,74775,5.45,3.48,,,,
1419,5/15/2010,0:00:00,74761,5.45,3.48,,,,
1420,5/15/2010,0:30:00,74748,5.347,3.48,,,,
1421,5/15/2010,1:00:00,74748,5.244,3.48,,,,
1422,5/15/2010,1:30:00,74734,5.244,3.48,,,,
1423,5/15/2010,2:00:00,74705,5.244,3.48,,,,
1424,5/15/2010,2:30:00,74692,5.141,3.48,,,,
1425,5/15/2010,3:00:00,74677,5.141,3.48,,,,
1426,5/15/2010,3:30:00,74678,5.037,3.48,,,,
1427,5/15/2010,4:00:00,74650,5.037,3.48,,,,
1428,5/15/2010,4:30:00,74650,4.934,3.48,,,,
1429,5/15/2010,5:00:00,74664,4.934,3.48,,,,
1430,5/15/2010,5:30:00,74664,4.831,3.48,,,,
1431,5/15/2010,6:00:00,74692,4.831,3.48,,,,
1432,5/15/2010,6:30:00,74707,4.727,3.51,,,,
1433,5/15/2010,7:00:00,74707,4.727,3.51,,,,
1434,5/15/2010,7:30:00,74707,4.727,3.51,,,,
1435,5/15/2010,8:00:00,74721,4.623,3.51,,,,
1436,5/15/2010,8:30:00,74735,4.623,3.51,,,,
1437,5/15/2010,9:00:00,74707,4.623,3.51,,,,
1438,5/15/2010,9:30:00,74721,4.623,3.51,,,,
1439,5/15/2010,10:00:00,74735,4.727,3.51,,,,
1440,5/15/2010,10:30:00,74735,4.727,3.51,,,,
1441,5/15/2010,11:00:00,74721,4.831,3.48,,,,
1442,5/15/2010,11:30:00,74706,4.831,3.48,,,,
1443,5/15/2010,12:00:00,74678,4.934,3.48,,,,
1444,5/15/2010,12:30:00,74636,4.934,3.48,,,,
1445,5/15/2010,13:00:00,74664,5.037,3.48,,,,
1446,5/15/2010,13:30:00,74649,5.244,3.48,,,,
1447,5/15/2010,14:00:00,74649,5.347,3.48,,,,
1448,5/15/2010,14:30:00,74606,5.45,3.48,,,,
1449,5/15/2010,15:00:00,74620,5.655,3.48,,,,
1450,5/15/2010,15:30:00,74605,5.757,3.48,,,,
1451,5/15/2010,16:00:00,74605,5.86,3.48,,,,
1452,5/15/2010,16:30:00,74591,6.064,3.48,,,,
1453,5/15/2010,17:00:00,74590,6.166,3.48,,,,
1454,5/15/2010,17:30:00,74576,6.268,3.48,,,,
1455,5/15/2010,18:00:00,74604,6.268,3.48,,,,
1456,5/15/2010,18:30:00,74632,6.268,3.48,,,,
1457,5/15/2010,19:00:00,74647,6.268,3.48,,,,
1458,5/15/2010,19:30:00,74689,6.268,3.48,,,,
1459,5/15/2010,20:00:00,74717,6.166,3.48,,,,
1460,5/15/2010,20:30:00,74731,6.166,3.48,,,,
1461,5/15/2010,21:00:00,74774,6.064,3.48,,,,
1462,5/15/2010,21:30:00,74788,5.962,3.48,,,,
1463,5/15/2010,22:00:00,74789,5.86,3.48,,,,
1464,5/15/2010,22:30:00,74774,5.86,3.48,,,,
1465,5/15/2010,23:00:00,74789,5.757,3.48,,,,
1466,5/15/2010,23:30:00,74803,5.655,3.48,,,,
1467,5/16/2010,0:00:00,74803,5.552,3.48,,,,
1468,5/16/2010,0:30:00,74790,5.45,3.48,,,,
1469,5/16/2010,1:00:00,74775,5.45,3.48,,,,
1470,5/16/2010,1:30:00,74790,5.347,3.48,,,,
1471,5/16/2010,2:00:00,74776,5.244,3.48,,,,
1472,5/16/2010,2:30:00,74776,5.141,3.48,,,,
1473,5/16/2010,3:00:00,74790,5.141,3.48,,,,
1474,5/16/2010,3:30:00,74776,5.037,3.48,,,,
1475,5/16/2010,4:00:00,74749,4.934,3.48,,,,
1476,5/16/2010,4:30:00,74777,4.934,3.48,,,,
1477,5/16/2010,5:00:00,74763,4.831,3.48,,,,
1478,5/16/2010,5:30:00,74791,4.831,3.48,,,,
1479,5/16/2010,6:00:00,74805,4.727,3.51,,,,
1480,5/16/2010,6:30:00,74820,4.623,3.51,,,,
1481,5/16/2010,7:00:00,74834,4.623,3.51,,,,
1482,5/16/2010,7:30:00,74848,4.623,3.51,,,,
1483,5/16/2010,8:00:00,74848,4.623,3.51,,,,
1484,5/16/2010,8:30:00,74848,4.623,3.51,,,,
1485,5/16/2010,9:00:00,74848,4.623,3.51,,,,
1486,5/16/2010,9:30:00,74820,4.623,3.51,,,,
1487,5/16/2010,10:00:00,74834,4.727,3.51,,,,
1488,5/16/2010,10:30:00,74834,4.727,3.51,,,,
1489,5/16/2010,11:00:00,74848,4.831,3.48,,,,
1490,5/16/2010,11:30:00,74819,4.831,3.48,,,,
1491,5/16/2010,12:00:00,74777,4.934,3.48,,,,
1492,5/16/2010,12:30:00,74776,5.141,3.48,,,,
1493,5/16/2010,13:00:00,74748,5.347,3.48,,,,
1494,5/16/2010,13:30:00,74719,5.552,3.48,,,,
1495,5/16/2010,14:00:00,74732,5.86,3.48,,,,
1496,5/16/2010,14:30:00,74675,6.064,3.48,,,,
1497,5/16/2010,15:00:00,74689,6.37,3.48,,,,
1498,5/16/2010,15:30:00,74688,6.674,3.51,,,,
1499,5/16/2010,16:00:00,74673,6.978,3.51,,,,
1500,5/16/2010,16:30:00,74673,7.179,3.51,,,,
1501,5/16/2010,17:00:00,74687,7.28,3.51,,,,
1502,5/16/2010,17:30:00,74700,7.381,3.51,,,,
1503,5/16/2010,18:00:00,74715,7.381,3.51,,,,
1504,5/16/2010,18:30:00,74715,7.381,3.51,,,,
1505,5/16/2010,19:00:00,74743,7.381,3.51,,,,
1506,5/16/2010,19:30:00,74757,7.28,3.51,,,,
1507,5/16/2010,20:00:00,74786,7.179,3.51,,,,
1508,5/16/2010,20:30:00,74814,7.179,3.51,,,,
1509,5/16/2010,21:00:00,74842,7.079,3.51,,,,
1510,5/16/2010,21:30:00,74871,6.978,3.51,,,,
1511,5/16/2010,22:00:00,74871,6.877,3.51,,,,
1512,5/16/2010,22:30:00,74871,6.775,3.51,,,,
1513,5/16/2010,23:00:00,74885,6.775,3.51,,,,
1514,5/16/2010,23:30:00,74885,6.674,3.51,,,,
1515,5/17/2010,0:00:00,74872,6.573,3.51,,,,
1516,5/17/2010,0:30:00,74858,6.471,3.51,,,,
1517,5/17/2010,1:00:00,74844,6.37,3.51,,,,
1518,5/17/2010,1:30:00,74816,6.37,3.48,,,,
1519,5/17/2010,2:00:00,74816,6.268,3.48,,,,
1520,5/17/2010,2:30:00,74816,6.166,3.48,,,,
1521,5/17/2010,3:00:00,74816,6.166,3.48,,,,
1522,5/17/2010,3:30:00,74816,6.064,3.48,,,,
1523,5/17/2010,4:00:00,74830,6.064,3.48,,,,
1524,5/17/2010,4:30:00,74830,6.064,3.48,,,,
1525,5/17/2010,5:00:00,74845,5.962,3.48,,,,
1526,5/17/2010,5:30:00,74873,5.962,3.48,,,,
1527,5/17/2010,6:00:00,74887,5.962,3.48,,,,
1528,5/17/2010,6:30:00,74873,5.86,3.48,,,,
1529,5/17/2010,7:00:00,74887,5.86,3.48,,,,
1530,5/17/2010,7:30:00,74887,5.86,3.48,,,,
1531,5/17/2010,8:00:00,74901,5.86,3.48,,,,
1532,5/17/2010,8:30:00,74887,5.86,3.48,,,,
1533,5/17/2010,9:00:00,74887,5.86,3.48,,,,
1534,5/17/2010,9:30:00,74916,5.86,3.48,,,,
1535,5/17/2010,10:00:00,74916,5.86,3.48,,,,
1536,5/17/2010,10:30:00,74915,5.962,3.48,,,,
1537,5/17/2010,11:00:00,74873,5.962,3.48,,,,
1538,5/17/2010,11:30:00,74873,6.064,3.48,,,,
1539,5/17/2010,12:00:00,74844,6.166,3.48,,,,
1540,5/17/2010,12:30:00,74830,6.268,3.48,,,,
1541,5/17/2010,13:00:00,74815,6.471,3.51,,,,
1542,5/17/2010,13:30:00,74786,6.775,3.51,,,,
1543,5/17/2010,14:00:00,74744,6.978,3.51,,,,
1544,5/17/2010,14:30:00,74729,7.28,3.51,,,,
1545,5/17/2010,15:00:00,74700,7.582,3.51,,,,
1546,5/17/2010,15:30:00,74657,7.782,3.51,,,,
1547,5/17/2010,16:00:00,74614,7.983,3.51,,,,
1548,5/17/2010,16:30:00,74600,8.182,3.51,,,,
1549,5/17/2010,17:00:00,74599,8.382,3.51,,,,
1550,5/17/2010,17:30:00,74599,8.382,3.51,,,,
1551,5/17/2010,18:00:00,74571,8.481,3.51,,,,
1552,5/17/2010,18:30:00,74557,8.382,3.51,,,,
1553,5/17/2010,19:00:00,74571,8.382,3.51,,,,
1554,5/17/2010,19:30:00,74571,8.382,3.51,,,,
1555,5/17/2010,20:00:00,74586,8.282,3.51,,,,
1556,5/17/2010,20:30:00,74628,8.182,3.51,,,,
1557,5/17/2010,21:00:00,74670,8.182,3.51,,,,
1558,5/17/2010,21:30:00,74657,8.082,3.51,,,,
1559,5/17/2010,22:00:00,74643,7.983,3.51,,,,
1560,5/17/2010,22:30:00,74614,7.983,3.51,,,,
1561,5/17/2010,23:00:00,74614,7.983,3.51,,,,
1562,5/17/2010,23:30:00,74615,7.882,3.51,,,,
1563,5/18/2010,0:00:00,74601,7.882,3.51,,,,
1564,5/18/2010,0:30:00,74573,7.782,3.51,,,,
1565,5/18/2010,1:00:00,74559,7.682,3.51,,,,
1566,5/18/2010,1:30:00,74573,7.682,3.51,,,,
1567,5/18/2010,2:00:00,74545,7.582,3.51,,,,
1568,5/18/2010,2:30:00,74503,7.481,3.51,,,,
1569,5/18/2010,3:00:00,74517,7.381,3.51,,,,
1570,5/18/2010,3:30:00,74503,7.28,3.51,,,,
1571,5/18/2010,4:00:00,74531,7.28,3.51,,,,
1572,5/18/2010,4:30:00,74503,7.179,3.51,,,,
1573,5/18/2010,5:00:00,74489,7.179,3.51,,,,
1574,5/18/2010,5:30:00,74475,7.079,3.51,,,,
1575,5/18/2010,6:00:00,74489,7.079,3.51,,,,
1576,5/18/2010,6:30:00,74489,7.079,3.51,,,,
1577,5/18/2010,7:00:00,74489,7.079,3.51,,,,
1578,5/18/2010,7:30:00,74475,7.079,3.51,,,,
1579,5/18/2010,8:00:00,74475,7.079,3.51,,,,
1580,5/18/2010,8:30:00,74447,7.079,3.51,,,,
1581,5/18/2010,9:00:00,74447,7.079,3.51,,,,
1582,5/18/2010,9:30:00,74433,7.079,3.51,,,,
1583,5/18/2010,10:00:00,74419,7.179,3.51,,,,
1584,5/18/2010,10:30:00,74433,7.179,3.51,,,,
1585,5/18/2010,11:00:00,74376,7.28,3.51,,,,
1586,5/18/2010,11:30:00,74390,7.28,3.51,,,,
1587,5/18/2010,12:00:00,74376,7.381,3.51,,,,
1588,5/18/2010,12:30:00,74319,7.381,3.51,,,,
1589,5/18/2010,13:00:00,74291,7.582,3.51,,,,
1590,5/18/2010,13:30:00,74290,7.682,3.51,,,,
1591,5/18/2010,14:00:00,74234,7.882,3.51,,,,
1592,5/18/2010,14:30:00,74205,7.983,3.51,,,,
1593,5/18/2010,15:00:00,74176,8.182,3.51,,,,
1594,5/18/2010,15:30:00,74162,8.282,3.51,,,,
1595,5/18/2010,16:00:00,74148,8.382,3.51,,,,
1596,5/18/2010,16:30:00,74119,8.382,3.51,,,,
1597,5/18/2010,17:00:00,74119,8.382,3.51,,,,
1598,5/18/2010,17:30:00,74105,8.481,3.51,,,,
1599,5/18/2010,18:00:00,74091,8.382,3.51,,,,
1600,5/18/2010,18:30:00,74105,8.382,3.51,,,,
1601,5/18/2010,19:00:00,74119,8.382,3.51,,,,
1602,5/18/2010,19:30:00,74148,8.382,3.51,,,,
1603,5/18/2010,20:00:00,74162,8.282,3.51,,,,
1604,5/18/2010,20:30:00,74204,8.282,3.51,,,,
1605,5/18/2010,21:00:00,74204,8.282,3.51,,,,
1606,5/18/2010,21:30:00,74261,8.182,3.51,,,,
1607,5/18/2010,22:00:00,74261,8.182,3.51,,,,
1608,5/18/2010,22:30:00,74219,8.082,3.51,,,,
1609,5/18/2010,23:00:00,74233,8.082,3.51,,,,
1610,5/18/2010,23:30:00,74205,7.983,3.51,,,,
1611,5/19/2010,0:00:00,74219,7.882,3.51,,,,
1612,5/19/2010,0:30:00,74219,7.882,3.51,,,,
1613,5/19/2010,1:00:00,74191,7.782,3.51,,,,
1614,5/19/2010,1:30:00,74178,7.682,3.51,,,,
1615,5/19/2010,2:00:00,74164,7.582,3.51,,,,
1616,5/19/2010,2:30:00,74164,7.481,3.51,,,,
1617,5/19/2010,3:00:00,74164,7.381,3.51,,,,
1618,5/19/2010,3:30:00,74164,7.28,3.51,,,,
1619,5/19/2010,4:00:00,74178,7.28,3.51,,,,
1620,5/19/2010,4:30:00,74179,7.179,3.51,,,,
1621,5/19/2010,5:00:00,74193,7.079,3.51,,,,
1622,5/19/2010,5:30:00,74207,6.978,3.51,,,,
1623,5/19/2010,6:00:00,74236,6.877,3.51,,,,
1624,5/19/2010,6:30:00,74236,6.775,3.51,,,,
1625,5/19/2010,7:00:00,74236,6.674,3.51,,,,
1626,5/19/2010,7:30:00,74236,6.674,3.51,,,,
1627,5/19/2010,8:00:00,74265,6.674,3.51,,,,
1628,5/19/2010,8:30:00,74250,6.674,3.51,,,,
1629,5/19/2010,9:00:00,74265,6.674,3.51,,,,
1630,5/19/2010,9:30:00,74293,6.775,3.51,,,,
1631,5/19/2010,10:00:00,74321,6.775,3.51,,,,
1632,5/19/2010,10:30:00,74307,6.775,3.51,,,,
1633,5/19/2010,11:00:00,74321,6.775,3.51,,,,
1634,5/19/2010,11:30:00,74306,6.877,3.51,,,,
1635,5/19/2010,12:00:00,74264,6.877,3.51,,,,
1636,5/19/2010,12:30:00,74250,6.978,3.51,,,,
1637,5/19/2010,13:00:00,74221,7.079,3.51,,,,
1638,5/19/2010,13:30:00,74235,7.28,3.51,,,,
1639,5/19/2010,14:00:00,74249,7.481,3.51,,,,
1640,5/19/2010,14:30:00,74234,7.682,3.51,,,,
1641,5/19/2010,15:00:00,74234,7.882,3.51,,,,
1642,5/19/2010,15:30:00,74205,8.082,3.51,,,,
1643,5/19/2010,16:00:00,74176,8.282,3.51,,,,
1644,5/19/2010,16:30:00,74190,8.481,3.51,,,,
1645,5/19/2010,17:00:00,74204,8.581,3.51,,,,
1646,5/19/2010,17:30:00,74204,8.581,3.51,,,,
1647,5/19/2010,18:00:00,74232,8.581,3.51,,,,
1648,5/19/2010,18:30:00,74246,8.581,3.51,,,,
1649,5/19/2010,19:00:00,74288,8.581,3.51,,,,
1650,5/19/2010,19:30:00,74317,8.481,3.51,,,,
1651,5/19/2010,20:00:00,74359,8.382,3.51,,,,
1652,5/19/2010,20:30:00,74388,8.282,3.51,,,,
1653,5/19/2010,21:00:00,74416,8.182,3.51,,,,
1654,5/19/2010,21:30:00,74431,8.082,3.51,,,,
1655,5/19/2010,22:00:00,74417,7.983,3.51,,,,
1656,5/19/2010,22:30:00,74417,7.882,3.51,,,,
1657,5/19/2010,23:00:00,74417,7.782,3.51,,,,
1658,5/19/2010,23:30:00,74417,7.682,3.51,,,,
1659,5/20/2010,0:00:00,74418,7.582,3.51,,,,
1660,5/20/2010,0:30:00,74418,7.582,3.51,,,,
1661,5/20/2010,1:00:00,74404,7.381,3.51,,,,
1662,5/20/2010,1:30:00,74390,7.381,3.51,,,,
1663,5/20/2010,2:00:00,74390,7.28,3.51,,,,
1664,5/20/2010,2:30:00,74419,7.179,3.51,,,,
1665,5/20/2010,3:00:00,74405,7.079,3.51,,,,
1666,5/20/2010,3:30:00,74419,6.978,3.51,,,,
1667,5/20/2010,4:00:00,74391,6.877,3.51,,,,
1668,5/20/2010,4:30:00,74420,6.775,3.51,,,,
1669,5/20/2010,5:00:00,74448,6.674,3.51,,,,
1670,5/20/2010,5:30:00,74462,6.573,3.51,,,,
1671,5/20/2010,6:00:00,74477,6.471,3.51,,,,
1672,5/20/2010,6:30:00,74477,6.471,3.51,,,,
1673,5/20/2010,7:00:00,74477,6.37,3.51,,,,
1674,5/20/2010,7:30:00,74477,6.37,3.51,,,,
1675,5/20/2010,8:00:00,74491,6.37,3.51,,,,
1676,5/20/2010,8:30:00,74505,6.37,3.51,,,,
1677,5/20/2010,9:00:00,74505,6.37,3.51,,,,
1678,5/20/2010,9:30:00,74533,6.471,3.51,,,,
1679,5/20/2010,10:00:00,74533,6.471,3.51,,,,
1680,5/20/2010,10:30:00,74519,6.471,3.51,,,,
1681,5/20/2010,11:00:00,74519,6.573,3.51,,,,
1682,5/20/2010,11:30:00,74505,6.573,3.51,,,,
1683,5/20/2010,12:00:00,74519,6.674,3.51,,,,
1684,5/20/2010,12:30:00,74476,6.775,3.51,,,,
1685,5/20/2010,13:00:00,74476,6.978,3.51,,,,
1686,5/20/2010,13:30:00,74475,7.28,3.51,,,,
1687,5/20/2010,14:00:00,74432,7.582,3.51,,,,
1688,5/20/2010,14:30:00,74445,7.782,3.51,,,,
1689,5/20/2010,15:00:00,74402,8.082,3.51,,,,
1690,5/20/2010,15:30:00,74416,8.382,3.51,,,,
1691,5/20/2010,16:00:00,74401,8.68,3.51,,,,
1692,5/20/2010,16:30:00,74401,8.879,3.51,,,,
1693,5/20/2010,17:00:00,74386,8.978,3.51,,,,
1694,5/20/2010,17:30:00,74400,9.077,3.51,,,,
1695,5/20/2010,18:00:00,74443,9.077,3.51,,,,
1696,5/20/2010,18:30:00,74443,9.077,3.51,,,,
1697,5/20/2010,19:00:00,74457,8.978,3.51,,,,
1698,5/20/2010,19:30:00,74499,8.978,3.51,,,,
1699,5/20/2010,20:00:00,74528,8.879,3.51,,,,
1700,5/20/2010,20:30:00,74570,8.779,3.51,,,,
1701,5/20/2010,21:00:00,74571,8.68,3.51,,,,
1702,5/20/2010,21:30:00,74613,8.581,3.51,,,,
1703,5/20/2010,22:00:00,74613,8.481,3.51,,,,
1704,5/20/2010,22:30:00,74585,8.382,3.51,,,,
1705,5/20/2010,23:00:00,74586,8.282,3.51,,,,
1706,5/20/2010,23:30:00,74586,8.182,3.51,,,,
1707,5/21/2010,0:00:00,74600,8.082,3.51,,,,
1708,5/21/2010,0:30:00,74572,7.983,3.51,,,,
1709,5/21/2010,1:00:00,74558,7.882,3.51,,,,
1710,5/21/2010,1:30:00,74558,7.782,3.51,,,,
1711,5/21/2010,2:00:00,74530,7.782,3.51,,,,
1712,5/21/2010,2:30:00,74544,7.682,3.51,,,,
1713,5/21/2010,3:00:00,74545,7.582,3.51,,,,
1714,5/21/2010,3:30:00,74545,7.481,3.51,,,,
1715,5/21/2010,4:00:00,74517,7.381,3.51,,,,
1716,5/21/2010,4:30:00,74517,7.28,3.51,,,,
1717,5/21/2010,5:00:00,74531,7.28,3.51,,,,
1718,5/21/2010,5:30:00,74546,7.179,3.51,,,,
1719,5/21/2010,6:00:00,74574,7.079,3.51,,,,
1720,5/21/2010,6:30:00,74574,7.079,3.51,,,,
1721,5/21/2010,7:00:00,74574,6.978,3.51,,,,
1722,5/21/2010,7:30:00,74588,6.978,3.51,,,,
1723,5/21/2010,8:00:00,74588,6.978,3.51,,,,
1724,5/21/2010,8:30:00,74574,6.978,3.51,,,,
1725,5/21/2010,9:00:00,74560,6.978,3.51,,,,
1726,5/21/2010,9:30:00,74532,7.079,3.51,,,,
1727,5/21/2010,10:00:00,74546,7.079,3.51,,,,
1728,5/21/2010,10:30:00,74546,7.079,3.51,,,,
1729,5/21/2010,11:00:00,74503,7.179,3.51,,,,
1730,5/21/2010,11:30:00,74531,7.28,3.51,,,,
1731,5/21/2010,12:00:00,74489,7.381,3.51,,,,
1732,5/21/2010,12:30:00,74460,7.481,3.51,,,,
1733,5/21/2010,13:00:00,74417,7.682,3.51,,,,
1734,5/21/2010,13:30:00,74403,7.983,3.51,,,,
1735,5/21/2010,14:00:00,74388,8.282,3.51,,,,
1736,5/21/2010,14:30:00,74331,8.581,3.51,,,,
1737,5/21/2010,15:00:00,74274,8.779,3.51,,,,
1738,5/21/2010,15:30:00,74245,9.077,3.51,,,,
1739,5/21/2010,16:00:00,74258,9.373,3.51,,,,
1740,5/21/2010,16:30:00,74216,9.472,3.54,,,,
1741,5/21/2010,17:00:00,74201,9.669,3.51,,,,
1742,5/21/2010,17:30:00,74187,9.669,3.51,,,,
1743,5/21/2010,18:00:00,74173,9.768,3.51,,,,
1744,5/21/2010,18:30:00,74159,9.768,3.51,,,,
1745,5/21/2010,19:00:00,74159,9.669,3.51,,,,
1746,5/21/2010,19:30:00,74159,9.669,3.51,,,,
1747,5/21/2010,20:00:00,74187,9.571,3.54,,,,
1748,5/21/2010,20:30:00,74202,9.571,3.54,,,,
1749,5/21/2010,21:00:00,74258,9.472,3.54,,,,
1750,5/21/2010,21:30:00,74258,9.373,3.54,,,,
1751,5/21/2010,22:00:00,74287,9.275,3.54,,,,
1752,5/21/2010,22:30:00,74301,9.275,3.54,,,,
1753,5/21/2010,23:00:00,74273,9.176,3.54,,,,
1754,5/21/2010,23:30:00,74259,9.077,3.54,,,,
1755,5/22/2010,0:00:00,74245,8.978,3.51,,,,
1756,5/22/2010,0:30:00,74231,8.879,3.51,,,,
1757,5/22/2010,1:00:00,74203,8.779,3.51,,,,
1758,5/22/2010,1:30:00,74175,8.68,3.51,,,,
1759,5/22/2010,2:00:00,74147,8.581,3.51,,,,
1760,5/22/2010,2:30:00,74147,8.581,3.51,,,,
1761,5/22/2010,3:00:00,74176,8.481,3.51,,,,
1762,5/22/2010,3:30:00,74176,8.382,3.51,,,,
1763,5/22/2010,4:00:00,74162,8.282,3.51,,,,
1764,5/22/2010,4:30:00,74162,8.182,3.51,,,,
1765,5/22/2010,5:00:00,74191,8.182,3.51,,,,
1766,5/22/2010,5:30:00,74219,8.082,3.51,,,,
1767,5/22/2010,6:00:00,74219,7.983,3.51,,,,
1768,5/22/2010,6:30:00,74219,7.882,3.51,,,,
1769,5/22/2010,7:00:00,74191,7.882,3.51,,,,
1770,5/22/2010,7:30:00,74205,7.882,3.51,,,,
1771,5/22/2010,8:00:00,74191,7.882,3.51,,,,
1772,5/22/2010,8:30:00,74177,7.882,3.51,,,,
1773,5/22/2010,9:00:00,74149,7.882,3.51,,,,
1774,5/22/2010,9:30:00,74149,7.882,3.51,,,,
1775,5/22/2010,10:00:00,74107,7.882,3.51,,,,
1776,5/22/2010,10:30:00,74121,7.882,3.51,,,,
1777,5/22/2010,11:00:00,74092,7.882,3.51,,,,
1778,5/22/2010,11:30:00,74078,7.983,3.51,,,,
1779,5/22/2010,12:00:00,74050,8.082,3.51,,,,
1780,5/22/2010,12:30:00,74035,8.182,3.51,,,,
1781,5/22/2010,13:00:00,73978,8.382,3.51,,,,
1782,5/22/2010,13:30:00,73949,8.68,3.51,,,,
1783,5/22/2010,14:00:00,73907,8.879,3.51,,,,
1784,5/22/2010,14:30:00,73892,9.176,3.51,,,,
1785,5/22/2010,15:00:00,73891,9.472,3.54,,,,
1786,5/22/2010,15:30:00,73848,9.669,3.51,,,,
1787,5/22/2010,16:00:00,73848,9.965,3.51,,,,
1788,5/22/2010,16:30:00,73848,10.063,3.51,,,,
1789,5/22/2010,17:00:00,73847,10.161,3.51,,,,
1790,5/22/2010,17:30:00,73875,10.259,3.51,,,,
1791,5/22/2010,18:00:00,73861,10.259,3.51,,,,
1792,5/22/2010,18:30:00,73889,10.259,3.51,,,,
1793,5/22/2010,19:00:00,73946,10.161,3.51,,,,
1794,5/22/2010,19:30:00,73989,10.161,3.51,,,,
1795,5/22/2010,20:00:00,74003,10.063,3.51,,,,
1796,5/22/2010,20:30:00,74045,9.965,3.51,,,,
1797,5/22/2010,21:00:00,74088,9.965,3.51,,,,
1798,5/22/2010,21:30:00,74116,9.866,3.51,,,,
1799,5/22/2010,22:00:00,74116,9.768,3.51,,,,
1800,5/22/2010,22:30:00,74103,9.669,3.51,,,,
1801,5/22/2010,23:00:00,74117,9.571,3.54,,,,
1802,5/22/2010,23:30:00,74131,9.472,3.54,,,,
1803,5/23/2010,0:00:00,74146,9.373,3.54,,,,
1804,5/23/2010,0:30:00,74146,9.275,3.54,,,,
1805,5/23/2010,1:00:00,74146,9.176,3.54,,,,
1806,5/23/2010,1:30:00,74160,9.077,3.54,,,,
1807,5/23/2010,2:00:00,74175,8.978,3.54,,,,
1808,5/23/2010,2:30:00,74175,8.879,3.51,,,,
1809,5/23/2010,3:00:00,74189,8.779,3.51,,,,
1810,5/23/2010,3:30:00,74204,8.68,3.51,,,,
1811,5/23/2010,4:00:00,74218,8.581,3.51,,,,
1812,5/23/2010,4:30:00,74204,8.481,3.51,,,,
1813,5/23/2010,5:00:00,74204,8.382,3.51,,,,
1814,5/23/2010,5:30:00,74204,8.282,3.51,,,,
1815,5/23/2010,6:00:00,74219,8.182,3.51,,,,
1816,5/23/2010,6:30:00,74219,8.082,3.51,,,,
1817,5/23/2010,7:00:00,74233,7.983,3.51,,,,
1818,5/23/2010,7:30:00,74219,7.983,3.51,,,,
1819,5/23/2010,8:00:00,74219,7.983,3.51,,,,
1820,5/23/2010,8:30:00,74205,7.983,3.51,,,,
1821,5/23/2010,9:00:00,74191,7.983,3.51,,,,
1822,5/23/2010,9:30:00,74191,7.983,3.51,,,,
1823,5/23/2010,10:00:00,74177,8.082,3.51,,,,
1824,5/23/2010,10:30:00,74177,8.082,3.51,,,,
1825,5/23/2010,11:00:00,74163,8.082,3.51,,,,
1826,5/23/2010,11:30:00,74134,8.182,3.51,,,,
1827,5/23/2010,12:00:00,74134,8.182,3.51,,,,
1828,5/23/2010,12:30:00,74119,8.382,3.51,,,,
1829,5/23/2010,13:00:00,74077,8.581,3.51,,,,
1830,5/23/2010,13:30:00,74034,8.779,3.51,,,,
1831,5/23/2010,14:00:00,73991,9.077,3.51,,,,
1832,5/23/2010,14:30:00,73948,9.275,3.54,,,,
1833,5/23/2010,15:00:00,73905,9.571,3.54,,,,
1834,5/23/2010,15:30:00,73876,9.768,3.51,,,,
1835,5/23/2010,16:00:00,73890,9.965,3.51,,,,
1836,5/23/2010,16:30:00,73876,10.161,3.51,,,,
1837,5/23/2010,17:00:00,73861,10.259,3.51,,,,
1838,5/23/2010,17:30:00,73805,10.259,3.51,,,,
1839,5/23/2010,18:00:00,73791,10.259,3.51,,,,
1840,5/23/2010,18:30:00,73819,10.259,3.51,,,,
1841,5/23/2010,19:00:00,73833,10.161,3.51,,,,
1842,5/23/2010,19:30:00,73833,10.161,3.51,,,,
1843,5/23/2010,20:00:00,73862,10.063,3.51,,,,
1844,5/23/2010,20:30:00,73890,9.965,3.51,,,,
1845,5/23/2010,21:00:00,73918,9.965,3.51,,,,
1846,5/23/2010,21:30:00,73919,9.866,3.51,,,,
1847,5/23/2010,22:00:00,73919,9.866,3.51,,,,
1848,5/23/2010,22:30:00,73905,9.768,3.51,,,,
1849,5/23/2010,23:00:00,73891,9.669,3.51,,,,
1850,5/23/2010,23:30:00,73905,9.669,3.51,,,,
1851,5/24/2010,0:00:00,73891,9.571,3.54,,,,
1852,5/24/2010,0:30:00,73863,9.472,3.54,,,,
1853,5/24/2010,1:00:00,73849,9.373,3.54,,,,
1854,5/24/2010,1:30:00,73849,9.275,3.54,,,,
1855,5/24/2010,2:00:00,73849,9.176,3.54,,,,
1856,5/24/2010,2:30:00,73821,9.176,3.54,,,,
1857,5/24/2010,3:00:00,73850,8.978,3.54,,,,
1858,5/24/2010,3:30:00,73836,8.879,3.51,,,,
1859,5/24/2010,4:00:00,73808,8.779,3.51,,,,
1860,5/24/2010,4:30:00,73808,8.68,3.51,,,,
1861,5/24/2010,5:00:00,73907,8.68,3.51,,,,
1862,5/24/2010,5:30:00,73950,8.581,3.51,,,,
1863,5/24/2010,6:00:00,73978,8.481,3.51,,,,
1864,5/24/2010,6:30:00,74021,8.382,3.51,,,,
1865,5/24/2010,7:00:00,74021,8.282,3.51,,,,
1866,5/24/2010,7:30:00,74049,8.282,3.51,,,,
1867,5/24/2010,8:00:00,74120,8.182,3.51,,,,
1868,5/24/2010,8:30:00,74064,8.082,3.51,,,,
1869,5/24/2010,9:00:00,74092,8.082,3.51,,,,
1870,5/24/2010,9:30:00,74106,7.983,3.51,,,,
1871,5/24/2010,10:00:00,74163,7.983,3.51,,,,
1872,5/24/2010,10:30:00,74219,7.983,3.51,,,,
1873,5/24/2010,11:00:00,74219,7.983,3.51,,,,
1874,5/24/2010,11:30:00,74234,7.882,3.51,,,,
1875,5/24/2010,12:00:00,74262,7.983,3.51,,,,
1876,5/24/2010,12:30:00,74261,8.082,3.51,,,,
1877,5/24/2010,13:00:00,74275,8.282,3.51,,,,
1878,5/24/2010,13:30:00,74275,8.481,3.51,,,,
1879,5/24/2010,14:00:00,74288,8.68,3.51,,,,
1880,5/24/2010,14:30:00,74274,8.879,3.51,,,,
1881,5/24/2010,15:00:00,74273,9.176,3.54,,,,
1882,5/24/2010,15:30:00,74244,9.373,3.54,,,,
1883,5/24/2010,16:00:00,74230,9.571,3.54,,,,
1884,5/24/2010,16:30:00,74272,9.768,3.51,,,,
1885,5/24/2010,17:00:00,74272,9.866,3.51,,,,
1886,5/24/2010,17:30:00,74286,9.866,3.51,,,,
1887,5/24/2010,18:00:00,74314,9.866,3.51,,,,
1888,5/24/2010,18:30:00,74328,9.768,3.51,,,,
1889,5/24/2010,19:00:00,74314,9.669,3.51,,,,
1890,5/24/2010,19:30:00,74343,9.571,3.54,,,,
1891,5/24/2010,20:00:00,74357,9.472,3.54,,,,
1892,5/24/2010,20:30:00,74400,9.275,3.54,,,,
1893,5/24/2010,21:00:00,74443,9.077,3.54,,,,
1894,5/24/2010,21:30:00,74457,8.978,3.54,,,,
1895,5/24/2010,22:00:00,74429,8.779,3.51,,,,
1896,5/24/2010,22:30:00,74415,8.68,3.51,,,,
1897,5/24/2010,23:00:00,74401,8.581,3.51,,,,
1898,5/24/2010,23:30:00,74388,8.382,3.51,,,,
1899,5/25/2010,0:00:00,74402,8.282,3.51,,,,
1900,5/25/2010,0:30:00,74402,8.182,3.51,,,,
1901,5/25/2010,1:00:00,74374,8.082,3.51,,,,
1902,5/25/2010,1:30:00,74375,7.882,3.51,,,,
1903,5/25/2010,2:00:00,74361,7.782,3.51,,,,
1904,5/25/2010,2:30:00,74347,7.682,3.51,,,,
1905,5/25/2010,3:00:00,74361,7.582,3.51,,,,
1906,5/25/2010,3:30:00,74376,7.481,3.51,,,,
1907,5/25/2010,4:00:00,74390,7.381,3.51,,,,
1908,5/25/2010,4:30:00,74376,7.179,3.51,,,,
1909,5/25/2010,5:00:00,74405,7.179,3.51,,,,
1910,5/25/2010,5:30:00,74433,6.978,3.51,,,,
1911,5/25/2010,6:00:00,74447,6.978,3.51,,,,
1912,5/25/2010,6:30:00,74462,6.877,3.51,,,,
1913,5/25/2010,7:00:00,74490,6.775,3.51,,,,
1914,5/25/2010,7:30:00,74532,6.775,3.51,,,,
1915,5/25/2010,8:00:00,74547,6.775,3.51,,,,
1916,5/25/2010,8:30:00,74575,6.775,3.51,,,,
1917,5/25/2010,9:00:00,74575,6.775,3.51,,,,
1918,5/25/2010,9:30:00,74589,6.775,3.51,,,,
1919,5/25/2010,10:00:00,74603,6.877,3.51,,,,
1920,5/25/2010,10:30:00,74617,6.877,3.51,,,,
1921,5/25/2010,11:00:00,74617,6.978,3.51,,,,
1922,5/25/2010,11:30:00,74631,6.978,3.51,,,,
1923,5/25/2010,12:00:00,74616,7.079,3.51,,,,
1924,5/25/2010,12:30:00,74616,7.179,3.51,,,,
1925,5/25/2010,13:00:00,74616,7.381,3.51,,,,
1926,5/25/2010,13:30:00,74573,7.682,3.51,,,,
1927,5/25/2010,14:00:00,74586,7.983,3.51,,,,
1928,5/25/2010,14:30:00,74558,8.182,3.51,,,,
1929,5/25/2010,15:00:00,74557,8.481,3.51,,,,
1930,5/25/2010,15:30:00,74542,8.779,3.51,,,,
1931,5/25/2010,16:00:00,74542,8.978,3.51,,,,
1932,5/25/2010,16:30:00,74541,9.176,3.54,,,,
1933,5/25/2010,17:00:00,74541,9.275,3.54,,,,
1934,5/25/2010,17:30:00,74555,9.373,3.54,,,,
1935,5/25/2010,18:00:00,74597,9.373,3.54,,,,
1936,5/25/2010,18:30:00,74569,9.373,3.54,,,,
1937,5/25/2010,19:00:00,74583,9.275,3.54,,,,
1938,5/25/2010,19:30:00,74598,9.275,3.54,,,,
1939,5/25/2010,20:00:00,74612,9.176,3.54,,,,
1940,5/25/2010,20:30:00,74640,9.077,3.54,,,,
1941,5/25/2010,21:00:00,74655,8.879,3.51,,,,
1942,5/25/2010,21:30:00,74683,8.779,3.51,,,,
1943,5/25/2010,22:00:00,74669,8.68,3.51,,,,
1944,5/25/2010,22:30:00,74684,8.581,3.51,,,,
1945,5/25/2010,23:00:00,74656,8.481,3.51,,,,
1946,5/25/2010,23:30:00,74642,8.382,3.51,,,,
1947,5/26/2010,0:00:00,74628,8.282,3.51,,,,
1948,5/26/2010,0:30:00,74642,8.182,3.51,,,,
1949,5/26/2010,1:00:00,74614,8.182,3.51,,,,
1950,5/26/2010,1:30:00,74642,8.082,3.51,,,,
1951,5/26/2010,2:00:00,74671,7.983,3.51,,,,
1952,5/26/2010,2:30:00,74643,7.983,3.51,,,,
1953,5/26/2010,3:00:00,74657,7.882,3.51,,,,
1954,5/26/2010,3:30:00,74671,7.782,3.51,,,,
1955,5/26/2010,4:00:00,74686,7.682,3.51,,,,
1956,5/26/2010,4:30:00,74686,7.582,3.51,,,,
1957,5/26/2010,5:00:00,74714,7.582,3.51,,,,
1958,5/26/2010,5:30:00,74743,7.481,3.51,,,,
1959,5/26/2010,6:00:00,74743,7.481,3.51,,,,
1960,5/26/2010,6:30:00,74799,7.481,3.51,,,,
1961,5/26/2010,7:00:00,74813,7.481,3.51,,,,
1962,5/26/2010,7:30:00,74870,7.481,3.51,,,,
1963,5/26/2010,8:00:00,74870,7.481,3.51,,,,
1964,5/26/2010,8:30:00,74870,7.481,3.51,,,,
1965,5/26/2010,9:00:00,74870,7.481,3.51,,,,
1966,5/26/2010,9:30:00,74869,7.582,3.51,,,,
1967,5/26/2010,10:00:00,74898,7.582,3.51,,,,
1968,5/26/2010,10:30:00,74898,7.582,3.51,,,,
1969,5/26/2010,11:00:00,74869,7.582,3.51,,,,
1970,5/26/2010,11:30:00,74841,7.682,3.51,,,,
1971,5/26/2010,12:00:00,74827,7.782,3.51,,,,
1972,5/26/2010,12:30:00,74798,7.882,3.51,,,,
1973,5/26/2010,13:00:00,74784,8.082,3.51,,,,
1974,5/26/2010,13:30:00,74797,8.382,3.51,,,,
1975,5/26/2010,14:00:00,74740,8.581,3.51,,,,
1976,5/26/2010,14:30:00,74725,8.879,3.51,,,,
1977,5/26/2010,15:00:00,74711,9.176,3.54,,,,
1978,5/26/2010,15:30:00,74654,9.373,3.54,,,,
1979,5/26/2010,16:00:00,74653,9.669,3.51,,,,
1980,5/26/2010,16:30:00,74625,9.768,3.51,,,,
1981,5/26/2010,17:00:00,74653,9.965,3.51,,,,
1982,5/26/2010,17:30:00,74653,9.965,3.51,,,,
1983,5/26/2010,18:00:00,74667,10.063,3.51,,,,
1984,5/26/2010,18:30:00,74681,10.063,3.51,,,,
1985,5/26/2010,19:00:00,74681,10.063,3.51,,,,
1986,5/26/2010,19:30:00,74723,9.965,3.51,,,,
1987,5/26/2010,20:00:00,74737,9.965,3.51,,,,
1988,5/26/2010,20:30:00,74780,9.866,3.51,,,,
1989,5/26/2010,21:00:00,74851,9.866,3.51,,,,
1990,5/26/2010,21:30:00,74865,9.768,3.51,,,,
1991,5/26/2010,22:00:00,74879,9.768,3.51,,,,
1992,5/26/2010,22:30:00,74851,9.669,3.51,,,,
1993,5/26/2010,23:00:00,74851,9.669,3.51,,,,
1994,5/26/2010,23:30:00,74837,9.669,3.51,,,,
1995,5/27/2010,0:00:00,74837,9.571,3.54,,,,
1996,5/27/2010,0:30:00,74865,9.571,3.54,,,,
1997,5/27/2010,1:00:00,74880,9.472,3.54,,,,
1998,5/27/2010,1:30:00,74894,9.472,3.54,,,,
1999,5/27/2010,2:00:00,74894,9.373,3.54,,,,
2000,5/27/2010,2:30:00,74880,9.373,3.54,,,,
2001,5/27/2010,3:00:00,74880,9.275,3.54,,,,
2002,5/27/2010,3:30:00,74894,9.275,3.54,,,,
2003,5/27/2010,4:00:00,74908,9.176,3.54,,,,
2004,5/27/2010,4:30:00,74922,9.176,3.54,,,,
2005,5/27/2010,5:00:00,74965,9.176,3.54,,,,
2006,5/27/2010,5:30:00,74965,9.077,3.54,,,,
2007,5/27/2010,6:00:00,75007,9.077,3.54,,,,
2008,5/27/2010,6:30:00,75021,9.077,3.54,,,,
2009,5/27/2010,7:00:00,75036,9.077,3.54,,,,
2010,5/27/2010,7:30:00,75050,9.077,3.54,,,,
2011,5/27/2010,8:00:00,75064,9.077,3.54,,,,
2012,5/27/2010,8:30:00,75064,9.176,3.54,,,,
2013,5/27/2010,9:00:00,75064,9.176,3.54,,,,
2014,5/27/2010,9:30:00,75064,9.176,3.54,,,,
2015,5/27/2010,10:00:00,75063,9.275,3.54,,,,
2016,5/27/2010,10:30:00,75063,9.275,3.54,,,,
2017,5/27/2010,11:00:00,75049,9.275,3.54,,,,
2018,5/27/2010,11:30:00,75035,9.373,3.54,,,,
2019,5/27/2010,12:00:00,74992,9.472,3.54,,,,
2020,5/27/2010,12:30:00,74992,9.669,3.51,,,,
2021,5/27/2010,13:00:00,74950,9.768,3.51,,,,
2022,5/27/2010,13:30:00,74907,9.965,3.51,,,,
2023,5/27/2010,14:00:00,74906,10.161,3.51,,,,
2024,5/27/2010,14:30:00,74863,10.455,3.51,,,,
2025,5/27/2010,15:00:00,74892,10.553,3.51,,,,
2026,5/27/2010,15:30:00,74849,10.651,3.51,,,,
2027,5/27/2010,16:00:00,74849,10.651,3.51,,,,
2028,5/27/2010,16:30:00,74863,10.651,3.51,,,,
2029,5/27/2010,17:00:00,74849,10.651,3.51,,,,
2030,5/27/2010,17:30:00,74877,10.651,3.51,,,,
2031,5/27/2010,18:00:00,74877,10.748,3.51,,,,
2032,5/27/2010,18:30:00,74920,10.651,3.51,,,,
2033,5/27/2010,19:00:00,74905,10.651,3.51,,,,
2034,5/27/2010,19:30:00,74962,10.651,3.51,,,,
2035,5/27/2010,20:00:00,75018,10.651,3.51,,,,
2036,5/27/2010,20:30:00,74962,10.651,3.51,,,,
2037,5/27/2010,21:00:00,75005,10.553,3.51,,,,
2038,5/27/2010,21:30:00,75033,10.553,3.51,,,,
2039,5/27/2010,22:00:00,75033,10.553,3.51,,,,
2040,5/27/2010,22:30:00,75005,10.455,3.51,,,,
2041,5/27/2010,23:00:00,75019,10.455,3.51,,,,
2042,5/27/2010,23:30:00,75005,10.455,3.51,,,,
2043,5/28/2010,0:00:00,74977,10.357,3.51,,,,
2044,5/28/2010,0:30:00,74963,10.357,3.51,,,,
2045,5/28/2010,1:00:00,74949,10.259,3.51,,,,
2046,5/28/2010,1:30:00,74963,10.161,3.51,,,,
2047,5/28/2010,2:00:00,74949,10.063,3.51,,,,
2048,5/28/2010,2:30:00,74949,10.063,3.51,,,,
2049,5/28/2010,3:00:00,74949,9.965,3.51,,,,
2050,5/28/2010,3:30:00,74921,9.866,3.51,,,,
2051,5/28/2010,4:00:00,74950,9.768,3.51,,,,
2052,5/28/2010,4:30:00,74935,9.768,3.51,,,,
2053,5/28/2010,5:00:00,74936,9.669,3.51,,,,
2054,5/28/2010,5:30:00,74964,9.571,3.54,,,,
2055,5/28/2010,6:00:00,74978,9.571,3.54,,,,
2056,5/28/2010,6:30:00,74964,9.472,3.54,,,,
2057,5/28/2010,7:00:00,74964,9.472,3.54,,,,
2058,5/28/2010,7:30:00,74992,9.472,3.54,,,,
2059,5/28/2010,8:00:00,75007,9.472,3.54,,,,
2060,5/28/2010,8:30:00,74992,9.472,3.54,,,,
2061,5/28/2010,9:00:00,75021,9.472,3.54,,,,
2062,5/28/2010,9:30:00,75021,9.472,3.54,,,,
2063,5/28/2010,10:00:00,75006,9.571,3.54,,,,
2064,5/28/2010,10:30:00,74992,9.571,3.54,,,,
2065,5/28/2010,11:00:00,74964,9.571,3.54,,,,
2066,5/28/2010,11:30:00,74950,9.669,3.51,,,,
2067,5/28/2010,12:00:00,74893,9.768,3.51,,,,
2068,5/28/2010,12:30:00,74836,9.866,3.51,,,,
2069,5/28/2010,13:00:00,74808,10.063,3.51,,,,
2070,5/28/2010,13:30:00,74779,10.357,3.51,,,,
2071,5/28/2010,14:00:00,74694,10.553,3.51,,,,
2072,5/28/2010,14:30:00,74693,10.846,3.51,,,,
2073,5/28/2010,15:00:00,74679,11.139,3.51,,,,
2074,5/28/2010,15:30:00,74692,11.334,3.51,,,,
2075,5/28/2010,16:00:00,74706,11.431,3.51,,,,
2076,5/28/2010,16:30:00,74664,11.431,3.51,,,,
2077,5/28/2010,17:00:00,74650,11.431,3.51,,,,
2078,5/28/2010,17:30:00,74678,11.528,3.51,,,,
2079,5/28/2010,18:00:00,74650,11.528,3.51,,,,
2080,5/28/2010,18:30:00,74692,11.431,3.51,,,,
2081,5/28/2010,19:00:00,74706,11.431,3.51,,,,
2082,5/28/2010,19:30:00,74706,11.431,3.51,,,,
2083,5/28/2010,20:00:00,74706,11.334,3.51,,,,
2084,5/28/2010,20:30:00,74706,11.334,3.51,,,,
2085,5/28/2010,21:00:00,74749,11.236,3.51,,,,
2086,5/28/2010,21:30:00,74749,11.139,3.51,,,,
2087,5/28/2010,22:00:00,74721,11.139,3.51,,,,
2088,5/28/2010,22:30:00,74749,11.041,3.51,,,,
2089,5/28/2010,23:00:00,74735,11.041,3.51,,,,
2090,5/28/2010,23:30:00,74707,10.944,3.51,,,,
2091,5/29/2010,0:00:00,74693,10.944,3.51,,,,
2092,5/29/2010,0:30:00,74679,10.846,3.51,,,,
2093,5/29/2010,1:00:00,74679,10.748,3.51,,,,
2094,5/29/2010,1:30:00,74637,10.651,3.51,,,,
2095,5/29/2010,2:00:00,74651,10.553,3.51,,,,
2096,5/29/2010,2:30:00,74638,10.455,3.51,,,,
2097,5/29/2010,3:00:00,74638,10.357,3.51,,,,
2098,5/29/2010,3:30:00,74624,10.259,3.51,,,,
2099,5/29/2010,4:00:00,74638,10.259,3.51,,,,
2100,5/29/2010,4:30:00,74652,10.161,3.51,,,,
2101,5/29/2010,5:00:00,74652,10.063,3.51,,,,
2102,5/29/2010,5:30:00,74653,9.965,3.51,,,,
2103,5/29/2010,6:00:00,74625,9.866,3.51,,,,
2104,5/29/2010,6:30:00,74610,9.866,3.51,,,,
2105,5/29/2010,7:00:00,74639,9.768,3.51,,,,
2106,5/29/2010,7:30:00,74653,9.768,3.51,,,,
2107,5/29/2010,8:00:00,74653,9.768,3.51,,,,
2108,5/29/2010,8:30:00,74625,9.768,3.51,,,,
2109,5/29/2010,9:00:00,74625,9.768,3.51,,,,
2110,5/29/2010,9:30:00,74610,9.866,3.51,,,,
2111,5/29/2010,10:00:00,74610,9.866,3.51,,,,
2112,5/29/2010,10:30:00,74596,9.866,3.51,,,,
2113,5/29/2010,11:00:00,74596,9.866,3.51,,,,
2114,5/29/2010,11:30:00,74610,9.965,3.51,,,,
2115,5/29/2010,12:00:00,74582,9.965,3.51,,,,
2116,5/29/2010,12:30:00,74553,10.161,3.51,,,,
2117,5/29/2010,13:00:00,74539,10.357,3.51,,,,
2118,5/29/2010,13:30:00,74524,10.553,3.51,,,,
2119,5/29/2010,14:00:00,74453,10.846,3.51,,,,
2120,5/29/2010,14:30:00,74438,11.139,3.51,,,,
2121,5/29/2010,15:00:00,74382,11.334,3.51,,,,
2122,5/29/2010,15:30:00,74395,11.625,3.51,,,,
2123,5/29/2010,16:00:00,74367,11.819,3.51,,,,
2124,5/29/2010,16:30:00,74394,12.013,3.54,,,,
2125,5/29/2010,17:00:00,74380,12.11,3.54,,,,
2126,5/29/2010,17:30:00,74408,12.11,3.54,,,,
2127,5/29/2010,18:00:00,74408,12.11,3.54,,,,
2128,5/29/2010,18:30:00,74451,12.013,3.54,,,,
2129,5/29/2010,19:00:00,74465,12.013,3.54,,,,
2130,5/29/2010,19:30:00,74494,11.916,3.54,,,,
2131,5/29/2010,20:00:00,74522,11.819,3.54,,,,
2132,5/29/2010,20:30:00,74550,11.722,3.51,,,,
2133,5/29/2010,21:00:00,74565,11.625,3.51,,,,
2134,5/29/2010,21:30:00,74593,11.528,3.51,,,,
2135,5/29/2010,22:00:00,74579,11.334,3.51,,,,
2136,5/29/2010,22:30:00,74580,11.236,3.51,,,,
2137,5/29/2010,23:00:00,74594,11.139,3.51,,,,
2138,5/29/2010,23:30:00,74580,11.041,3.51,,,,
2139,5/30/2010,0:00:00,74580,10.944,3.51,,,,
2140,5/30/2010,0:30:00,74595,10.748,3.51,,,,
2141,5/30/2010,1:00:00,74595,10.651,3.51,,,,
2142,5/30/2010,1:30:00,74595,10.553,3.51,,,,
2143,5/30/2010,2:00:00,74595,10.455,3.51,,,,
2144,5/30/2010,2:30:00,74581,10.357,3.51,,,,
2145,5/30/2010,3:00:00,74567,10.259,3.51,,,,
2146,5/30/2010,3:30:00,74582,10.063,3.51,,,,
2147,5/30/2010,4:00:00,74596,9.965,3.51,,,,
2148,5/30/2010,4:30:00,74596,9.866,3.51,,,,
2149,5/30/2010,5:00:00,74611,9.768,3.51,,,,
2150,5/30/2010,5:30:00,74639,9.669,3.51,,,,
2151,5/30/2010,6:00:00,74639,9.571,3.54,,,,
2152,5/30/2010,6:30:00,74668,9.472,3.54,,,,
2153,5/30/2010,7:00:00,74668,9.373,3.54,,,,
2154,5/30/2010,7:30:00,74682,9.373,3.54,,,,
2155,5/30/2010,8:00:00,74696,9.373,3.54,,,,
2156,5/30/2010,8:30:00,74724,9.373,3.54,,,,
2157,5/30/2010,9:00:00,74710,9.373,3.54,,,,
2158,5/30/2010,9:30:00,74724,9.472,3.54,,,,
2159,5/30/2010,10:00:00,74710,9.472,3.54,,,,
2160,5/30/2010,10:30:00,74724,9.472,3.54,,,,
2161,5/30/2010,11:00:00,74738,9.472,3.54,,,,
2162,5/30/2010,11:30:00,74738,9.571,3.54,,,,
2163,5/30/2010,12:00:00,74724,9.571,3.54,,,,
2164,5/30/2010,12:30:00,74724,9.768,3.51,,,,
2165,5/30/2010,13:00:00,74723,9.965,3.51,,,,
2166,5/30/2010,13:30:00,74695,10.161,3.51,,,,
2167,5/30/2010,14:00:00,74666,10.357,3.51,,,,
2168,5/30/2010,14:30:00,74665,10.651,3.51,,,,
2169,5/30/2010,15:00:00,74637,10.944,3.51,,,,
2170,5/30/2010,15:30:00,74622,11.236,3.51,,,,
2171,5/30/2010,16:00:00,74607,11.431,3.51,,,,
2172,5/30/2010,16:30:00,74607,11.625,3.51,,,,
2173,5/30/2010,17:00:00,74579,11.722,3.51,,,,
2174,5/30/2010,17:30:00,74593,11.722,3.51,,,,
2175,5/30/2010,18:00:00,74607,11.722,3.51,,,,
2176,5/30/2010,18:30:00,74621,11.625,3.51,,,,
2177,5/30/2010,19:00:00,74649,11.625,3.51,,,,
2178,5/30/2010,19:30:00,74692,11.528,3.51,,,,
2179,5/30/2010,20:00:00,74735,11.431,3.51,,,,
2180,5/30/2010,20:30:00,74749,11.334,3.51,,,,
2181,5/30/2010,21:00:00,74792,11.139,3.51,,,,
2182,5/30/2010,21:30:00,74792,11.041,3.51,,,,
2183,5/30/2010,22:00:00,74806,10.944,3.51,,,,
2184,5/30/2010,22:30:00,74792,10.944,3.51,,,,
2185,5/30/2010,23:00:00,74806,10.846,3.51,,,,
2186,5/30/2010,23:30:00,74806,10.748,3.51,,,,
2187,5/31/2010,0:00:00,74792,10.748,3.51,,,,
2188,5/31/2010,0:30:00,74821,10.651,3.51,,,,
2189,5/31/2010,1:00:00,74821,10.553,3.51,,,,
2190,5/31/2010,1:30:00,74807,10.455,3.51,,,,
2191,5/31/2010,2:00:00,74807,10.357,3.51,,,,
2192,5/31/2010,2:30:00,74793,10.259,3.51,,,,
2193,5/31/2010,3:00:00,74808,10.161,3.51,,,,
2194,5/31/2010,3:30:00,74822,10.063,3.51,,,,
2195,5/31/2010,4:00:00,74822,10.063,3.51,,,,
2196,5/31/2010,4:30:00,74794,9.965,3.51,,,,
2197,5/31/2010,5:00:00,74808,9.866,3.51,,,,
2198,5/31/2010,5:30:00,74822,9.768,3.51,,,,
2199,5/31/2010,6:00:00,74851,9.669,3.51,,,,
2200,5/31/2010,6:30:00,74851,9.669,3.51,,,,
2201,5/31/2010,7:00:00,74865,9.571,3.54,,,,
2202,5/31/2010,7:30:00,74879,9.571,3.54,,,,
2203,5/31/2010,8:00:00,74879,9.571,3.54,,,,
2204,5/31/2010,8:30:00,74893,9.571,3.54,,,,
2205,5/31/2010,9:00:00,74893,9.571,3.54,,,,
2206,5/31/2010,9:30:00,74893,9.571,3.54,,,,
2207,5/31/2010,10:00:00,74865,9.571,3.54,,,,
2208,5/31/2010,10:30:00,74893,9.669,3.51,,,,
2209,5/31/2010,11:00:00,74879,9.669,3.51,,,,
2210,5/31/2010,11:30:00,74865,9.669,3.51,,,,
2211,5/31/2010,12:00:00,74865,9.768,3.51,,,,
2212,5/31/2010,12:30:00,74836,9.965,3.51,,,,
2213,5/31/2010,13:00:00,74822,10.063,3.51,,,,
2214,5/31/2010,13:30:00,74779,10.259,3.51,,,,
2215,5/31/2010,14:00:00,74779,10.553,3.51,,,,
2216,5/31/2010,14:30:00,74736,10.748,3.51,,,,
2217,5/31/2010,15:00:00,74721,11.041,3.51,,,,
2218,5/31/2010,15:30:00,74721,11.334,3.51,,,,
2219,5/31/2010,16:00:00,74678,11.528,3.51,,,,
2220,5/31/2010,16:30:00,74678,11.625,3.51,,,,
2221,5/31/2010,17:00:00,74663,11.722,3.51,,,,
2222,5/31/2010,17:30:00,74663,11.722,3.51,,,,
2223,5/31/2010,18:00:00,74678,11.722,3.51,,,,
2224,5/31/2010,18:30:00,74678,11.722,3.51,,,,
2225,5/31/2010,19:00:00,74706,11.625,3.51,,,,
2226,5/31/2010,19:30:00,74720,11.625,3.51,,,,
2227,5/31/2010,20:00:00,74734,11.528,3.51,,,,
2228,5/31/2010,20:30:00,74749,11.431,3.51,,,,
2229,5/31/2010,21:00:00,74791,11.334,3.51,,,,
2230,5/31/2010,21:30:00,74806,11.236,3.51,,,,
2231,5/31/2010,22:00:00,74806,11.139,3.51,,,,
2232,5/31/2010,22:30:00,74778,11.041,3.51,,,,
2233,5/31/2010,23:00:00,74764,10.944,3.51,,,,
2234,5/31/2010,23:30:00,74778,10.846,3.51,,,,
2235,6/1/2010,0:00:00,74792,10.748,3.51,,,,
2236,6/1/2010,0:30:00,74778,10.651,3.51,,,,
2237,6/1/2010,1:00:00,74793,10.553,3.51,,,,
2238,6/1/2010,1:30:00,74793,10.455,3.51,,,,
2239,6/1/2010,2:00:00,74793,10.357,3.51,,,,
2240,6/1/2010,2:30:00,74793,10.259,3.51,,,,
2241,6/1/2010,3:00:00,74808,10.161,3.51,,,,
2242,6/1/2010,3:30:00,74794,10.063,3.51,,,,
2243,6/1/2010,4:00:00,74794,9.965,3.51,,,,
2244,6/1/2010,4:30:00,74808,9.866,3.51,,,,
2245,6/1/2010,5:00:00,74808,9.768,3.51,,,,
2246,6/1/2010,5:30:00,74823,9.669,3.51,,,,
2247,6/1/2010,6:00:00,74837,9.669,3.51,,,,
2248,6/1/2010,6:30:00,74851,9.571,3.54,,,,
2249,6/1/2010,7:00:00,74809,9.472,3.54,,,,
2250,6/1/2010,7:30:00,74851,9.472,3.54,,,,
2251,6/1/2010,8:00:00,74837,9.472,3.54,,,,
2252,6/1/2010,8:30:00,74837,9.472,3.54,,,,
2253,6/1/2010,9:00:00,74823,9.472,3.54,,,,
2254,6/1/2010,9:30:00,74809,9.571,3.54,,,,
2255,6/1/2010,10:00:00,74809,9.571,3.54,,,,
2256,6/1/2010,10:30:00,74809,9.571,3.54,,,,
2257,6/1/2010,11:00:00,74794,9.669,3.51,,,,
2258,6/1/2010,11:30:00,74780,9.669,3.51,,,,
2259,6/1/2010,12:00:00,74766,9.768,3.51,,,,
2260,6/1/2010,12:30:00,74738,9.866,3.51,,,,
2261,6/1/2010,12:40:00,,,,,Logged,,
2262,6/1/2010,12:40:05,,,,,,Logged,Logged
