Plot Title:  Sulfur Creek 11-08,,,,,,,,
#,"Date Time, GMT-06:00","Date Time, GMT-06:00","Abs Pres, Pa (LGR S/N: 1280510, SEN S/N: 1280510)","Temp, °C (LGR S/N: 1280510, SEN S/N: 1280510)",Coupler Detached (LGR S/N: 1280510),Coupler Attached (LGR S/N: 1280510),Stopped (LGR S/N: 1280510),End Of File (LGR S/N: 1280510)
1,9/10/2009,10:24:23,75952,11.236,Logged,,,
2,9/10/2009,10:39:23,76014,11.041,,,,
3,9/10/2009,10:54:23,76004,11.041,,,,
4,9/10/2009,11:09:23,75984,11.041,,,,
5,9/10/2009,11:24:23,75984,11.041,,,,
6,9/10/2009,11:39:23,75993,11.139,,,,
7,9/10/2009,11:54:23,75973,11.139,,,,
8,9/10/2009,12:09:23,75963,11.139,,,,
9,9/10/2009,12:24:23,75963,11.139,,,,
10,9/10/2009,12:39:23,75963,11.139,,,,
11,9/10/2009,12:54:23,75953,11.139,,,,
12,9/10/2009,13:09:23,75953,11.139,,,,
13,9/10/2009,13:24:23,75943,11.139,,,,
14,9/10/2009,13:39:23,75963,11.139,,,,
15,9/10/2009,13:54:23,75952,11.236,,,,
16,9/10/2009,14:09:23,75942,11.236,,,,
17,9/10/2009,14:24:23,75911,11.236,,,,
18,9/10/2009,14:39:23,75911,11.236,,,,
19,9/10/2009,14:54:23,75922,11.236,,,,
20,9/10/2009,15:09:23,75891,11.236,,,,
21,9/10/2009,15:24:23,75901,11.236,,,,
22,9/10/2009,15:39:23,75861,11.236,,,,
23,9/10/2009,15:54:23,75851,11.236,,,,
24,9/10/2009,16:09:23,75841,11.236,,,,
25,9/10/2009,16:24:23,75830,11.236,,,,
26,9/10/2009,16:39:23,75841,11.236,,,,
27,9/10/2009,16:54:23,75830,11.236,,,,
28,9/10/2009,17:09:23,75800,11.236,,,,
29,9/10/2009,17:24:23,75830,11.334,,,,
30,9/10/2009,17:39:23,75830,11.334,,,,
31,9/10/2009,17:54:23,75870,11.334,,,,
32,9/10/2009,18:09:23,75850,11.334,,,,
33,9/10/2009,18:24:23,75860,11.334,,,,
34,9/10/2009,18:39:23,75870,11.334,,,,
35,9/10/2009,18:54:23,75891,11.334,,,,
36,9/10/2009,19:09:23,75891,11.334,,,,
37,9/10/2009,19:24:23,75891,11.334,,,,
38,9/10/2009,19:39:23,75901,11.334,,,,
39,9/10/2009,19:54:23,75921,11.334,,,,
40,9/10/2009,20:09:23,75921,11.334,,,,
41,9/10/2009,20:24:23,75921,11.334,,,,
42,9/10/2009,20:39:23,75941,11.334,,,,
43,9/10/2009,20:54:23,75981,11.431,,,,
44,9/10/2009,21:09:23,76012,11.431,,,,
45,9/10/2009,21:24:23,76042,11.431,,,,
46,9/10/2009,21:39:23,76052,11.431,,,,
47,9/10/2009,21:54:23,76062,11.431,,,,
48,9/10/2009,22:09:23,76072,11.431,,,,
49,9/10/2009,22:24:23,76042,11.431,,,,
50,9/10/2009,22:39:23,76042,11.431,,,,
51,9/10/2009,22:54:23,76022,11.431,,,,
52,9/10/2009,23:09:23,76022,11.431,,,,
53,9/10/2009,23:24:23,76032,11.431,,,,
54,9/10/2009,23:39:23,76042,11.431,,,,
55,9/10/2009,23:54:23,76042,11.431,,,,
56,9/11/2009,0:09:23,76042,11.431,,,,
57,9/11/2009,0:24:23,76001,11.431,,,,
58,9/11/2009,0:39:23,76022,11.431,,,,
59,9/11/2009,0:54:23,76001,11.431,,,,
60,9/11/2009,1:09:23,75991,11.431,,,,
61,9/11/2009,1:24:23,75971,11.431,,,,
62,9/11/2009,1:39:23,75961,11.431,,,,
63,9/11/2009,1:54:23,75961,11.431,,,,
64,9/11/2009,2:09:23,75951,11.431,,,,
65,9/11/2009,2:24:23,75941,11.431,,,,
66,9/11/2009,2:39:23,75941,11.431,,,,
67,9/11/2009,2:54:23,75930,11.431,,,,
68,9/11/2009,3:09:23,75931,11.334,,,,
69,9/11/2009,3:24:23,75931,11.334,,,,
70,9/11/2009,3:39:23,75911,11.334,,,,
71,9/11/2009,3:54:23,75891,11.334,,,,
72,9/11/2009,4:09:23,75911,11.334,,,,
73,9/11/2009,4:24:23,75921,11.334,,,,
74,9/11/2009,4:39:23,75921,11.334,,,,
75,9/11/2009,4:54:23,75901,11.334,,,,
76,9/11/2009,5:09:23,75901,11.334,,,,
77,9/11/2009,5:24:23,75891,11.334,,,,
78,9/11/2009,5:39:23,75901,11.236,,,,
79,9/11/2009,5:54:23,75911,11.236,,,,
80,9/11/2009,6:09:23,75901,11.236,,,,
81,9/11/2009,6:24:23,75901,11.236,,,,
82,9/11/2009,6:39:23,75932,11.236,,,,
83,9/11/2009,6:54:23,75922,11.236,,,,
84,9/11/2009,7:09:23,75942,11.236,,,,
85,9/11/2009,7:24:23,75922,11.236,,,,
86,9/11/2009,7:39:23,75932,11.236,,,,
87,9/11/2009,7:54:23,75922,11.139,,,,
88,9/11/2009,8:09:23,75932,11.236,,,,
89,9/11/2009,8:24:23,75932,11.236,,,,
90,9/11/2009,8:39:23,75911,11.236,,,,
91,9/11/2009,8:54:23,75922,11.236,,,,
92,9/11/2009,9:09:23,75922,11.236,,,,
93,9/11/2009,9:24:23,75911,11.236,,,,
94,9/11/2009,9:39:23,75911,11.236,,,,
95,9/11/2009,9:54:23,75901,11.236,,,,
96,9/11/2009,10:09:23,75911,11.236,,,,
97,9/11/2009,10:24:23,75901,11.236,,,,
98,9/11/2009,10:39:23,75901,11.236,,,,
99,9/11/2009,10:54:23,75901,11.236,,,,
100,9/11/2009,11:09:23,75880,11.334,,,,
101,9/11/2009,11:24:23,75880,11.334,,,,
102,9/11/2009,11:39:23,75870,11.334,,,,
103,9/11/2009,11:54:23,75850,11.334,,,,
104,9/11/2009,12:09:23,75840,11.334,,,,
105,9/11/2009,12:24:23,75809,11.334,,,,
106,9/11/2009,12:39:23,75789,11.431,,,,
107,9/11/2009,12:54:23,75768,11.431,,,,
108,9/11/2009,13:09:23,75768,11.431,,,,
109,9/11/2009,13:24:23,75778,11.431,,,,
110,9/11/2009,13:39:23,75789,11.431,,,,
111,9/11/2009,13:54:23,75768,11.431,,,,
112,9/11/2009,14:09:23,75747,11.528,,,,
113,9/11/2009,14:24:23,75768,11.528,,,,
114,9/11/2009,14:39:23,75757,11.528,,,,
115,9/11/2009,14:54:23,75717,11.528,,,,
116,9/11/2009,15:09:23,75707,11.528,,,,
117,9/11/2009,15:24:23,75686,11.625,,,,
118,9/11/2009,15:39:23,75686,11.625,,,,
119,9/11/2009,15:54:23,75676,11.625,,,,
120,9/11/2009,16:09:23,75686,11.625,,,,
121,9/11/2009,16:24:23,75676,11.625,,,,
122,9/11/2009,16:39:23,75666,11.625,,,,
123,9/11/2009,16:54:23,75666,11.625,,,,
124,9/11/2009,17:09:23,75675,11.722,,,,
125,9/11/2009,17:24:23,75695,11.722,,,,
126,9/11/2009,17:39:23,75695,11.722,,,,
127,9/11/2009,17:54:23,75695,11.722,,,,
128,9/11/2009,18:09:23,75685,11.722,,,,
129,9/11/2009,18:24:23,75726,11.722,,,,
130,9/11/2009,18:39:23,75716,11.722,,,,
131,9/11/2009,18:54:23,75746,11.722,,,,
132,9/11/2009,19:09:23,75787,11.722,,,,
133,9/11/2009,19:24:23,75786,11.819,,,,
134,9/11/2009,19:39:23,75796,11.819,,,,
135,9/11/2009,19:54:23,75776,11.819,,,,
136,9/11/2009,20:09:23,75786,11.819,,,,
137,9/11/2009,20:24:23,75816,11.819,,,,
138,9/11/2009,20:39:23,75796,11.819,,,,
139,9/11/2009,20:54:23,75816,11.819,,,,
140,9/11/2009,21:09:23,75837,11.819,,,,
141,9/11/2009,21:24:23,75826,11.819,,,,
142,9/11/2009,21:39:23,75847,11.819,,,,
143,9/11/2009,21:54:23,75847,11.819,,,,
144,9/11/2009,22:09:23,75837,11.819,,,,
145,9/11/2009,22:24:23,75837,11.819,,,,
146,9/11/2009,22:39:23,75847,11.819,,,,
147,9/11/2009,22:54:23,75847,11.819,,,,
148,9/11/2009,23:09:23,75857,11.819,,,,
149,9/11/2009,23:24:23,75847,11.819,,,,
150,9/11/2009,23:39:23,75857,11.819,,,,
151,9/11/2009,23:54:23,75837,11.819,,,,
152,9/12/2009,0:09:23,75826,11.819,,,,
153,9/12/2009,0:24:23,75837,11.722,,,,
154,9/12/2009,0:39:23,75847,11.722,,,,
155,9/12/2009,0:54:23,75837,11.722,,,,
156,9/12/2009,1:09:23,75807,11.722,,,,
157,9/12/2009,1:24:23,75817,11.722,,,,
158,9/12/2009,1:39:23,75817,11.722,,,,
159,9/12/2009,1:54:23,75808,11.625,,,,
160,9/12/2009,2:09:23,75797,11.625,,,,
161,9/12/2009,2:24:23,75777,11.625,,,,
162,9/12/2009,2:39:23,75787,11.625,,,,
163,9/12/2009,2:54:23,75767,11.625,,,,
164,9/12/2009,3:09:23,75778,11.528,,,,
165,9/12/2009,3:24:23,75757,11.528,,,,
166,9/12/2009,3:39:23,75747,11.528,,,,
167,9/12/2009,3:54:23,75737,11.528,,,,
168,9/12/2009,4:09:23,75717,11.528,,,,
169,9/12/2009,4:24:23,75717,11.528,,,,
170,9/12/2009,4:39:23,75707,11.431,,,,
171,9/12/2009,4:54:23,75697,11.431,,,,
172,9/12/2009,5:09:23,75697,11.431,,,,
173,9/12/2009,5:24:23,75667,11.431,,,,
174,9/12/2009,5:39:23,75677,11.431,,,,
175,9/12/2009,5:54:23,75668,11.334,,,,
176,9/12/2009,6:09:23,75698,11.334,,,,
177,9/12/2009,6:24:23,75688,11.334,,,,
178,9/12/2009,6:39:23,75668,11.334,,,,
179,9/12/2009,6:54:23,75657,11.334,,,,
180,9/12/2009,7:09:23,75658,11.236,,,,
181,9/12/2009,7:24:23,75658,11.236,,,,
182,9/12/2009,7:39:23,75668,11.236,,,,
183,9/12/2009,7:54:23,75638,11.236,,,,
184,9/12/2009,8:09:23,75658,11.236,,,,
185,9/12/2009,8:24:23,75638,11.236,,,,
186,9/12/2009,8:39:23,75648,11.236,,,,
187,9/12/2009,8:54:23,75668,11.236,,,,
188,9/12/2009,9:09:23,75668,11.236,,,,
189,9/12/2009,9:24:23,75658,11.236,,,,
190,9/12/2009,9:39:23,75638,11.236,,,,
191,9/12/2009,9:54:23,75648,11.236,,,,
192,9/12/2009,10:09:23,75627,11.334,,,,
193,9/12/2009,10:24:23,75627,11.334,,,,
194,9/12/2009,10:39:23,75617,11.334,,,,
195,9/12/2009,10:54:23,75627,11.334,,,,
196,9/12/2009,11:09:23,75617,11.334,,,,
197,9/12/2009,11:24:23,75587,11.334,,,,
198,9/12/2009,11:39:23,75576,11.431,,,,
199,9/12/2009,11:54:23,75566,11.431,,,,
200,9/12/2009,12:09:23,75525,11.431,,,,
201,9/12/2009,12:24:23,75515,11.431,,,,
202,9/12/2009,12:39:23,75505,11.431,,,,
203,9/12/2009,12:54:23,75494,11.528,,,,
204,9/12/2009,13:09:23,75484,11.528,,,,
205,9/12/2009,13:24:23,75504,11.528,,,,
206,9/12/2009,13:39:23,75555,11.528,,,,
207,9/12/2009,13:54:23,75676,11.625,,,,
208,9/12/2009,14:09:23,75605,11.625,,,,
209,9/12/2009,14:24:23,75524,11.625,,,,
210,9/12/2009,14:39:23,75473,11.625,,,,
211,9/12/2009,14:54:23,75422,11.625,,,,
212,9/12/2009,15:09:23,75432,11.625,,,,
213,9/12/2009,15:24:23,75412,11.625,,,,
214,9/12/2009,15:39:23,75402,11.625,,,,
215,9/12/2009,15:54:23,75392,11.625,,,,
216,9/12/2009,16:09:23,75382,11.625,,,,
217,9/12/2009,16:24:23,75362,11.625,,,,
218,9/12/2009,16:39:23,75362,11.625,,,,
219,9/12/2009,16:54:23,75362,11.625,,,,
220,9/12/2009,17:09:23,75382,11.625,,,,
221,9/12/2009,17:24:23,75392,11.625,,,,
222,9/12/2009,17:39:23,75402,11.625,,,,
223,9/12/2009,17:54:23,75422,11.625,,,,
224,9/12/2009,18:09:23,75443,11.625,,,,
225,9/12/2009,18:24:23,75412,11.625,,,,
226,9/12/2009,18:39:23,75392,11.625,,,,
227,9/12/2009,18:54:23,75382,11.625,,,,
228,9/12/2009,19:09:23,75412,11.625,,,,
229,9/12/2009,19:24:23,75422,11.625,,,,
230,9/12/2009,19:39:23,75432,11.625,,,,
231,9/12/2009,19:54:23,75443,11.625,,,,
232,9/12/2009,20:09:23,75473,11.625,,,,
233,9/12/2009,20:24:23,75473,11.625,,,,
234,9/12/2009,20:39:23,75503,11.625,,,,
235,9/12/2009,20:54:23,75524,11.625,,,,
236,9/12/2009,21:09:23,75534,11.625,,,,
237,9/12/2009,21:24:23,75554,11.625,,,,
238,9/12/2009,21:39:23,75524,11.625,,,,
239,9/12/2009,21:54:23,75544,11.625,,,,
240,9/12/2009,22:09:23,75534,11.625,,,,
241,9/12/2009,22:24:23,75564,11.625,,,,
242,9/12/2009,22:39:23,75564,11.625,,,,
243,9/12/2009,22:54:23,75574,11.625,,,,
244,9/12/2009,23:09:23,75585,11.625,,,,
245,9/12/2009,23:24:23,75585,11.528,,,,
246,9/12/2009,23:39:23,75585,11.528,,,,
247,9/12/2009,23:54:23,75575,11.528,,,,
248,9/13/2009,0:09:23,75585,11.528,,,,
249,9/13/2009,0:24:23,75585,11.528,,,,
250,9/13/2009,0:39:23,75565,11.528,,,,
251,9/13/2009,0:54:23,75595,11.528,,,,
252,9/13/2009,1:09:23,75585,11.528,,,,
253,9/13/2009,1:24:23,75585,11.528,,,,
254,9/13/2009,1:39:23,75575,11.528,,,,
255,9/13/2009,1:54:23,75575,11.528,,,,
256,9/13/2009,2:09:23,75555,11.431,,,,
257,9/13/2009,2:24:23,75586,11.431,,,,
258,9/13/2009,2:39:23,75576,11.431,,,,
259,9/13/2009,2:54:23,75596,11.431,,,,
260,9/13/2009,3:09:23,75586,11.431,,,,
261,9/13/2009,3:24:23,75555,11.431,,,,
262,9/13/2009,3:39:23,75555,11.431,,,,
263,9/13/2009,3:54:23,75566,11.431,,,,
264,9/13/2009,4:09:23,75566,11.431,,,,
265,9/13/2009,4:24:23,75576,11.334,,,,
266,9/13/2009,4:39:23,75556,11.334,,,,
267,9/13/2009,4:54:23,75566,11.334,,,,
268,9/13/2009,5:09:23,75587,11.334,,,,
269,9/13/2009,5:24:23,75587,11.334,,,,
270,9/13/2009,5:39:23,75597,11.334,,,,
271,9/13/2009,5:54:23,75597,11.334,,,,
272,9/13/2009,6:09:23,75577,11.236,,,,
273,9/13/2009,6:24:23,75607,11.236,,,,
274,9/13/2009,6:39:23,75618,11.236,,,,
275,9/13/2009,6:54:23,75648,11.236,,,,
276,9/13/2009,7:09:23,75658,11.236,,,,
277,9/13/2009,7:24:23,75668,11.236,,,,
278,9/13/2009,7:39:23,75678,11.236,,,,
279,9/13/2009,7:54:23,75699,11.236,,,,
280,9/13/2009,8:09:23,75699,11.236,,,,
281,9/13/2009,8:24:23,75678,11.236,,,,
282,9/13/2009,8:39:23,75668,11.236,,,,
283,9/13/2009,8:54:23,75658,11.236,,,,
284,9/13/2009,9:09:23,75638,11.236,,,,
285,9/13/2009,9:24:23,75607,11.236,,,,
286,9/13/2009,9:39:23,75618,11.236,,,,
287,9/13/2009,9:54:23,75607,11.236,,,,
288,9/13/2009,10:09:23,75597,11.236,,,,
289,9/13/2009,10:24:23,75618,11.236,,,,
290,9/13/2009,10:39:23,75618,11.236,,,,
291,9/13/2009,10:54:23,75607,11.236,,,,
292,9/13/2009,11:09:23,75607,11.236,,,,
293,9/13/2009,11:24:23,75597,11.334,,,,
294,9/13/2009,11:39:23,75597,11.334,,,,
295,9/13/2009,11:54:23,75587,11.334,,,,
296,9/13/2009,12:09:23,75576,11.334,,,,
297,9/13/2009,12:24:23,75587,11.334,,,,
298,9/13/2009,12:39:23,75556,11.334,,,,
299,9/13/2009,12:54:23,75566,11.431,,,,
300,9/13/2009,13:09:23,75545,11.431,,,,
301,9/13/2009,13:24:23,75515,11.431,,,,
302,9/13/2009,13:39:23,75495,11.431,,,,
303,9/13/2009,13:54:23,75494,11.528,,,,
304,9/13/2009,14:09:23,75484,11.528,,,,
305,9/13/2009,14:24:23,75484,11.528,,,,
306,9/13/2009,14:39:23,75484,11.528,,,,
307,9/13/2009,14:54:23,75474,11.528,,,,
308,9/13/2009,15:09:23,75423,11.528,,,,
309,9/13/2009,15:24:23,75402,11.625,,,,
310,9/13/2009,15:39:23,75412,11.625,,,,
311,9/13/2009,15:54:23,75432,11.625,,,,
312,9/13/2009,16:09:23,75422,11.625,,,,
313,9/13/2009,16:24:23,75412,11.625,,,,
314,9/13/2009,16:39:23,75432,11.625,,,,
315,9/13/2009,16:54:23,75432,11.625,,,,
316,9/13/2009,17:09:23,75412,11.625,,,,
317,9/13/2009,17:24:23,75412,11.625,,,,
318,9/13/2009,17:39:23,75422,11.722,,,,
319,9/13/2009,17:54:23,75432,11.722,,,,
320,9/13/2009,18:09:23,75432,11.722,,,,
321,9/13/2009,18:24:23,75442,11.722,,,,
322,9/13/2009,18:39:23,75462,11.722,,,,
323,9/13/2009,18:54:23,75482,11.722,,,,
324,9/13/2009,19:09:23,75482,11.722,,,,
325,9/13/2009,19:24:23,75503,11.722,,,,
326,9/13/2009,19:39:23,75493,11.722,,,,
327,9/13/2009,19:54:23,75533,11.722,,,,
328,9/13/2009,20:09:23,75533,11.722,,,,
329,9/13/2009,20:24:23,75553,11.722,,,,
330,9/13/2009,20:39:23,75553,11.722,,,,
331,9/13/2009,20:54:23,75604,11.722,,,,
332,9/13/2009,21:09:23,75624,11.722,,,,
333,9/13/2009,21:24:23,75624,11.722,,,,
334,9/13/2009,21:39:23,75624,11.722,,,,
335,9/13/2009,21:54:23,75685,11.819,,,,
336,9/13/2009,22:09:23,75705,11.819,,,,
337,9/13/2009,22:24:23,75735,11.819,,,,
338,9/13/2009,22:39:23,75716,11.722,,,,
339,9/13/2009,22:54:23,75665,11.722,,,,
340,9/13/2009,23:09:23,75635,11.722,,,,
341,9/13/2009,23:24:23,75645,11.722,,,,
342,9/13/2009,23:39:23,75685,11.722,,,,
343,9/13/2009,23:54:23,75695,11.722,,,,
344,9/14/2009,0:09:23,75685,11.722,,,,
345,9/14/2009,0:24:23,75675,11.722,,,,
346,9/14/2009,0:39:23,75685,11.722,,,,
347,9/14/2009,0:54:23,75675,11.722,,,,
348,9/14/2009,1:09:23,75655,11.722,,,,
349,9/14/2009,1:24:23,75666,11.625,,,,
350,9/14/2009,1:39:23,75686,11.625,,,,
351,9/14/2009,1:54:23,75655,11.625,,,,
352,9/14/2009,2:09:23,75645,11.625,,,,
353,9/14/2009,2:24:23,75635,11.625,,,,
354,9/14/2009,2:39:23,75605,11.625,,,,
355,9/14/2009,2:54:23,75595,11.625,,,,
356,9/14/2009,3:09:23,75585,11.528,,,,
357,9/14/2009,3:24:23,75565,11.528,,,,
358,9/14/2009,3:39:23,75555,11.528,,,,
359,9/14/2009,3:54:23,75555,11.528,,,,
360,9/14/2009,4:09:23,75545,11.528,,,,
361,9/14/2009,4:24:23,75534,11.528,,,,
362,9/14/2009,4:39:23,75535,11.431,,,,
363,9/14/2009,4:54:23,75545,11.431,,,,
364,9/14/2009,5:09:23,75525,11.431,,,,
365,9/14/2009,5:24:23,75535,11.431,,,,
366,9/14/2009,5:39:23,75525,11.431,,,,
367,9/14/2009,5:54:23,75546,11.334,,,,
368,9/14/2009,6:09:23,75566,11.334,,,,
369,9/14/2009,6:24:23,75576,11.334,,,,
370,9/14/2009,6:39:23,75576,11.334,,,,
371,9/14/2009,6:54:23,75607,11.334,,,,
372,9/14/2009,7:09:23,75628,11.236,,,,
373,9/14/2009,7:24:23,75628,11.236,,,,
374,9/14/2009,7:39:23,75648,11.236,,,,
375,9/14/2009,7:54:23,75658,11.236,,,,
376,9/14/2009,8:09:23,75658,11.236,,,,
377,9/14/2009,8:24:23,75648,11.236,,,,
378,9/14/2009,8:39:23,75669,11.139,,,,
379,9/14/2009,8:54:23,75669,11.139,,,,
380,9/14/2009,9:09:23,75659,11.139,,,,
381,9/14/2009,9:24:23,75669,11.139,,,,
382,9/14/2009,9:39:23,75649,11.139,,,,
383,9/14/2009,9:54:23,75649,11.139,,,,
384,9/14/2009,10:09:23,75659,11.139,,,,
385,9/14/2009,10:24:23,75669,11.139,,,,
386,9/14/2009,10:39:23,75658,11.236,,,,
387,9/14/2009,10:54:23,75658,11.236,,,,
388,9/14/2009,11:09:23,75648,11.236,,,,
389,9/14/2009,11:24:23,75638,11.236,,,,
390,9/14/2009,11:39:23,75638,11.236,,,,
391,9/14/2009,11:54:23,75617,11.334,,,,
392,9/14/2009,12:09:23,75617,11.334,,,,
393,9/14/2009,12:24:23,75607,11.334,,,,
394,9/14/2009,12:39:23,75597,11.334,,,,
395,9/14/2009,12:54:23,75576,11.334,,,,
396,9/14/2009,13:09:23,75576,11.334,,,,
397,9/14/2009,13:24:23,75566,11.334,,,,
398,9/14/2009,13:39:23,75556,11.334,,,,
399,9/14/2009,13:54:23,75556,11.334,,,,
400,9/14/2009,14:09:23,75556,11.334,,,,
401,9/14/2009,14:24:23,75535,11.431,,,,
402,9/14/2009,14:39:23,75525,11.431,,,,
403,9/14/2009,14:54:23,75484,11.431,,,,
404,9/14/2009,15:09:23,75495,11.431,,,,
405,9/14/2009,15:24:23,75495,11.431,,,,
406,9/14/2009,15:39:23,75515,11.431,,,,
407,9/14/2009,15:54:23,75555,11.431,,,,
408,9/14/2009,16:09:23,75586,11.431,,,,
409,9/14/2009,16:24:23,75667,11.431,,,,
410,9/14/2009,16:39:23,75636,11.528,,,,
411,9/14/2009,16:54:23,75595,11.528,,,,
412,9/14/2009,17:09:23,75565,11.528,,,,
413,9/14/2009,17:24:23,75555,11.528,,,,
414,9/14/2009,17:39:23,75555,11.528,,,,
415,9/14/2009,17:54:23,75545,11.528,,,,
416,9/14/2009,18:09:23,75545,11.528,,,,
417,9/14/2009,18:24:23,75545,11.528,,,,
418,9/14/2009,18:39:23,75575,11.528,,,,
419,9/14/2009,18:54:23,75555,11.528,,,,
420,9/14/2009,19:09:23,75565,11.528,,,,
421,9/14/2009,19:24:23,75555,11.528,,,,
422,9/14/2009,19:39:23,75565,11.528,,,,
423,9/14/2009,19:54:23,75595,11.528,,,,
424,9/14/2009,20:09:23,75616,11.528,,,,
425,9/14/2009,20:24:23,75626,11.431,,,,
426,9/14/2009,20:39:23,75637,11.431,,,,
427,9/14/2009,20:54:23,75637,11.431,,,,
428,9/14/2009,21:09:23,75637,11.431,,,,
429,9/14/2009,21:24:23,75647,11.431,,,,
430,9/14/2009,21:39:23,75647,11.431,,,,
431,9/14/2009,21:54:23,75657,11.431,,,,
432,9/14/2009,22:09:23,75688,11.334,,,,
433,9/14/2009,22:24:23,75688,11.334,,,,
434,9/14/2009,22:39:23,75688,11.334,,,,
435,9/14/2009,22:54:23,75688,11.334,,,,
436,9/14/2009,23:09:23,75678,11.334,,,,
437,9/14/2009,23:24:23,75688,11.334,,,,
438,9/14/2009,23:39:23,75688,11.334,,,,
439,9/14/2009,23:54:23,75689,11.236,,,,
440,9/15/2009,0:09:23,75749,11.236,,,,
441,9/15/2009,0:24:23,75739,11.236,,,,
442,9/15/2009,0:39:23,75739,11.236,,,,
443,9/15/2009,0:54:23,75729,11.236,,,,
444,9/15/2009,1:09:23,75719,11.236,,,,
445,9/15/2009,1:24:23,75678,11.236,,,,
446,9/15/2009,1:39:23,75709,11.236,,,,
447,9/15/2009,1:54:23,75719,11.236,,,,
448,9/15/2009,2:09:23,75689,11.236,,,,
449,9/15/2009,2:24:23,75658,11.236,,,,
450,9/15/2009,2:39:23,75668,11.236,,,,
451,9/15/2009,2:54:23,75678,11.236,,,,
452,9/15/2009,3:09:23,75668,11.236,,,,
453,9/15/2009,3:24:23,75649,11.139,,,,
454,9/15/2009,3:39:23,75649,11.139,,,,
455,9/15/2009,3:54:23,75649,11.139,,,,
456,9/15/2009,4:09:23,75659,11.139,,,,
457,9/15/2009,4:24:23,75649,11.139,,,,
458,9/15/2009,4:39:23,75649,11.139,,,,
459,9/15/2009,4:54:23,75639,11.139,,,,
460,9/15/2009,5:09:23,75639,11.041,,,,
461,9/15/2009,5:24:23,75639,11.041,,,,
462,9/15/2009,5:39:23,75659,11.041,,,,
463,9/15/2009,5:54:23,75670,11.041,,,,
464,9/15/2009,6:09:23,75670,10.944,,,,
465,9/15/2009,6:24:23,75680,10.944,,,,
466,9/15/2009,6:39:23,75680,10.944,,,,
467,9/15/2009,6:54:23,75680,10.944,,,,
468,9/15/2009,7:09:23,75691,10.944,,,,
469,9/15/2009,7:24:23,75711,10.846,,,,
470,9/15/2009,7:39:23,75722,10.846,,,,
471,9/15/2009,7:54:23,75742,10.846,,,,
472,9/15/2009,8:09:23,75732,10.846,,,,
473,9/15/2009,8:24:23,75732,10.846,,,,
474,9/15/2009,8:39:23,75722,10.846,,,,
475,9/15/2009,8:54:23,75732,10.846,,,,
476,9/15/2009,9:09:23,75732,10.846,,,,
477,9/15/2009,9:24:23,75753,10.748,,,,
478,9/15/2009,9:39:23,75743,10.748,,,,
479,9/15/2009,9:54:23,75753,10.748,,,,
480,9/15/2009,10:09:23,75763,10.748,,,,
481,9/15/2009,10:24:23,75762,10.846,,,,
482,9/15/2009,10:39:23,75752,10.846,,,,
483,9/15/2009,10:54:23,75752,10.846,,,,
484,9/15/2009,11:09:23,75732,10.846,,,,
485,9/15/2009,11:24:23,75732,10.846,,,,
486,9/15/2009,11:39:23,75721,10.944,,,,
487,9/15/2009,11:54:23,75711,10.944,,,,
488,9/15/2009,12:09:23,75701,10.944,,,,
489,9/15/2009,12:24:23,75701,10.944,,,,
490,9/15/2009,12:39:23,75701,10.944,,,,
491,9/15/2009,12:54:23,75680,11.041,,,,
492,9/15/2009,13:09:23,75670,11.041,,,,
493,9/15/2009,13:24:23,75680,11.041,,,,
494,9/15/2009,13:39:23,75670,11.041,,,,
495,9/15/2009,13:54:23,75649,11.139,,,,
496,9/15/2009,14:09:23,75628,11.139,,,,
497,9/15/2009,14:24:23,75598,11.139,,,,
498,9/15/2009,14:39:23,75588,11.139,,,,
499,9/15/2009,14:54:23,75608,11.139,,,,
500,9/15/2009,15:09:23,75607,11.236,,,,
501,9/15/2009,15:24:23,75607,11.236,,,,
502,9/15/2009,15:39:23,75607,11.236,,,,
503,9/15/2009,15:54:23,75607,11.236,,,,
504,9/15/2009,16:09:23,75597,11.236,,,,
505,9/15/2009,16:24:23,75617,11.334,,,,
506,9/15/2009,16:39:23,75617,11.334,,,,
507,9/15/2009,16:54:23,75617,11.334,,,,
508,9/15/2009,17:09:23,75617,11.334,,,,
509,9/15/2009,17:24:23,75617,11.334,,,,
510,9/15/2009,17:39:23,75627,11.334,,,,
511,9/15/2009,17:54:23,75627,11.334,,,,
512,9/15/2009,18:09:23,75627,11.334,,,,
513,9/15/2009,18:24:23,75637,11.334,,,,
514,9/15/2009,18:39:23,75647,11.431,,,,
515,9/15/2009,18:54:23,75647,11.431,,,,
516,9/15/2009,19:09:23,75657,11.431,,,,
517,9/15/2009,19:24:23,75677,11.431,,,,
518,9/15/2009,19:39:23,75667,11.431,,,,
519,9/15/2009,19:54:23,75677,11.431,,,,
520,9/15/2009,20:09:23,75697,11.431,,,,
521,9/15/2009,20:24:23,75718,11.431,,,,
522,9/15/2009,20:39:23,75748,11.431,,,,
523,9/15/2009,20:54:23,75758,11.431,,,,
524,9/15/2009,21:09:23,75748,11.431,,,,
525,9/15/2009,21:24:23,75738,11.431,,,,
526,9/15/2009,21:39:23,75748,11.431,,,,
527,9/15/2009,21:54:23,75738,11.431,,,,
528,9/15/2009,22:09:23,75748,11.431,,,,
529,9/15/2009,22:24:23,75748,11.431,,,,
530,9/15/2009,22:39:23,75707,11.431,,,,
531,9/15/2009,22:54:23,75697,11.431,,,,
532,9/15/2009,23:09:23,75758,11.431,,,,
533,9/15/2009,23:24:23,75748,11.431,,,,
534,9/15/2009,23:39:23,75728,11.431,,,,
535,9/15/2009,23:54:23,75738,11.431,,,,
536,9/16/2009,0:09:23,75809,11.431,,,,
537,9/16/2009,0:24:23,75860,11.431,,,,
538,9/16/2009,0:39:23,75901,11.334,,,,
539,9/16/2009,0:54:23,75962,11.334,,,,
540,9/16/2009,1:09:23,75941,11.334,,,,
541,9/16/2009,1:24:23,75880,11.334,,,,
542,9/16/2009,1:39:23,75891,11.334,,,,
543,9/16/2009,1:54:23,75870,11.334,,,,
544,9/16/2009,2:09:23,75860,11.334,,,,
545,9/16/2009,2:24:23,75830,11.334,,,,
546,9/16/2009,2:39:23,75820,11.334,,,,
547,9/16/2009,2:54:23,75799,11.334,,,,
548,9/16/2009,3:09:23,75789,11.334,,,,
549,9/16/2009,3:24:23,75779,11.334,,,,
550,9/16/2009,3:39:23,75769,11.334,,,,
551,9/16/2009,3:54:23,75759,11.334,,,,
552,9/16/2009,4:09:23,75770,11.236,,,,
553,9/16/2009,4:24:23,75770,11.236,,,,
554,9/16/2009,4:39:23,75770,11.236,,,,
555,9/16/2009,4:54:23,75770,11.236,,,,
556,9/16/2009,5:09:23,75780,11.236,,,,
557,9/16/2009,5:24:23,75780,11.236,,,,
558,9/16/2009,5:39:23,75780,11.236,,,,
559,9/16/2009,5:54:23,75780,11.236,,,,
560,9/16/2009,6:09:23,75770,11.236,,,,
561,9/16/2009,6:24:23,75800,11.236,,,,
562,9/16/2009,6:39:23,75801,11.139,,,,
563,9/16/2009,6:54:23,75821,11.139,,,,
564,9/16/2009,7:09:23,75821,11.139,,,,
565,9/16/2009,7:24:23,75791,11.139,,,,
566,9/16/2009,7:39:23,75811,11.139,,,,
567,9/16/2009,7:54:23,75811,11.139,,,,
568,9/16/2009,8:09:23,75821,11.139,,,,
569,9/16/2009,8:24:23,75841,11.139,,,,
570,9/16/2009,8:39:23,75831,11.139,,,,
571,9/16/2009,8:54:23,75851,11.139,,,,
572,9/16/2009,9:09:23,75851,11.139,,,,
573,9/16/2009,9:24:23,75861,11.139,,,,
574,9/16/2009,9:39:23,75872,11.139,,,,
575,9/16/2009,9:54:23,75872,11.139,,,,
576,9/16/2009,10:09:23,75872,11.139,,,,
577,9/16/2009,10:24:23,75851,11.139,,,,
578,9/16/2009,10:39:23,75851,11.139,,,,
579,9/16/2009,10:54:23,75831,11.139,,,,
580,9/16/2009,11:09:23,75851,11.139,,,,
581,9/16/2009,11:24:23,75831,11.139,,,,
582,9/16/2009,11:39:23,75831,11.139,,,,
583,9/16/2009,11:54:23,75841,11.139,,,,
584,9/16/2009,12:09:23,75830,11.236,,,,
585,9/16/2009,12:24:23,75820,11.236,,,,
586,9/16/2009,12:39:23,75830,11.236,,,,
587,9/16/2009,12:54:23,75830,11.236,,,,
588,9/16/2009,13:09:23,75841,11.236,,,,
589,9/16/2009,13:24:23,75841,11.236,,,,
590,9/16/2009,13:39:23,75841,11.236,,,,
591,9/16/2009,13:54:23,75830,11.236,,,,
592,9/16/2009,14:09:23,75830,11.236,,,,
593,9/16/2009,14:24:23,75830,11.236,,,,
594,9/16/2009,14:39:23,75810,11.236,,,,
595,9/16/2009,14:54:23,75790,11.236,,,,
596,9/16/2009,15:09:23,75780,11.236,,,,
597,9/16/2009,15:24:23,75780,11.236,,,,
598,9/16/2009,15:39:23,75759,11.236,,,,
599,9/16/2009,15:54:23,75729,11.236,,,,
600,9/16/2009,16:09:23,75729,11.236,,,,
601,9/16/2009,16:24:23,75729,11.236,,,,
602,9/16/2009,16:39:23,75739,11.236,,,,
603,9/16/2009,16:54:23,75739,11.236,,,,
604,9/16/2009,17:09:23,75729,11.236,,,,
605,9/16/2009,17:24:23,75739,11.236,,,,
606,9/16/2009,17:39:23,75790,11.236,,,,
607,9/16/2009,17:54:23,75780,11.236,,,,
608,9/16/2009,18:09:23,75759,11.236,,,,
609,9/16/2009,18:24:23,75749,11.236,,,,
610,9/16/2009,18:39:23,75780,11.236,,,,
611,9/16/2009,18:54:23,75780,11.236,,,,
612,9/16/2009,19:09:23,75810,11.236,,,,
613,9/16/2009,19:24:23,75810,11.236,,,,
614,9/16/2009,19:39:23,75800,11.236,,,,
615,9/16/2009,19:54:23,75820,11.236,,,,
616,9/16/2009,20:09:23,75820,11.236,,,,
617,9/16/2009,20:24:23,75841,11.236,,,,
618,9/16/2009,20:39:23,75871,11.236,,,,
619,9/16/2009,20:54:23,75922,11.236,,,,
620,9/16/2009,21:09:23,76053,11.236,,,,
621,9/16/2009,21:24:23,76013,11.236,,,,
622,9/16/2009,21:39:23,75962,11.236,,,,
623,9/16/2009,21:54:23,75942,11.236,,,,
624,9/16/2009,22:09:23,75932,11.236,,,,
625,9/16/2009,22:24:23,75922,11.236,,,,
626,9/16/2009,22:39:23,75942,11.236,,,,
627,9/16/2009,22:54:23,75942,11.236,,,,
628,9/16/2009,23:09:23,75922,11.236,,,,
629,9/16/2009,23:24:23,75943,11.139,,,,
630,9/16/2009,23:39:23,75922,11.139,,,,
631,9/16/2009,23:54:23,75943,11.139,,,,
632,9/17/2009,0:09:23,75932,11.139,,,,
633,9/17/2009,0:24:23,75932,11.139,,,,
634,9/17/2009,0:39:23,75943,11.139,,,,
635,9/17/2009,0:54:23,75932,11.139,,,,
636,9/17/2009,1:09:23,75922,11.139,,,,
637,9/17/2009,1:24:23,75932,11.139,,,,
638,9/17/2009,1:39:23,75912,11.139,,,,
639,9/17/2009,1:54:23,75902,11.139,,,,
640,9/17/2009,2:09:23,75892,11.139,,,,
641,9/17/2009,2:24:23,75892,11.139,,,,
642,9/17/2009,2:39:23,75861,11.139,,,,
643,9/17/2009,2:54:23,75841,11.139,,,,
644,9/17/2009,3:09:23,75822,11.041,,,,
645,9/17/2009,3:24:23,75811,11.041,,,,
646,9/17/2009,3:39:23,75801,11.041,,,,
647,9/17/2009,3:54:23,75801,11.041,,,,
648,9/17/2009,4:09:23,75801,11.041,,,,
649,9/17/2009,4:24:23,75811,11.041,,,,
650,9/17/2009,4:39:23,75781,11.041,,,,
651,9/17/2009,4:54:23,75811,11.041,,,,
652,9/17/2009,5:09:23,75822,11.041,,,,
653,9/17/2009,5:24:23,75791,11.041,,,,
654,9/17/2009,5:39:23,75771,11.041,,,,
655,9/17/2009,5:54:23,75811,11.041,,,,
656,9/17/2009,6:09:23,75832,11.041,,,,
657,9/17/2009,6:24:23,75852,11.041,,,,
658,9/17/2009,6:39:23,75842,11.041,,,,
659,9/17/2009,6:54:23,75843,10.944,,,,
660,9/17/2009,7:09:23,75853,10.944,,,,
661,9/17/2009,7:24:23,75863,10.944,,,,
662,9/17/2009,7:39:23,75873,10.944,,,,
663,9/17/2009,7:54:23,75893,10.944,,,,
664,9/17/2009,8:09:23,75964,10.944,,,,
665,9/17/2009,8:24:23,75954,10.944,,,,
666,9/17/2009,8:39:23,75924,10.944,,,,
667,9/17/2009,8:54:23,75924,10.944,,,,
668,9/17/2009,9:09:23,75903,10.944,,,,
669,9/17/2009,9:24:23,75893,10.944,,,,
670,9/17/2009,9:39:23,75913,10.944,,,,
671,9/17/2009,9:54:23,75924,10.944,,,,
672,9/17/2009,10:09:23,75924,10.944,,,,
673,9/17/2009,10:24:23,75934,10.944,,,,
674,9/17/2009,10:39:23,75924,10.944,,,,
675,9/17/2009,10:54:23,75913,10.944,,,,
676,9/17/2009,11:09:23,75934,10.944,,,,
677,9/17/2009,11:24:23,75924,10.944,,,,
678,9/17/2009,11:39:23,75913,10.944,,,,
679,9/17/2009,11:54:23,75913,10.944,,,,
680,9/17/2009,12:09:23,75924,10.944,,,,
681,9/17/2009,12:24:23,75944,10.944,,,,
682,9/17/2009,12:39:23,75944,10.944,,,,
683,9/17/2009,12:54:23,75934,10.944,,,,
684,9/17/2009,13:09:23,75944,10.944,,,,
685,9/17/2009,13:24:23,75924,10.944,,,,
686,9/17/2009,13:39:23,75903,10.944,,,,
687,9/17/2009,13:54:23,75873,10.944,,,,
688,9/17/2009,14:09:23,75853,10.944,,,,
689,9/17/2009,14:24:23,75843,10.944,,,,
690,9/17/2009,14:39:23,75822,10.944,,,,
691,9/17/2009,14:54:23,75812,10.944,,,,
692,9/17/2009,15:09:23,75802,10.944,,,,
693,9/17/2009,15:24:23,75792,10.944,,,,
694,9/17/2009,15:39:23,75751,10.944,,,,
695,9/17/2009,15:54:23,75751,10.944,,,,
696,9/17/2009,16:09:23,75751,10.944,,,,
697,9/17/2009,16:24:23,75751,10.944,,,,
698,9/17/2009,16:39:23,75761,10.944,,,,
699,9/17/2009,16:54:23,75741,10.944,,,,
700,9/17/2009,17:09:23,75721,10.944,,,,
701,9/17/2009,17:24:23,75741,10.944,,,,
702,9/17/2009,17:39:23,75751,10.944,,,,
703,9/17/2009,17:54:23,75751,10.944,,,,
704,9/17/2009,18:09:23,75751,10.944,,,,
705,9/17/2009,18:24:23,75761,10.944,,,,
706,9/17/2009,18:39:23,75761,10.944,,,,
707,9/17/2009,18:54:23,75751,10.944,,,,
708,9/17/2009,19:09:23,75761,10.944,,,,
709,9/17/2009,19:24:23,75761,10.944,,,,
710,9/17/2009,19:39:23,75761,10.944,,,,
711,9/17/2009,19:54:23,75772,10.944,,,,
712,9/17/2009,20:09:23,75792,10.944,,,,
713,9/17/2009,20:24:23,75792,10.944,,,,
714,9/17/2009,20:39:23,75802,10.944,,,,
715,9/17/2009,20:54:23,75822,10.944,,,,
716,9/17/2009,21:09:23,75832,10.944,,,,
717,9/17/2009,21:24:23,75843,10.944,,,,
718,9/17/2009,21:39:23,75832,10.944,,,,
719,9/17/2009,21:54:23,75843,10.944,,,,
720,9/17/2009,22:09:23,75832,10.944,,,,
721,9/17/2009,22:24:23,75853,10.944,,,,
722,9/17/2009,22:39:23,75853,10.944,,,,
723,9/17/2009,22:54:23,75822,10.944,,,,
724,9/17/2009,23:09:23,75853,10.944,,,,
725,9/17/2009,23:24:23,75832,10.944,,,,
726,9/17/2009,23:39:23,75853,10.944,,,,
727,9/17/2009,23:54:23,75843,10.944,,,,
728,9/18/2009,0:09:23,75822,10.944,,,,
729,9/18/2009,0:24:23,75823,10.846,,,,
730,9/18/2009,0:39:23,75833,10.846,,,,
731,9/18/2009,0:54:23,75813,10.846,,,,
732,9/18/2009,1:09:23,75813,10.846,,,,
733,9/18/2009,1:24:23,75813,10.846,,,,
734,9/18/2009,1:39:23,75803,10.846,,,,
735,9/18/2009,1:54:23,75803,10.846,,,,
736,9/18/2009,2:09:23,75793,10.846,,,,
737,9/18/2009,2:24:23,75782,10.846,,,,
738,9/18/2009,2:39:23,75772,10.846,,,,
739,9/18/2009,2:54:23,75772,10.846,,,,
740,9/18/2009,3:09:23,75752,10.846,,,,
741,9/18/2009,3:24:23,75762,10.846,,,,
742,9/18/2009,3:39:23,75752,10.846,,,,
743,9/18/2009,3:54:23,75742,10.846,,,,
744,9/18/2009,4:09:23,75732,10.846,,,,
745,9/18/2009,4:24:23,75752,10.846,,,,
746,9/18/2009,4:39:23,75763,10.748,,,,
747,9/18/2009,4:54:23,75752,10.846,,,,
748,9/18/2009,5:09:23,75753,10.748,,,,
749,9/18/2009,5:24:23,75743,10.748,,,,
750,9/18/2009,5:39:23,75773,10.748,,,,
751,9/18/2009,5:54:23,75773,10.748,,,,
752,9/18/2009,6:09:23,75783,10.748,,,,
753,9/18/2009,6:24:23,75793,10.748,,,,
754,9/18/2009,6:39:23,75793,10.748,,,,
755,9/18/2009,6:54:23,75793,10.748,,,,
756,9/18/2009,7:09:23,75793,10.748,,,,
757,9/18/2009,7:24:23,75803,10.748,,,,
758,9/18/2009,7:39:23,75793,10.748,,,,
759,9/18/2009,7:54:23,75834,10.748,,,,
760,9/18/2009,8:09:23,75793,10.748,,,,
761,9/18/2009,8:24:23,75824,10.748,,,,
762,9/18/2009,8:39:23,75834,10.748,,,,
763,9/18/2009,8:54:23,75844,10.748,,,,
764,9/18/2009,9:09:23,75844,10.748,,,,
765,9/18/2009,9:24:23,75844,10.748,,,,
766,9/18/2009,9:39:23,75864,10.748,,,,
767,9/18/2009,9:54:23,75854,10.748,,,,
768,9/18/2009,10:09:23,75844,10.748,,,,
769,9/18/2009,10:24:23,75844,10.748,,,,
770,9/18/2009,10:39:23,75844,10.748,,,,
771,9/18/2009,10:54:23,75844,10.748,,,,
772,9/18/2009,11:09:23,75834,10.748,,,,
773,9/18/2009,11:24:23,75854,10.748,,,,
774,9/18/2009,11:39:23,75854,10.748,,,,
775,9/18/2009,11:54:23,75834,10.748,,,,
776,9/18/2009,12:09:23,75834,10.748,,,,
777,9/18/2009,12:24:23,75813,10.748,,,,
778,9/18/2009,12:39:23,75803,10.748,,,,
779,9/18/2009,12:54:23,75783,10.748,,,,
780,9/18/2009,13:09:23,75782,10.846,,,,
781,9/18/2009,13:24:23,75772,10.846,,,,
782,9/18/2009,13:39:23,75762,10.846,,,,
783,9/18/2009,13:54:23,75782,10.846,,,,
784,9/18/2009,14:09:23,75762,10.846,,,,
785,9/18/2009,14:24:23,75772,10.846,,,,
786,9/18/2009,14:39:23,75761,10.944,,,,
787,9/18/2009,14:54:23,75751,10.944,,,,
788,9/18/2009,15:09:23,75741,10.944,,,,
789,9/18/2009,15:24:23,75761,10.944,,,,
790,9/18/2009,15:39:23,75731,10.944,,,,
791,9/18/2009,15:54:23,75741,10.944,,,,
792,9/18/2009,16:09:23,75741,10.944,,,,
793,9/18/2009,16:24:23,75711,10.944,,,,
794,9/18/2009,16:39:23,75731,10.944,,,,
795,9/18/2009,16:54:23,75731,10.944,,,,
796,9/18/2009,17:09:23,75721,10.944,,,,
797,9/18/2009,17:24:23,75731,10.944,,,,
798,9/18/2009,17:39:23,75741,10.944,,,,
799,9/18/2009,17:54:23,75741,10.944,,,,
800,9/18/2009,18:09:23,75761,10.944,,,,
801,9/18/2009,18:24:23,75772,10.944,,,,
802,9/18/2009,18:39:23,75782,10.944,,,,
803,9/18/2009,18:54:23,75761,10.944,,,,
804,9/18/2009,19:09:23,75761,10.944,,,,
805,9/18/2009,19:24:23,75792,10.944,,,,
806,9/18/2009,19:39:23,75832,10.944,,,,
807,9/18/2009,19:54:23,75873,10.944,,,,
808,9/18/2009,20:09:23,75933,11.041,,,,
809,9/18/2009,20:24:23,75994,11.041,,,,
810,9/18/2009,20:39:23,76004,11.041,,,,
811,9/18/2009,20:54:23,76025,10.944,,,,
812,9/18/2009,21:09:23,76076,10.944,,,,
813,9/18/2009,21:24:23,76055,10.944,,,,
814,9/18/2009,21:39:23,76086,10.944,,,,
815,9/18/2009,21:54:23,76076,10.944,,,,
816,9/18/2009,22:09:23,76096,10.944,,,,
817,9/18/2009,22:24:23,76086,10.944,,,,
818,9/18/2009,22:39:23,76076,10.944,,,,
819,9/18/2009,22:54:23,76065,10.944,,,,
820,9/18/2009,23:09:23,76097,10.846,,,,
821,9/18/2009,23:24:23,76107,10.846,,,,
822,9/18/2009,23:39:23,76086,10.846,,,,
823,9/18/2009,23:54:23,76076,10.846,,,,
824,9/19/2009,0:09:23,76076,10.846,,,,
825,9/19/2009,0:24:23,76077,10.748,,,,
826,9/19/2009,0:39:23,76087,10.748,,,,
827,9/19/2009,0:54:23,76077,10.748,,,,
828,9/19/2009,1:09:23,76057,10.748,,,,
829,9/19/2009,1:24:23,76057,10.748,,,,
830,9/19/2009,1:39:23,76047,10.748,,,,
831,9/19/2009,1:54:23,76067,10.651,,,,
832,9/19/2009,2:09:23,76027,10.651,,,,
833,9/19/2009,2:24:23,76047,10.651,,,,
834,9/19/2009,2:39:23,76037,10.651,,,,
835,9/19/2009,2:54:23,76028,10.553,,,,
836,9/19/2009,3:09:23,75997,10.553,,,,
837,9/19/2009,3:24:23,75987,10.553,,,,
838,9/19/2009,3:39:23,75957,10.553,,,,
839,9/19/2009,3:54:23,75967,10.455,,,,
840,9/19/2009,4:09:23,75967,10.455,,,,
841,9/19/2009,4:24:23,75957,10.455,,,,
842,9/19/2009,4:39:23,75947,10.455,,,,
843,9/19/2009,4:54:23,75947,10.455,,,,
844,9/19/2009,5:09:23,75958,10.357,,,,
845,9/19/2009,5:24:23,75948,10.357,,,,
846,9/19/2009,5:39:23,75948,10.357,,,,
847,9/19/2009,5:54:23,75958,10.357,,,,
848,9/19/2009,6:09:23,75948,10.357,,,,
849,9/19/2009,6:24:23,75949,10.259,,,,
850,9/19/2009,6:39:23,75969,10.259,,,,
851,9/19/2009,6:54:23,75949,10.259,,,,
852,9/19/2009,7:09:23,75959,10.259,,,,
853,9/19/2009,7:24:23,75959,10.259,,,,
854,9/19/2009,7:39:23,75969,10.161,,,,
855,9/19/2009,7:54:23,75980,10.161,,,,
856,9/19/2009,8:09:23,75949,10.161,,,,
857,9/19/2009,8:24:23,75959,10.161,,,,
858,9/19/2009,8:39:23,75980,10.161,,,,
859,9/19/2009,8:54:23,75959,10.161,,,,
860,9/19/2009,9:09:23,75950,10.063,,,,
861,9/19/2009,9:24:23,75960,10.063,,,,
862,9/19/2009,9:39:23,75970,10.063,,,,
863,9/19/2009,9:54:23,75970,10.063,,,,
864,9/19/2009,10:09:23,75960,10.063,,,,
865,9/19/2009,10:24:23,75950,10.063,,,,
866,9/19/2009,10:39:23,75950,10.063,,,,
867,9/19/2009,10:54:23,75919,10.063,,,,
868,9/19/2009,11:09:23,75919,10.161,,,,
869,9/19/2009,11:24:23,75919,10.161,,,,
870,9/19/2009,11:39:23,75909,10.161,,,,
871,9/19/2009,11:54:23,75919,10.161,,,,
872,9/19/2009,12:09:23,75888,10.259,,,,
873,9/19/2009,12:24:23,75888,10.259,,,,
874,9/19/2009,12:39:23,75847,10.259,,,,
875,9/19/2009,12:54:23,75857,10.259,,,,
876,9/19/2009,13:09:23,75827,10.259,,,,
877,9/19/2009,13:24:23,75827,10.259,,,,
878,9/19/2009,13:39:23,75837,10.259,,,,
879,9/19/2009,13:54:23,75827,10.259,,,,
880,9/19/2009,14:09:23,75816,10.357,,,,
881,9/19/2009,14:24:23,75816,10.357,,,,
882,9/19/2009,14:39:23,75796,10.357,,,,
883,9/19/2009,14:54:23,75735,10.357,,,,
884,9/19/2009,15:09:23,75735,10.357,,,,
885,9/19/2009,15:24:23,75745,10.357,,,,
886,9/19/2009,15:39:23,75745,10.357,,,,
887,9/19/2009,15:54:23,75745,10.357,,,,
888,9/19/2009,16:09:23,75745,10.357,,,,
889,9/19/2009,16:24:23,75725,10.357,,,,
890,9/19/2009,16:39:23,75715,10.357,,,,
891,9/19/2009,16:54:23,75695,10.357,,,,
892,9/19/2009,17:09:23,75705,10.357,,,,
893,9/19/2009,17:24:23,75695,10.357,,,,
894,9/19/2009,17:39:23,75684,10.455,,,,
895,9/19/2009,17:54:23,75684,10.455,,,,
896,9/19/2009,18:09:23,75694,10.455,,,,
897,9/19/2009,18:24:23,75704,10.455,,,,
898,9/19/2009,18:39:23,75704,10.455,,,,
899,9/19/2009,18:54:23,75714,10.455,,,,
900,9/19/2009,19:09:23,75694,10.455,,,,
901,9/19/2009,19:24:23,75704,10.455,,,,
902,9/19/2009,19:39:23,75734,10.455,,,,
903,9/19/2009,19:54:23,75724,10.455,,,,
904,9/19/2009,20:09:23,75755,10.455,,,,
905,9/19/2009,20:24:23,75755,10.455,,,,
906,9/19/2009,20:39:23,75765,10.455,,,,
907,9/19/2009,20:54:23,75765,10.455,,,,
908,9/19/2009,21:09:23,75795,10.455,,,,
909,9/19/2009,21:24:23,75815,10.455,,,,
910,9/19/2009,21:39:23,75836,10.455,,,,
911,9/19/2009,21:54:23,75826,10.455,,,,
912,9/19/2009,22:09:23,75815,10.455,,,,
913,9/19/2009,22:24:23,75815,10.455,,,,
914,9/19/2009,22:39:23,75805,10.455,,,,
915,9/19/2009,22:54:23,75806,10.357,,,,
916,9/19/2009,23:09:23,75806,10.357,,,,
917,9/19/2009,23:24:23,75816,10.357,,,,
918,9/19/2009,23:39:23,75786,10.357,,,,
919,9/19/2009,23:54:23,75796,10.357,,,,
920,9/20/2009,0:09:23,75786,10.357,,,,
921,9/20/2009,0:24:23,75776,10.357,,,,
922,9/20/2009,0:39:23,75786,10.357,,,,
923,9/20/2009,0:54:23,75797,10.259,,,,
924,9/20/2009,1:09:23,75786,10.259,,,,
925,9/20/2009,1:24:23,75776,10.259,,,,
926,9/20/2009,1:39:23,75776,10.259,,,,
927,9/20/2009,1:54:23,75756,10.259,,,,
928,9/20/2009,2:09:23,75756,10.259,,,,
929,9/20/2009,2:24:23,75746,10.259,,,,
930,9/20/2009,2:39:23,75736,10.161,,,,
931,9/20/2009,2:54:23,75736,10.161,,,,
932,9/20/2009,3:09:23,75716,10.161,,,,
933,9/20/2009,3:24:23,75706,10.161,,,,
934,9/20/2009,3:39:23,75696,10.161,,,,
935,9/20/2009,3:54:23,75696,10.161,,,,
936,9/20/2009,4:09:23,75707,10.063,,,,
937,9/20/2009,4:24:23,75686,10.063,,,,
938,9/20/2009,4:39:23,75686,10.063,,,,
939,9/20/2009,4:54:23,75676,10.063,,,,
940,9/20/2009,5:09:23,75676,10.063,,,,
941,9/20/2009,5:24:23,75656,10.063,,,,
942,9/20/2009,5:39:23,75657,9.965,,,,
943,9/20/2009,5:54:23,75687,9.965,,,,
944,9/20/2009,6:09:23,75697,9.965,,,,
945,9/20/2009,6:24:23,75718,9.965,,,,
946,9/20/2009,6:39:23,75687,9.965,,,,
947,9/20/2009,6:54:23,75678,9.866,,,,
948,9/20/2009,7:09:23,75698,9.866,,,,
949,9/20/2009,7:24:23,75708,9.866,,,,
950,9/20/2009,7:39:23,75708,9.866,,,,
951,9/20/2009,7:54:23,75718,9.866,,,,
952,9/20/2009,8:09:23,75718,9.866,,,,
953,9/20/2009,8:24:23,75729,9.768,,,,
954,9/20/2009,8:39:23,75709,9.768,,,,
955,9/20/2009,8:54:23,75719,9.768,,,,
956,9/20/2009,9:09:23,75699,9.768,,,,
957,9/20/2009,9:24:23,75719,9.768,,,,
958,9/20/2009,9:39:23,75699,9.768,,,,
959,9/20/2009,9:54:23,75699,9.768,,,,
960,9/20/2009,10:09:23,75688,9.768,,,,
961,9/20/2009,10:24:23,75668,9.768,,,,
962,9/20/2009,10:39:23,75678,9.768,,,,
963,9/20/2009,10:54:23,75668,9.768,,,,
964,9/20/2009,11:09:23,75658,9.768,,,,
965,9/20/2009,11:24:23,75637,9.866,,,,
966,9/20/2009,11:39:23,75627,9.866,,,,
967,9/20/2009,11:54:23,75637,9.866,,,,
968,9/20/2009,12:09:23,75617,9.866,,,,
969,9/20/2009,12:24:23,75627,9.866,,,,
970,9/20/2009,12:39:23,75626,9.965,,,,
971,9/20/2009,12:54:23,75636,9.965,,,,
972,9/20/2009,13:09:23,75616,9.965,,,,
973,9/20/2009,13:24:23,75596,9.965,,,,
974,9/20/2009,13:39:23,75596,9.965,,,,
975,9/20/2009,13:54:23,75545,9.965,,,,
976,9/20/2009,14:09:23,75515,9.965,,,,
977,9/20/2009,14:24:23,75514,10.063,,,,
978,9/20/2009,14:39:23,75514,10.063,,,,
979,9/20/2009,14:54:23,75514,10.063,,,,
980,9/20/2009,15:09:23,75474,10.063,,,,
981,9/20/2009,15:24:23,75483,10.161,,,,
982,9/20/2009,15:39:23,75473,10.161,,,,
983,9/20/2009,15:54:23,75473,10.161,,,,
984,9/20/2009,16:09:23,75453,10.161,,,,
985,9/20/2009,16:24:23,75443,10.161,,,,
986,9/20/2009,16:39:23,75463,10.161,,,,
987,9/20/2009,16:54:23,75452,10.259,,,,
988,9/20/2009,17:09:23,75442,10.259,,,,
989,9/20/2009,17:24:23,75472,10.259,,,,
990,9/20/2009,17:39:23,75482,10.259,,,,
991,9/20/2009,17:54:23,75493,10.259,,,,
992,9/20/2009,18:09:23,75482,10.259,,,,
993,9/20/2009,18:24:23,75472,10.259,,,,
994,9/20/2009,18:39:23,75472,10.259,,,,
995,9/20/2009,18:54:23,75482,10.357,,,,
996,9/20/2009,19:09:23,75512,10.357,,,,
997,9/20/2009,19:24:23,75512,10.357,,,,
998,9/20/2009,19:39:23,75532,10.357,,,,
999,9/20/2009,19:54:23,75532,10.357,,,,
1000,9/20/2009,20:09:23,75522,10.357,,,,
1001,9/20/2009,20:24:23,75553,10.357,,,,
1002,9/20/2009,20:39:23,75563,10.357,,,,
1003,9/20/2009,20:54:23,75563,10.357,,,,
1004,9/20/2009,21:09:23,75573,10.357,,,,
1005,9/20/2009,21:24:23,75593,10.357,,,,
1006,9/20/2009,21:39:23,75603,10.357,,,,
1007,9/20/2009,21:54:23,75603,10.357,,,,
1008,9/20/2009,22:09:23,75613,10.357,,,,
1009,9/20/2009,22:24:23,75593,10.357,,,,
1010,9/20/2009,22:39:23,75583,10.357,,,,
1011,9/20/2009,22:54:23,75583,10.357,,,,
1012,9/20/2009,23:09:23,75613,10.357,,,,
1013,9/20/2009,23:24:23,75613,10.357,,,,
1014,9/20/2009,23:39:23,75614,10.259,,,,
1015,9/20/2009,23:54:23,75624,10.259,,,,
1016,9/21/2009,0:09:23,75594,10.259,,,,
1017,9/21/2009,0:24:23,75604,10.259,,,,
1018,9/21/2009,0:39:23,75594,10.259,,,,
1019,9/21/2009,0:54:23,75604,10.259,,,,
1020,9/21/2009,1:09:23,75594,10.259,,,,
1021,9/21/2009,1:24:23,75574,10.259,,,,
1022,9/21/2009,1:39:23,75595,10.161,,,,
1023,9/21/2009,1:54:23,75584,10.161,,,,
1024,9/21/2009,2:09:23,75564,10.161,,,,
1025,9/21/2009,2:24:23,75574,10.161,,,,
1026,9/21/2009,2:39:23,75554,10.161,,,,
1027,9/21/2009,2:54:23,75565,10.063,,,,
1028,9/21/2009,3:09:23,75565,10.063,,,,
1029,9/21/2009,3:24:23,75555,10.063,,,,
1030,9/21/2009,3:39:23,75534,10.063,,,,
1031,9/21/2009,3:54:23,75545,10.063,,,,
1032,9/21/2009,4:09:23,75534,10.063,,,,
1033,9/21/2009,4:24:23,75545,9.965,,,,
1034,9/21/2009,4:39:23,75535,9.965,,,,
1035,9/21/2009,4:54:23,75535,9.965,,,,
1036,9/21/2009,5:09:23,75535,9.965,,,,
1037,9/21/2009,5:24:23,75545,9.965,,,,
1038,9/21/2009,5:39:23,75546,9.866,,,,
1039,9/21/2009,5:54:23,75546,9.866,,,,
1040,9/21/2009,6:09:23,75556,9.866,,,,
1041,9/21/2009,6:24:23,75546,9.866,,,,
1042,9/21/2009,6:39:23,75556,9.866,,,,
1043,9/21/2009,6:54:23,75557,9.768,,,,
1044,9/21/2009,7:09:23,75547,9.768,,,,
1045,9/21/2009,7:24:23,75536,9.768,,,,
1046,9/21/2009,7:39:23,75547,9.768,,,,
1047,9/21/2009,7:54:23,75536,9.768,,,,
1048,9/21/2009,8:09:23,75557,9.768,,,,
1049,9/21/2009,8:24:23,75517,9.669,,,,
1050,9/21/2009,8:39:23,75547,9.669,,,,
1051,9/21/2009,8:54:23,75557,9.669,,,,
1052,9/21/2009,9:09:23,75568,9.669,,,,
1053,9/21/2009,9:24:23,75557,9.669,,,,
1054,9/21/2009,9:39:23,75568,9.669,,,,
1055,9/21/2009,9:54:23,75578,9.669,,,,
1056,9/21/2009,10:09:23,75578,9.669,,,,
1057,9/21/2009,10:24:23,75588,9.669,,,,
1058,9/21/2009,10:39:23,75588,9.669,,,,
1059,9/21/2009,10:54:23,75588,9.669,,,,
1060,9/21/2009,11:09:23,75567,9.768,,,,
1061,9/21/2009,11:24:23,75597,9.768,,,,
1062,9/21/2009,11:39:23,75557,9.768,,,,
1063,9/21/2009,11:54:23,75557,9.768,,,,
1064,9/21/2009,12:09:23,75536,9.768,,,,
1065,9/21/2009,12:24:23,75546,9.866,,,,
1066,9/21/2009,12:39:23,75546,9.866,,,,
1067,9/21/2009,12:54:23,75546,9.866,,,,
1068,9/21/2009,13:09:23,75495,9.866,,,,
1069,9/21/2009,13:24:23,75484,9.965,,,,
1070,9/21/2009,13:39:23,75484,9.965,,,,
1071,9/21/2009,13:54:23,75474,9.965,,,,
1072,9/21/2009,14:09:23,75484,10.063,,,,
1073,9/21/2009,14:24:23,75443,10.063,,,,
1074,9/21/2009,14:39:23,75453,10.063,,,,
1075,9/21/2009,14:54:23,75453,10.063,,,,
1076,9/21/2009,15:09:23,75453,10.161,,,,
1077,9/21/2009,15:24:23,75422,10.161,,,,
1078,9/21/2009,15:39:23,75422,10.161,,,,
1079,9/21/2009,15:54:23,75392,10.161,,,,
1080,9/21/2009,16:09:23,75401,10.259,,,,
1081,9/21/2009,16:24:23,75391,10.259,,,,
1082,9/21/2009,16:39:23,75391,10.259,,,,
1083,9/21/2009,16:54:23,75341,10.259,,,,
1084,9/21/2009,17:09:23,75351,10.259,,,,
1085,9/21/2009,17:24:23,75371,10.259,,,,
1086,9/21/2009,17:39:23,75371,10.259,,,,
1087,9/21/2009,17:54:23,75371,10.259,,,,
1088,9/21/2009,18:09:23,75381,10.259,,,,
1089,9/21/2009,18:24:23,75381,10.259,,,,
1090,9/21/2009,18:39:23,75391,10.259,,,,
1091,9/21/2009,18:54:23,75422,10.259,,,,
1092,9/21/2009,19:09:23,75422,10.259,,,,
1093,9/21/2009,19:24:23,75401,10.259,,,,
1094,9/21/2009,19:39:23,75452,10.259,,,,
1095,9/21/2009,19:54:23,75472,10.259,,,,
1096,9/21/2009,20:09:23,75482,10.259,,,,
1097,9/21/2009,20:24:23,75513,10.259,,,,
1098,9/21/2009,20:39:23,75543,10.259,,,,
1099,9/21/2009,20:54:23,75553,10.259,,,,
1100,9/21/2009,21:09:23,75584,10.259,,,,
1101,9/21/2009,21:24:23,75594,10.259,,,,
1102,9/21/2009,21:39:23,75615,10.161,,,,
1103,9/21/2009,21:54:23,75605,10.161,,,,
1104,9/21/2009,22:09:23,75615,10.161,,,,
1105,9/21/2009,22:24:23,75625,10.161,,,,
1106,9/21/2009,22:39:23,75625,10.161,,,,
1107,9/21/2009,22:54:23,75665,10.161,,,,
1108,9/21/2009,23:09:23,75676,10.063,,,,
1109,9/21/2009,23:24:23,75666,10.063,,,,
1110,9/21/2009,23:39:23,75697,10.063,,,,
1111,9/21/2009,23:54:23,75707,10.063,,,,
1112,9/22/2009,0:09:23,75717,10.063,,,,
1113,9/22/2009,0:24:23,75738,9.965,,,,
1114,9/22/2009,0:39:23,75738,9.965,,,,
1115,9/22/2009,0:54:23,75738,9.965,,,,
1116,9/22/2009,1:09:23,75718,9.965,,,,
1117,9/22/2009,1:24:23,75708,9.866,,,,
1118,9/22/2009,1:39:23,75738,9.866,,,,
1119,9/22/2009,1:54:23,75749,9.866,,,,
1120,9/22/2009,2:09:23,75749,9.866,,,,
1121,9/22/2009,2:24:23,75738,9.866,,,,
1122,9/22/2009,2:39:23,75749,9.768,,,,
1123,9/22/2009,2:54:23,75749,9.768,,,,
1124,9/22/2009,3:09:23,75729,9.768,,,,
1125,9/22/2009,3:24:23,75750,9.669,,,,
1126,9/22/2009,3:39:23,75740,9.669,,,,
1127,9/22/2009,3:54:23,75750,9.669,,,,
1128,9/22/2009,4:09:23,75751,9.571,,,,
1129,9/22/2009,4:24:23,75730,9.571,,,,
1130,9/22/2009,4:39:23,75740,9.571,,,,
1131,9/22/2009,4:54:23,75740,9.571,,,,
1132,9/22/2009,5:09:23,75730,9.571,,,,
1133,9/22/2009,5:24:23,75741,9.472,,,,
1134,9/22/2009,5:39:23,75772,9.472,,,,
1135,9/22/2009,5:54:23,75782,9.472,,,,
1136,9/22/2009,6:09:23,75792,9.472,,,,
1137,9/22/2009,6:24:23,75823,9.373,,,,
1138,9/22/2009,6:39:23,75843,9.373,,,,
1139,9/22/2009,6:54:23,75853,9.373,,,,
1140,9/22/2009,7:09:23,75853,9.373,,,,
1141,9/22/2009,7:24:23,75854,9.275,,,,
1142,9/22/2009,7:39:23,75874,9.275,,,,
1143,9/22/2009,7:54:23,75854,9.275,,,,
1144,9/22/2009,8:09:23,75874,9.275,,,,
1145,9/22/2009,8:24:23,75874,9.275,,,,
1146,9/22/2009,8:39:23,75865,9.176,,,,
1147,9/22/2009,8:54:23,75855,9.176,,,,
1148,9/22/2009,9:09:23,75865,9.176,,,,
1149,9/22/2009,9:24:23,75855,9.176,,,,
1150,9/22/2009,9:39:23,75875,9.176,,,,
1151,9/22/2009,9:54:23,75855,9.176,,,,
1152,9/22/2009,10:09:23,75845,9.176,,,,
1153,9/22/2009,10:24:23,75814,9.176,,,,
1154,9/22/2009,10:39:23,75794,9.176,,,,
1155,9/22/2009,10:54:23,75784,9.176,,,,
1156,9/22/2009,11:09:23,75784,9.176,,,,
1157,9/22/2009,11:24:23,75794,9.176,,,,
1158,9/22/2009,11:39:23,75794,9.176,,,,
1159,9/22/2009,11:54:23,75774,9.176,,,,
1160,9/22/2009,12:09:23,75763,9.275,,,,
1161,9/22/2009,12:24:23,75773,9.275,,,,
1162,9/22/2009,12:39:23,75763,9.275,,,,
1163,9/22/2009,12:54:23,75722,9.275,,,,
1164,9/22/2009,13:09:23,75732,9.275,,,,
1165,9/22/2009,13:24:23,75692,9.275,,,,
1166,9/22/2009,13:39:23,75692,9.275,,,,
1167,9/22/2009,13:54:23,75651,9.275,,,,
1168,9/22/2009,14:09:23,75672,9.275,,,,
1169,9/22/2009,14:24:23,75661,9.373,,,,
1170,9/22/2009,14:39:23,75671,9.373,,,,
1171,9/22/2009,14:54:23,75671,9.373,,,,
1172,9/22/2009,15:09:23,75661,9.373,,,,
1173,9/22/2009,15:24:23,75661,9.373,,,,
1174,9/22/2009,15:39:23,75651,9.373,,,,
1175,9/22/2009,15:54:23,75641,9.373,,,,
1176,9/22/2009,16:09:23,75641,9.373,,,,
1177,9/22/2009,16:24:23,75641,9.373,,,,
1178,9/22/2009,16:39:23,75641,9.373,,,,
1179,9/22/2009,16:54:23,75651,9.373,,,,
1180,9/22/2009,17:09:23,75651,9.373,,,,
1181,9/22/2009,17:24:23,75661,9.373,,,,
1182,9/22/2009,17:39:23,75651,9.373,,,,
1183,9/22/2009,17:54:23,75651,9.373,,,,
1184,9/22/2009,18:09:23,75641,9.373,,,,
1185,9/22/2009,18:24:23,75641,9.373,,,,
1186,9/22/2009,18:39:23,75671,9.373,,,,
1187,9/22/2009,18:54:23,75691,9.373,,,,
1188,9/22/2009,19:09:23,75701,9.373,,,,
1189,9/22/2009,19:24:23,75722,9.275,,,,
1190,9/22/2009,19:39:23,75732,9.275,,,,
1191,9/22/2009,19:54:23,75753,9.275,,,,
1192,9/22/2009,20:09:23,75763,9.275,,,,
1193,9/22/2009,20:24:23,75773,9.275,,,,
1194,9/22/2009,20:39:23,75794,9.176,,,,
1195,9/22/2009,20:54:23,75794,9.176,,,,
1196,9/22/2009,21:09:23,75804,9.176,,,,
1197,9/22/2009,21:24:23,75784,9.176,,,,
1198,9/22/2009,21:39:23,75784,9.176,,,,
1199,9/22/2009,21:54:23,75815,9.077,,,,
1200,9/22/2009,22:09:23,75774,9.077,,,,
1201,9/22/2009,22:24:23,75784,9.077,,,,
1202,9/22/2009,22:39:23,75774,9.077,,,,
1203,9/22/2009,22:54:23,75755,8.978,,,,
1204,9/22/2009,23:09:23,75765,8.978,,,,
1205,9/22/2009,23:24:23,75795,8.978,,,,
1206,9/22/2009,23:39:23,75755,8.978,,,,
1207,9/22/2009,23:54:23,75755,8.879,,,,
1208,9/23/2009,0:09:23,75776,8.879,,,,
1209,9/23/2009,0:24:23,75745,8.879,,,,
1210,9/23/2009,0:39:23,75776,8.879,,,,
1211,9/23/2009,0:54:23,75787,8.779,,,,
1212,9/23/2009,1:09:23,75797,8.779,,,,
1213,9/23/2009,1:24:23,75776,8.779,,,,
1214,9/23/2009,1:39:23,75797,8.779,,,,
1215,9/23/2009,1:54:23,75777,8.68,,,,
1216,9/23/2009,2:09:23,75797,8.68,,,,
1217,9/23/2009,2:24:23,75787,8.68,,,,
1218,9/23/2009,2:39:23,75767,8.68,,,,
1219,9/23/2009,2:54:23,75777,8.68,,,,
1220,9/23/2009,3:09:23,75798,8.581,,,,
1221,9/23/2009,3:24:23,75788,8.581,,,,
1222,9/23/2009,3:39:23,75747,8.581,,,,
1223,9/23/2009,3:54:23,75778,8.581,,,,
1224,9/23/2009,4:09:23,75748,8.481,,,,
1225,9/23/2009,4:24:23,75758,8.481,,,,
1226,9/23/2009,4:39:23,75738,8.481,,,,
1227,9/23/2009,4:54:23,75748,8.481,,,,
1228,9/23/2009,5:09:23,75749,8.382,,,,
1229,9/23/2009,5:24:23,75729,8.382,,,,
1230,9/23/2009,5:39:23,75708,8.382,,,,
1231,9/23/2009,5:54:23,75729,8.382,,,,
1232,9/23/2009,6:09:23,75729,8.282,,,,
1233,9/23/2009,6:24:23,75749,8.282,,,,
1234,9/23/2009,6:39:23,75739,8.282,,,,
1235,9/23/2009,6:54:23,75739,8.282,,,,
1236,9/23/2009,7:09:23,75729,8.282,,,,
1237,9/23/2009,7:24:23,75740,8.182,,,,
1238,9/23/2009,7:39:23,75750,8.182,,,,
1239,9/23/2009,7:54:23,75750,8.182,,,,
1240,9/23/2009,8:09:23,75750,8.182,,,,
1241,9/23/2009,8:24:23,75720,8.182,,,,
1242,9/23/2009,8:39:23,75710,8.082,,,,
1243,9/23/2009,8:54:23,75731,8.082,,,,
1244,9/23/2009,9:09:23,75741,8.082,,,,
1245,9/23/2009,9:24:23,75751,8.082,,,,
1246,9/23/2009,9:39:23,75761,8.082,,,,
1247,9/23/2009,9:54:23,75730,8.182,,,,
1248,9/23/2009,10:09:23,75720,8.182,,,,
1249,9/23/2009,10:24:23,75730,8.182,,,,
1250,9/23/2009,10:39:23,75730,8.182,,,,
1251,9/23/2009,10:54:23,75720,8.182,,,,
1252,9/23/2009,11:09:23,75689,8.182,,,,
1253,9/23/2009,11:24:23,75669,8.182,,,,
1254,9/23/2009,11:39:23,75649,8.182,,,,
1255,9/23/2009,11:54:23,75629,8.182,,,,
1256,9/23/2009,12:09:23,75629,8.182,,,,
1257,9/23/2009,12:24:23,75608,8.282,,,,
1258,9/23/2009,12:39:23,75608,8.282,,,,
1259,9/23/2009,12:54:23,75608,8.282,,,,
1260,9/23/2009,13:09:23,75608,8.282,,,,
1261,9/23/2009,13:24:23,75587,8.282,,,,
1262,9/23/2009,13:39:23,75598,8.282,,,,
1263,9/23/2009,13:54:23,75567,8.282,,,,
1264,9/23/2009,14:09:23,75557,8.282,,,,
1265,9/23/2009,14:24:23,75526,8.382,,,,
1266,9/23/2009,14:39:23,75536,8.382,,,,
1267,9/23/2009,14:54:23,75506,8.382,,,,
1268,9/23/2009,15:09:23,75516,8.382,,,,
1269,9/23/2009,15:24:23,75516,8.382,,,,
1270,9/23/2009,15:39:23,75496,8.382,,,,
1271,9/23/2009,15:54:23,75495,8.481,,,,
1272,9/23/2009,16:09:23,75485,8.481,,,,
1273,9/23/2009,16:24:23,75485,8.481,,,,
1274,9/23/2009,16:39:23,75515,8.481,,,,
1275,9/23/2009,16:54:23,75515,8.481,,,,
1276,9/23/2009,17:09:23,75515,8.481,,,,
1277,9/23/2009,17:24:23,75525,8.481,,,,
1278,9/23/2009,17:39:23,75535,8.481,,,,
1279,9/23/2009,17:54:23,75535,8.481,,,,
1280,9/23/2009,18:09:23,75535,8.481,,,,
1281,9/23/2009,18:24:23,75545,8.481,,,,
1282,9/23/2009,18:39:23,75556,8.481,,,,
1283,9/23/2009,18:54:23,75566,8.481,,,,
1284,9/23/2009,19:09:23,75585,8.581,,,,
1285,9/23/2009,19:24:23,75585,8.581,,,,
1286,9/23/2009,19:39:23,75585,8.581,,,,
1287,9/23/2009,19:54:23,75636,8.581,,,,
1288,9/23/2009,20:09:23,75646,8.581,,,,
1289,9/23/2009,20:24:23,75666,8.581,,,,
1290,9/23/2009,20:39:23,75676,8.581,,,,
1291,9/23/2009,20:54:23,75707,8.581,,,,
1292,9/23/2009,21:09:23,75737,8.581,,,,
1293,9/23/2009,21:24:23,75737,8.581,,,,
1294,9/23/2009,21:39:23,75747,8.581,,,,
1295,9/23/2009,21:54:23,75727,8.581,,,,
1296,9/23/2009,22:09:23,75758,8.581,,,,
1297,9/23/2009,22:24:23,75798,8.581,,,,
1298,9/23/2009,22:39:23,75818,8.581,,,,
1299,9/23/2009,22:54:23,75849,8.481,,,,
1300,9/23/2009,23:09:23,75839,8.481,,,,
1301,9/23/2009,23:24:23,75829,8.481,,,,
1302,9/23/2009,23:39:23,75839,8.481,,,,
1303,9/23/2009,23:54:23,75819,8.481,,,,
1304,9/24/2009,0:09:23,75809,8.481,,,,
1305,9/24/2009,0:24:23,75789,8.481,,,,
1306,9/24/2009,0:39:23,75829,8.481,,,,
1307,9/24/2009,0:54:23,75809,8.481,,,,
1308,9/24/2009,1:09:23,75810,8.382,,,,
1309,9/24/2009,1:24:23,75810,8.382,,,,
1310,9/24/2009,1:39:23,75810,8.382,,,,
1311,9/24/2009,1:54:23,75820,8.382,,,,
1312,9/24/2009,2:09:23,75810,8.382,,,,
1313,9/24/2009,2:24:23,75779,8.382,,,,
1314,9/24/2009,2:39:23,75749,8.382,,,,
1315,9/24/2009,2:54:23,75739,8.382,,,,
1316,9/24/2009,3:09:23,75739,8.282,,,,
1317,9/24/2009,3:24:23,75709,8.282,,,,
1318,9/24/2009,3:39:23,75709,8.282,,,,
1319,9/24/2009,3:54:23,75689,8.282,,,,
1320,9/24/2009,4:09:23,75668,8.282,,,,
1321,9/24/2009,4:24:23,75668,8.282,,,,
1322,9/24/2009,4:39:23,75668,8.282,,,,
1323,9/24/2009,4:54:23,75649,8.182,,,,
1324,9/24/2009,5:09:23,75639,8.182,,,,
1325,9/24/2009,5:24:23,75659,8.182,,,,
1326,9/24/2009,5:39:23,75649,8.182,,,,
1327,9/24/2009,5:54:23,75629,8.182,,,,
1328,9/24/2009,6:09:23,75619,8.182,,,,
1329,9/24/2009,6:24:23,75650,8.082,,,,
1330,9/24/2009,6:39:23,75660,8.082,,,,
1331,9/24/2009,6:54:23,75639,8.082,,,,
1332,9/24/2009,7:09:23,75650,8.082,,,,
1333,9/24/2009,7:24:23,75639,8.082,,,,
1334,9/24/2009,7:39:23,75650,8.082,,,,
1335,9/24/2009,7:54:23,75650,7.983,,,,
1336,9/24/2009,8:09:23,75671,7.983,,,,
1337,9/24/2009,8:24:23,75681,7.983,,,,
1338,9/24/2009,8:39:23,75671,7.983,,,,
1339,9/24/2009,8:54:23,75671,7.983,,,,
1340,9/24/2009,9:09:23,75671,7.983,,,,
1341,9/24/2009,9:24:23,75681,7.983,,,,
1342,9/24/2009,9:39:23,75661,7.882,,,,
1343,9/24/2009,9:54:23,75692,7.882,,,,
1344,9/24/2009,10:09:23,75681,7.882,,,,
1345,9/24/2009,10:24:23,75671,7.882,,,,
1346,9/24/2009,10:39:23,75671,7.882,,,,
1347,9/24/2009,10:54:23,75651,7.882,,,,
1348,9/24/2009,11:09:23,75631,7.882,,,,
1349,9/24/2009,11:24:23,75641,7.882,,,,
1350,9/24/2009,11:39:23,75640,7.983,,,,
1351,9/24/2009,11:54:23,75620,7.983,,,,
1352,9/24/2009,12:09:23,75610,7.983,,,,
1353,9/24/2009,12:24:23,75610,7.983,,,,
1354,9/24/2009,12:39:23,75579,7.983,,,,
1355,9/24/2009,12:54:23,75590,7.983,,,,
1356,9/24/2009,13:09:23,75590,7.983,,,,
1357,9/24/2009,13:24:23,75569,8.082,,,,
1358,9/24/2009,13:39:23,75558,8.082,,,,
1359,9/24/2009,13:54:23,75548,8.082,,,,
1360,9/24/2009,14:09:23,75548,8.082,,,,
1361,9/24/2009,14:24:23,75548,8.082,,,,
1362,9/24/2009,14:39:23,75548,8.082,,,,
1363,9/24/2009,14:54:23,75528,8.082,,,,
1364,9/24/2009,15:09:23,75538,8.082,,,,
1365,9/24/2009,15:24:23,75507,8.182,,,,
1366,9/24/2009,15:39:23,75527,8.182,,,,
1367,9/24/2009,15:54:23,75517,8.182,,,,
1368,9/24/2009,16:09:23,75507,8.182,,,,
1369,9/24/2009,16:24:23,75487,8.182,,,,
1370,9/24/2009,16:39:23,75487,8.182,,,,
1371,9/24/2009,16:54:23,75477,8.182,,,,
1372,9/24/2009,17:09:23,75507,8.182,,,,
1373,9/24/2009,17:24:23,75487,8.182,,,,
1374,9/24/2009,17:39:23,75507,8.182,,,,
1375,9/24/2009,17:54:23,75487,8.182,,,,
1376,9/24/2009,18:09:23,75497,8.182,,,,
1377,9/24/2009,18:24:23,75517,8.182,,,,
1378,9/24/2009,18:39:23,75527,8.182,,,,
1379,9/24/2009,18:54:23,75527,8.182,,,,
1380,9/24/2009,19:09:23,75558,8.182,,,,
1381,9/24/2009,19:24:23,75568,8.182,,,,
1382,9/24/2009,19:39:23,75568,8.182,,,,
1383,9/24/2009,19:54:23,75568,8.182,,,,
1384,9/24/2009,20:09:23,75588,8.182,,,,
1385,9/24/2009,20:24:23,75608,8.182,,,,
1386,9/24/2009,20:39:23,75629,8.182,,,,
1387,9/24/2009,20:54:23,75629,8.182,,,,
1388,9/24/2009,21:09:23,75659,8.182,,,,
1389,9/24/2009,21:24:23,75649,8.182,,,,
1390,9/24/2009,21:39:23,75659,8.182,,,,
1391,9/24/2009,21:54:23,75659,8.182,,,,
1392,9/24/2009,22:09:23,75669,8.182,,,,
1393,9/24/2009,22:24:23,75669,8.182,,,,
1394,9/24/2009,22:39:23,75679,8.182,,,,
1395,9/24/2009,22:54:23,75679,8.182,,,,
1396,9/24/2009,23:09:23,75689,8.182,,,,
1397,9/24/2009,23:24:23,75669,8.182,,,,
1398,9/24/2009,23:39:23,75679,8.182,,,,
1399,9/24/2009,23:54:23,75679,8.182,,,,
1400,9/25/2009,0:09:23,75649,8.182,,,,
1401,9/25/2009,0:24:23,75639,8.182,,,,
1402,9/25/2009,0:39:23,75629,8.082,,,,
1403,9/25/2009,0:54:23,75660,8.082,,,,
1404,9/25/2009,1:09:23,75639,8.082,,,,
1405,9/25/2009,1:24:23,75619,8.082,,,,
1406,9/25/2009,1:39:23,75619,8.082,,,,
1407,9/25/2009,1:54:23,75619,8.082,,,,
1408,9/25/2009,2:09:23,75620,7.983,,,,
1409,9/25/2009,2:24:23,75620,7.983,,,,
1410,9/25/2009,2:39:23,75600,7.983,,,,
1411,9/25/2009,2:54:23,75579,7.983,,,,
1412,9/25/2009,3:09:23,75579,7.983,,,,
1413,9/25/2009,3:24:23,75569,7.983,,,,
1414,9/25/2009,3:39:23,75560,7.882,,,,
1415,9/25/2009,3:54:23,75570,7.882,,,,
1416,9/25/2009,4:09:23,75580,7.882,,,,
1417,9/25/2009,4:24:23,75570,7.882,,,,
1418,9/25/2009,4:39:23,75580,7.882,,,,
1419,9/25/2009,4:54:23,75570,7.882,,,,
1420,9/25/2009,5:09:23,75590,7.882,,,,
1421,9/25/2009,5:24:23,75581,7.782,,,,
1422,9/25/2009,5:39:23,75571,7.782,,,,
1423,9/25/2009,5:54:23,75581,7.782,,,,
1424,9/25/2009,6:09:23,75611,7.782,,,,
1425,9/25/2009,6:24:23,75611,7.782,,,,
1426,9/25/2009,6:39:23,75621,7.782,,,,
1427,9/25/2009,6:54:23,75632,7.682,,,,
1428,9/25/2009,7:09:23,75632,7.682,,,,
1429,9/25/2009,7:24:23,75642,7.682,,,,
1430,9/25/2009,7:39:23,75652,7.682,,,,
1431,9/25/2009,7:54:23,75673,7.682,,,,
1432,9/25/2009,8:09:23,75652,7.682,,,,
1433,9/25/2009,8:24:23,75663,7.582,,,,
1434,9/25/2009,8:39:23,75653,7.582,,,,
1435,9/25/2009,8:54:23,75653,7.582,,,,
1436,9/25/2009,9:09:23,75653,7.582,,,,
1437,9/25/2009,9:24:23,75643,7.582,,,,
1438,9/25/2009,9:39:23,75653,7.582,,,,
1439,9/25/2009,9:54:23,75663,7.582,,,,
1440,9/25/2009,10:09:23,75653,7.582,,,,
1441,9/25/2009,10:24:23,75623,7.582,,,,
1442,9/25/2009,10:39:23,75613,7.582,,,,
1443,9/25/2009,10:54:23,75633,7.582,,,,
1444,9/25/2009,11:09:23,75623,7.582,,,,
1445,9/25/2009,11:24:23,75592,7.582,,,,
1446,9/25/2009,11:39:23,75612,7.682,,,,
1447,9/25/2009,11:54:23,75622,7.682,,,,
1448,9/25/2009,12:09:23,75612,7.682,,,,
1449,9/25/2009,12:24:23,75602,7.682,,,,
1450,9/25/2009,12:39:23,75611,7.782,,,,
1451,9/25/2009,12:54:23,75621,7.782,,,,
1452,9/25/2009,13:09:23,75591,7.782,,,,
1453,9/25/2009,13:24:23,75611,7.782,,,,
1454,9/25/2009,13:39:23,75560,7.882,,,,
1455,9/25/2009,13:54:23,75590,7.882,,,,
1456,9/25/2009,14:09:23,75560,7.882,,,,
1457,9/25/2009,14:24:23,75549,7.983,,,,
1458,9/25/2009,14:39:23,75590,7.983,,,,
1459,9/25/2009,14:54:23,75569,7.983,,,,
1460,9/25/2009,15:09:23,75559,7.983,,,,
1461,9/25/2009,15:24:23,75609,8.082,,,,
1462,9/25/2009,15:39:23,75569,8.082,,,,
1463,9/25/2009,15:54:23,75558,8.082,,,,
1464,9/25/2009,16:09:23,75558,8.182,,,,
1465,9/25/2009,16:24:23,75548,8.182,,,,
1466,9/25/2009,16:39:23,75568,8.182,,,,
1467,9/25/2009,16:54:23,75558,8.182,,,,
1468,9/25/2009,17:09:23,75568,8.182,,,,
1469,9/25/2009,17:24:23,75568,8.182,,,,
1470,9/25/2009,17:39:23,75578,8.182,,,,
1471,9/25/2009,17:54:23,75587,8.282,,,,
1472,9/25/2009,18:09:23,75608,8.282,,,,
1473,9/25/2009,18:24:23,75628,8.282,,,,
1474,9/25/2009,18:39:23,75648,8.282,,,,
1475,9/25/2009,18:54:23,75658,8.282,,,,
1476,9/25/2009,19:09:23,75668,8.282,,,,
1477,9/25/2009,19:24:23,75699,8.282,,,,
1478,9/25/2009,19:39:23,75719,8.282,,,,
1479,9/25/2009,19:54:23,75739,8.382,,,,
1480,9/25/2009,20:09:23,75759,8.382,,,,
1481,9/25/2009,20:24:23,75749,8.382,,,,
1482,9/25/2009,20:39:23,75799,8.382,,,,
1483,9/25/2009,20:54:23,75810,8.382,,,,
1484,9/25/2009,21:09:23,75820,8.382,,,,
1485,9/25/2009,21:24:23,75840,8.382,,,,
1486,9/25/2009,21:39:23,75850,8.382,,,,
1487,9/25/2009,21:54:23,75850,8.382,,,,
1488,9/25/2009,22:09:23,75850,8.382,,,,
1489,9/25/2009,22:24:23,75850,8.382,,,,
1490,9/25/2009,22:39:23,75861,8.282,,,,
1491,9/25/2009,22:54:23,75841,8.282,,,,
1492,9/25/2009,23:09:23,75841,8.282,,,,
1493,9/25/2009,23:24:23,75810,8.282,,,,
1494,9/25/2009,23:39:23,75810,8.282,,,,
1495,9/25/2009,23:54:23,75800,8.282,,,,
1496,9/26/2009,0:09:23,75820,8.282,,,,
1497,9/26/2009,0:24:23,75810,8.282,,,,
1498,9/26/2009,0:39:23,75821,8.182,,,,
1499,9/26/2009,0:54:23,75831,8.182,,,,
1500,9/26/2009,1:09:23,75791,8.182,,,,
1501,9/26/2009,1:24:23,75801,8.182,,,,
1502,9/26/2009,1:39:23,75791,8.182,,,,
1503,9/26/2009,1:54:23,75801,8.182,,,,
1504,9/26/2009,2:09:23,75781,8.082,,,,
1505,9/26/2009,2:24:23,75802,8.082,,,,
1506,9/26/2009,2:39:23,75791,8.082,,,,
1507,9/26/2009,2:54:23,75791,8.082,,,,
1508,9/26/2009,3:09:23,75761,8.082,,,,
1509,9/26/2009,3:24:23,75771,8.082,,,,
1510,9/26/2009,3:39:23,75782,7.983,,,,
1511,9/26/2009,3:54:23,75802,7.983,,,,
1512,9/26/2009,4:09:23,75823,7.983,,,,
1513,9/26/2009,4:24:23,75823,7.983,,,,
1514,9/26/2009,4:39:23,75843,7.983,,,,
1515,9/26/2009,4:54:23,75833,7.983,,,,
1516,9/26/2009,5:09:23,75864,7.882,,,,
1517,9/26/2009,5:24:23,75864,7.882,,,,
1518,9/26/2009,5:39:23,75864,7.882,,,,
1519,9/26/2009,5:54:23,75874,7.882,,,,
1520,9/26/2009,6:09:23,75894,7.882,,,,
1521,9/26/2009,6:24:23,75894,7.882,,,,
1522,9/26/2009,6:39:23,75915,7.782,,,,
1523,9/26/2009,6:54:23,75925,7.782,,,,
1524,9/26/2009,7:09:23,75945,7.782,,,,
1525,9/26/2009,7:24:23,75945,7.782,,,,
1526,9/26/2009,7:39:23,75945,7.782,,,,
1527,9/26/2009,7:54:23,75966,7.782,,,,
1528,9/26/2009,8:09:23,75966,7.782,,,,
1529,9/26/2009,8:24:23,75977,7.682,,,,
1530,9/26/2009,8:39:23,75997,7.682,,,,
1531,9/26/2009,8:54:23,75977,7.682,,,,
1532,9/26/2009,9:09:23,75977,7.682,,,,
1533,9/26/2009,9:24:23,75987,7.682,,,,
1534,9/26/2009,9:39:23,75997,7.682,,,,
1535,9/26/2009,9:54:23,75997,7.682,,,,
1536,9/26/2009,10:09:23,76007,7.682,,,,
1537,9/26/2009,10:24:23,75997,7.682,,,,
1538,9/26/2009,10:39:23,76007,7.682,,,,
1539,9/26/2009,10:54:23,75997,7.682,,,,
1540,9/26/2009,11:09:23,75997,7.682,,,,
1541,9/26/2009,11:24:23,75976,7.782,,,,
1542,9/26/2009,11:39:23,75966,7.782,,,,
1543,9/26/2009,11:54:23,75966,7.782,,,,
1544,9/26/2009,12:09:23,75945,7.782,,,,
1545,9/26/2009,12:24:23,75935,7.782,,,,
1546,9/26/2009,12:39:23,75945,7.882,,,,
1547,9/26/2009,12:54:23,75904,7.882,,,,
1548,9/26/2009,13:09:23,75914,7.882,,,,
1549,9/26/2009,13:24:23,75883,7.983,,,,
1550,9/26/2009,13:39:23,75883,7.983,,,,
1551,9/26/2009,13:54:23,75863,7.983,,,,
1552,9/26/2009,14:09:23,75842,8.082,,,,
1553,9/26/2009,14:24:23,75842,8.082,,,,
1554,9/26/2009,14:39:23,75812,8.082,,,,
1555,9/26/2009,14:54:23,75821,8.182,,,,
1556,9/26/2009,15:09:23,75801,8.182,,,,
1557,9/26/2009,15:24:23,75831,8.182,,,,
1558,9/26/2009,15:39:23,75781,8.182,,,,
1559,9/26/2009,15:54:23,75790,8.282,,,,
1560,9/26/2009,16:09:23,75790,8.282,,,,
1561,9/26/2009,16:24:23,75790,8.282,,,,
1562,9/26/2009,16:39:23,75790,8.282,,,,
1563,9/26/2009,16:54:23,75800,8.282,,,,
1564,9/26/2009,17:09:23,75789,8.382,,,,
1565,9/26/2009,17:24:23,75789,8.382,,,,
1566,9/26/2009,17:39:23,75789,8.382,,,,
1567,9/26/2009,17:54:23,75789,8.382,,,,
1568,9/26/2009,18:09:23,75799,8.382,,,,
1569,9/26/2009,18:24:23,75779,8.382,,,,
1570,9/26/2009,18:39:23,75789,8.382,,,,
1571,9/26/2009,18:54:23,75810,8.382,,,,
1572,9/26/2009,19:09:23,75809,8.481,,,,
1573,9/26/2009,19:24:23,75829,8.481,,,,
1574,9/26/2009,19:39:23,75839,8.481,,,,
1575,9/26/2009,19:54:23,75839,8.481,,,,
1576,9/26/2009,20:09:23,75860,8.481,,,,
1577,9/26/2009,20:24:23,75839,8.481,,,,
1578,9/26/2009,20:39:23,75860,8.481,,,,
1579,9/26/2009,20:54:23,75880,8.481,,,,
1580,9/26/2009,21:09:23,75890,8.481,,,,
1581,9/26/2009,21:24:23,75910,8.481,,,,
1582,9/26/2009,21:39:23,75900,8.481,,,,
1583,9/26/2009,21:54:23,75900,8.481,,,,
1584,9/26/2009,22:09:23,75890,8.481,,,,
1585,9/26/2009,22:24:23,75890,8.481,,,,
1586,9/26/2009,22:39:23,75880,8.481,,,,
1587,9/26/2009,22:54:23,75890,8.481,,,,
1588,9/26/2009,23:09:23,75891,8.382,,,,
1589,9/26/2009,23:24:23,75870,8.382,,,,
1590,9/26/2009,23:39:23,75880,8.382,,,,
1591,9/26/2009,23:54:23,75860,8.382,,,,
1592,9/27/2009,0:09:23,75850,8.382,,,,
1593,9/27/2009,0:24:23,75840,8.382,,,,
1594,9/27/2009,0:39:23,75830,8.382,,,,
1595,9/27/2009,0:54:23,75820,8.282,,,,
1596,9/27/2009,1:09:23,75810,8.282,,,,
1597,9/27/2009,1:24:23,75790,8.282,,,,
1598,9/27/2009,1:39:23,75780,8.282,,,,
1599,9/27/2009,1:54:23,75780,8.282,,,,
1600,9/27/2009,2:09:23,75770,8.282,,,,
1601,9/27/2009,2:24:23,75770,8.182,,,,
1602,9/27/2009,2:39:23,75770,8.182,,,,
1603,9/27/2009,2:54:23,75760,8.182,,,,
1604,9/27/2009,3:09:23,75760,8.182,,,,
1605,9/27/2009,3:24:23,75730,8.182,,,,
1606,9/27/2009,3:39:23,75750,8.182,,,,
1607,9/27/2009,3:54:23,75741,8.082,,,,
1608,9/27/2009,4:09:23,75721,8.082,,,,
1609,9/27/2009,4:24:23,75721,8.082,,,,
1610,9/27/2009,4:39:23,75700,8.082,,,,
1611,9/27/2009,4:54:23,75710,8.082,,,,
1612,9/27/2009,5:09:23,75711,7.983,,,,
1613,9/27/2009,5:24:23,75721,7.983,,,,
1614,9/27/2009,5:39:23,75711,7.983,,,,
1615,9/27/2009,5:54:23,75701,7.983,,,,
1616,9/27/2009,6:09:23,75701,7.983,,,,
1617,9/27/2009,6:24:23,75701,7.983,,,,
1618,9/27/2009,6:39:23,75702,7.882,,,,
1619,9/27/2009,6:54:23,75702,7.882,,,,
1620,9/27/2009,7:09:23,75692,7.882,,,,
1621,9/27/2009,7:24:23,75712,7.882,,,,
1622,9/27/2009,7:39:23,75702,7.882,,,,
1623,9/27/2009,7:54:23,75702,7.782,,,,
1624,9/27/2009,8:09:23,75692,7.782,,,,
1625,9/27/2009,8:24:23,75682,7.782,,,,
1626,9/27/2009,8:39:23,75692,7.782,,,,
1627,9/27/2009,8:54:23,75702,7.782,,,,
1628,9/27/2009,9:09:23,75682,7.782,,,,
1629,9/27/2009,9:24:23,75682,7.782,,,,
1630,9/27/2009,9:39:23,75692,7.782,,,,
1631,9/27/2009,9:54:23,75672,7.782,,,,
1632,9/27/2009,10:09:23,75672,7.782,,,,
1633,9/27/2009,10:24:23,75662,7.782,,,,
1634,9/27/2009,10:39:23,75652,7.782,,,,
1635,9/27/2009,10:54:23,75652,7.782,,,,
1636,9/27/2009,11:09:23,75642,7.782,,,,
1637,9/27/2009,11:24:23,75611,7.882,,,,
1638,9/27/2009,11:39:23,75621,7.882,,,,
1639,9/27/2009,11:54:23,75600,7.882,,,,
1640,9/27/2009,12:09:23,75580,7.882,,,,
1641,9/27/2009,12:24:23,75579,7.983,,,,
1642,9/27/2009,12:39:23,75549,7.983,,,,
1643,9/27/2009,12:54:23,75539,7.983,,,,
1644,9/27/2009,13:09:23,75518,8.082,,,,
1645,9/27/2009,13:24:23,75498,8.082,,,,
1646,9/27/2009,13:39:23,75457,8.082,,,,
1647,9/27/2009,13:54:23,75467,8.182,,,,
1648,9/27/2009,14:09:23,75436,8.182,,,,
1649,9/27/2009,14:24:23,75436,8.182,,,,
1650,9/27/2009,14:39:23,75415,8.282,,,,
1651,9/27/2009,14:54:23,75415,8.282,,,,
1652,9/27/2009,15:09:23,75415,8.282,,,,
1653,9/27/2009,15:24:23,75404,8.382,,,,
1654,9/27/2009,15:39:23,75394,8.382,,,,
1655,9/27/2009,15:54:23,75384,8.382,,,,
1656,9/27/2009,16:09:23,75383,8.481,,,,
1657,9/27/2009,16:24:23,75383,8.481,,,,
1658,9/27/2009,16:39:23,75363,8.481,,,,
1659,9/27/2009,16:54:23,75353,8.481,,,,
1660,9/27/2009,17:09:23,75373,8.481,,,,
1661,9/27/2009,17:24:23,75373,8.481,,,,
1662,9/27/2009,17:39:23,75373,8.481,,,,
1663,9/27/2009,17:54:23,75393,8.581,,,,
1664,9/27/2009,18:09:23,75403,8.581,,,,
1665,9/27/2009,18:24:23,75413,8.581,,,,
1666,9/27/2009,18:39:23,75423,8.581,,,,
1667,9/27/2009,18:54:23,75433,8.581,,,,
1668,9/27/2009,19:09:23,75454,8.581,,,,
1669,9/27/2009,19:24:23,75454,8.581,,,,
1670,9/27/2009,19:39:23,75464,8.581,,,,
1671,9/27/2009,19:54:23,75484,8.581,,,,
1672,9/27/2009,20:09:23,75493,8.68,,,,
1673,9/27/2009,20:24:23,75493,8.68,,,,
1674,9/27/2009,20:39:23,75514,8.68,,,,
1675,9/27/2009,20:54:23,75544,8.68,,,,
1676,9/27/2009,21:09:23,75544,8.68,,,,
1677,9/27/2009,21:24:23,75534,8.68,,,,
1678,9/27/2009,21:39:23,75564,8.68,,,,
1679,9/27/2009,21:54:23,75574,8.68,,,,
1680,9/27/2009,22:09:23,75595,8.68,,,,
1681,9/27/2009,22:24:23,75595,8.68,,,,
1682,9/27/2009,22:39:23,75574,8.68,,,,
1683,9/27/2009,22:54:23,75575,8.581,,,,
1684,9/27/2009,23:09:23,75595,8.581,,,,
1685,9/27/2009,23:24:23,75585,8.581,,,,
1686,9/27/2009,23:39:23,75585,8.581,,,,
1687,9/27/2009,23:54:23,75595,8.581,,,,
1688,9/28/2009,0:09:23,75595,8.581,,,,
1689,9/28/2009,0:24:23,75595,8.581,,,,
1690,9/28/2009,0:39:23,75575,8.581,,,,
1691,9/28/2009,0:54:23,75585,8.581,,,,
1692,9/28/2009,1:09:23,75576,8.481,,,,
1693,9/28/2009,1:24:23,75586,8.481,,,,
1694,9/28/2009,1:39:23,75586,8.481,,,,
1695,9/28/2009,1:54:23,75606,8.481,,,,
1696,9/28/2009,2:09:23,75596,8.481,,,,
1697,9/28/2009,2:24:23,75606,8.481,,,,
1698,9/28/2009,2:39:23,75616,8.481,,,,
1699,9/28/2009,2:54:23,75627,8.481,,,,
1700,9/28/2009,3:09:23,75627,8.382,,,,
1701,9/28/2009,3:24:23,75627,8.382,,,,
1702,9/28/2009,3:39:23,75637,8.382,,,,
1703,9/28/2009,3:54:23,75637,8.382,,,,
1704,9/28/2009,4:09:23,75647,8.382,,,,
1705,9/28/2009,4:24:23,75647,8.382,,,,
1706,9/28/2009,4:39:23,75658,8.282,,,,
1707,9/28/2009,4:54:23,75668,8.282,,,,
1708,9/28/2009,5:09:23,75689,8.282,,,,
1709,9/28/2009,5:24:23,75699,8.282,,,,
1710,9/28/2009,5:39:23,75709,8.282,,,,
1711,9/28/2009,5:54:23,75710,8.182,,,,
1712,9/28/2009,6:09:23,75730,8.182,,,,
1713,9/28/2009,6:24:23,75740,8.182,,,,
1714,9/28/2009,6:39:23,75740,8.182,,,,
1715,9/28/2009,6:54:23,75760,8.182,,,,
1716,9/28/2009,7:09:23,75771,8.082,,,,
1717,9/28/2009,7:24:23,75771,8.082,,,,
1718,9/28/2009,7:39:23,75802,8.082,,,,
1719,9/28/2009,7:54:23,75842,8.082,,,,
1720,9/28/2009,8:09:23,75832,8.082,,,,
1721,9/28/2009,8:24:23,75862,8.082,,,,
1722,9/28/2009,8:39:23,75862,8.082,,,,
1723,9/28/2009,8:54:23,75862,8.082,,,,
1724,9/28/2009,9:09:23,75893,8.082,,,,
1725,9/28/2009,9:24:23,75883,7.983,,,,
1726,9/28/2009,9:39:23,75873,7.983,,,,
1727,9/28/2009,9:54:23,75883,7.983,,,,
1728,9/28/2009,10:09:23,75862,8.082,,,,
1729,9/28/2009,10:24:23,75842,8.082,,,,
1730,9/28/2009,10:39:23,75862,8.082,,,,
1731,9/28/2009,10:54:23,75852,8.082,,,,
1732,9/28/2009,11:09:23,75862,8.082,,,,
1733,9/28/2009,11:24:23,75832,8.082,,,,
1734,9/28/2009,11:39:23,75842,8.082,,,,
1735,9/28/2009,11:54:23,75821,8.182,,,,
1736,9/28/2009,12:09:23,75811,8.182,,,,
1737,9/28/2009,12:24:23,75801,8.182,,,,
1738,9/28/2009,12:39:23,75781,8.182,,,,
1739,9/28/2009,12:54:23,75770,8.282,,,,
1740,9/28/2009,13:09:23,75760,8.282,,,,
1741,9/28/2009,13:24:23,75749,8.282,,,,
1742,9/28/2009,13:39:23,75749,8.382,,,,
1743,9/28/2009,13:54:23,75739,8.382,,,,
1744,9/28/2009,14:09:23,75698,8.382,,,,
1745,9/28/2009,14:24:23,75708,8.481,,,,
1746,9/28/2009,14:39:23,75687,8.481,,,,
1747,9/28/2009,14:54:23,75667,8.481,,,,
1748,9/28/2009,15:09:23,75677,8.481,,,,
1749,9/28/2009,15:24:23,75666,8.581,,,,
1750,9/28/2009,15:39:23,75656,8.581,,,,
1751,9/28/2009,15:54:23,75646,8.581,,,,
1752,9/28/2009,16:09:23,75666,8.581,,,,
1753,9/28/2009,16:24:23,75666,8.581,,,,
1754,9/28/2009,16:39:23,75656,8.68,,,,
1755,9/28/2009,16:54:23,75645,8.68,,,,
1756,9/28/2009,17:09:23,75666,8.68,,,,
1757,9/28/2009,17:24:23,75656,8.68,,,,
1758,9/28/2009,17:39:23,75635,8.68,,,,
1759,9/28/2009,17:54:23,75666,8.68,,,,
1760,9/28/2009,18:09:23,75656,8.68,,,,
1761,9/28/2009,18:24:23,75676,8.68,,,,
1762,9/28/2009,18:39:23,75656,8.68,,,,
1763,9/28/2009,18:54:23,75666,8.68,,,,
1764,9/28/2009,19:09:23,75685,8.779,,,,
1765,9/28/2009,19:24:23,75695,8.779,,,,
1766,9/28/2009,19:39:23,75685,8.779,,,,
1767,9/28/2009,19:54:23,75705,8.779,,,,
1768,9/28/2009,20:09:23,75705,8.779,,,,
1769,9/28/2009,20:24:23,75736,8.779,,,,
1770,9/28/2009,20:39:23,75756,8.779,,,,
1771,9/28/2009,20:54:23,75756,8.779,,,,
1772,9/28/2009,21:09:23,75787,8.779,,,,
1773,9/28/2009,21:24:23,75787,8.779,,,,
1774,9/28/2009,21:39:23,75797,8.779,,,,
1775,9/28/2009,21:54:23,75797,8.779,,,,
1776,9/28/2009,22:09:23,75797,8.68,,,,
1777,9/28/2009,22:24:23,75797,8.68,,,,
1778,9/28/2009,22:39:23,75818,8.68,,,,
1779,9/28/2009,22:54:23,75818,8.68,,,,
1780,9/28/2009,23:09:23,75818,8.68,,,,
1781,9/28/2009,23:24:23,75797,8.68,,,,
1782,9/28/2009,23:39:23,75807,8.68,,,,
1783,9/28/2009,23:54:23,75807,8.68,,,,
1784,9/29/2009,0:09:23,75798,8.581,,,,
1785,9/29/2009,0:24:23,75778,8.581,,,,
1786,9/29/2009,0:39:23,75778,8.581,,,,
1787,9/29/2009,0:54:23,75768,8.581,,,,
1788,9/29/2009,1:09:23,75768,8.581,,,,
1789,9/29/2009,1:24:23,75778,8.581,,,,
1790,9/29/2009,1:39:23,75768,8.481,,,,
1791,9/29/2009,1:54:23,75768,8.481,,,,
1792,9/29/2009,2:09:23,75778,8.481,,,,
1793,9/29/2009,2:24:23,75778,8.481,,,,
1794,9/29/2009,2:39:23,75778,8.481,,,,
1795,9/29/2009,2:54:23,75768,8.481,,,,
1796,9/29/2009,3:09:23,75749,8.382,,,,
1797,9/29/2009,3:24:23,75749,8.382,,,,
1798,9/29/2009,3:39:23,75759,8.382,,,,
1799,9/29/2009,3:54:23,75759,8.382,,,,
1800,9/29/2009,4:09:23,75769,8.382,,,,
1801,9/29/2009,4:24:23,75760,8.282,,,,
1802,9/29/2009,4:39:23,75749,8.282,,,,
1803,9/29/2009,4:54:23,75749,8.282,,,,
1804,9/29/2009,5:09:23,75770,8.282,,,,
1805,9/29/2009,5:24:23,75770,8.282,,,,
1806,9/29/2009,5:39:23,75760,8.282,,,,
1807,9/29/2009,5:54:23,75781,8.182,,,,
1808,9/29/2009,6:09:23,75781,8.182,,,,
1809,9/29/2009,6:24:23,75781,8.182,,,,
1810,9/29/2009,6:39:23,75791,8.182,,,,
1811,9/29/2009,6:54:23,75791,8.182,,,,
1812,9/29/2009,7:09:23,75801,8.182,,,,
1813,9/29/2009,7:24:23,75812,8.082,,,,
1814,9/29/2009,7:39:23,75812,8.082,,,,
1815,9/29/2009,7:54:23,75832,8.082,,,,
1816,9/29/2009,8:09:23,75842,8.082,,,,
1817,9/29/2009,8:24:23,75812,8.082,,,,
1818,9/29/2009,8:39:23,75822,8.082,,,,
1819,9/29/2009,8:54:23,75822,8.082,,,,
1820,9/29/2009,9:09:23,75822,8.082,,,,
1821,9/29/2009,9:24:23,75822,8.082,,,,
1822,9/29/2009,9:39:23,75812,8.082,,,,
1823,9/29/2009,9:54:23,75812,8.082,,,,
1824,9/29/2009,10:09:23,75802,8.082,,,,
1825,9/29/2009,10:24:23,75791,8.082,,,,
1826,9/29/2009,10:39:23,75791,8.082,,,,
1827,9/29/2009,10:54:23,75771,8.082,,,,
1828,9/29/2009,11:09:23,75791,8.082,,,,
1829,9/29/2009,11:24:23,75761,8.082,,,,
1830,9/29/2009,11:39:23,75750,8.182,,,,
1831,9/29/2009,11:54:23,75750,8.182,,,,
1832,9/29/2009,12:09:23,75740,8.182,,,,
1833,9/29/2009,12:24:23,75720,8.182,,,,
1834,9/29/2009,12:39:23,75709,8.282,,,,
1835,9/29/2009,12:54:23,75689,8.282,,,,
1836,9/29/2009,13:09:23,75679,8.282,,,,
1837,9/29/2009,13:24:23,75647,8.382,,,,
1838,9/29/2009,13:39:23,75647,8.382,,,,
1839,9/29/2009,13:54:23,75607,8.382,,,,
1840,9/29/2009,14:09:23,75616,8.481,,,,
1841,9/29/2009,14:24:23,75586,8.481,,,,
1842,9/29/2009,14:39:23,75566,8.481,,,,
1843,9/29/2009,14:54:23,75555,8.581,,,,
1844,9/29/2009,15:09:23,75535,8.581,,,,
1845,9/29/2009,15:24:23,75535,8.581,,,,
1846,9/29/2009,15:39:23,75514,8.581,,,,
1847,9/29/2009,15:54:23,75504,8.68,,,,
1848,9/29/2009,16:09:23,75473,8.68,,,,
1849,9/29/2009,16:24:23,75504,8.68,,,,
1850,9/29/2009,16:39:23,75473,8.68,,,,
1851,9/29/2009,16:54:23,75463,8.68,,,,
1852,9/29/2009,17:09:23,75472,8.779,,,,
1853,9/29/2009,17:24:23,75472,8.779,,,,
1854,9/29/2009,17:39:23,75483,8.779,,,,
1855,9/29/2009,17:54:23,75462,8.779,,,,
1856,9/29/2009,18:09:23,75472,8.779,,,,
1857,9/29/2009,18:24:23,75472,8.779,,,,
1858,9/29/2009,18:39:23,75462,8.779,,,,
1859,9/29/2009,18:54:23,75472,8.779,,,,
1860,9/29/2009,19:09:23,75462,8.879,,,,
1861,9/29/2009,19:24:23,75472,8.879,,,,
1862,9/29/2009,19:39:23,75492,8.879,,,,
1863,9/29/2009,19:54:23,75492,8.879,,,,
1864,9/29/2009,20:09:23,75502,8.879,,,,
1865,9/29/2009,20:24:23,75522,8.879,,,,
1866,9/29/2009,20:39:23,75512,8.879,,,,
1867,9/29/2009,20:54:23,75522,8.879,,,,
1868,9/29/2009,21:09:23,75512,8.879,,,,
1869,9/29/2009,21:24:23,75522,8.879,,,,
1870,9/29/2009,21:39:23,75522,8.879,,,,
1871,9/29/2009,21:54:23,75492,8.879,,,,
1872,9/29/2009,22:09:23,75492,8.879,,,,
1873,9/29/2009,22:24:23,75502,8.879,,,,
1874,9/29/2009,22:39:23,75472,8.879,,,,
1875,9/29/2009,22:54:23,75482,8.879,,,,
1876,9/29/2009,23:09:23,75462,8.879,,,,
1877,9/29/2009,23:24:23,75482,8.879,,,,
1878,9/29/2009,23:39:23,75482,8.879,,,,
1879,9/29/2009,23:54:23,75482,8.879,,,,
1880,9/30/2009,0:09:23,75472,8.879,,,,
1881,9/30/2009,0:24:23,75462,8.879,,,,
1882,9/30/2009,0:39:23,75441,8.879,,,,
1883,9/30/2009,0:54:23,75441,8.879,,,,
1884,9/30/2009,1:09:23,75431,8.879,,,,
1885,9/30/2009,1:24:23,75411,8.879,,,,
1886,9/30/2009,1:39:23,75442,8.779,,,,
1887,9/30/2009,1:54:23,75442,8.779,,,,
1888,9/30/2009,2:09:23,75422,8.779,,,,
1889,9/30/2009,2:24:23,75422,8.779,,,,
1890,9/30/2009,2:39:23,75402,8.779,,,,
1891,9/30/2009,2:54:23,75402,8.779,,,,
1892,9/30/2009,3:09:23,75412,8.68,,,,
1893,9/30/2009,3:24:23,75392,8.68,,,,
1894,9/30/2009,3:39:23,75402,8.68,,,,
1895,9/30/2009,3:54:23,75392,8.68,,,,
1896,9/30/2009,4:09:23,75372,8.68,,,,
1897,9/30/2009,4:24:23,75341,8.68,,,,
1898,9/30/2009,4:39:23,75331,8.68,,,,
1899,9/30/2009,4:54:23,75352,8.68,,,,
1900,9/30/2009,5:09:23,75352,8.68,,,,
1901,9/30/2009,5:24:23,75321,8.68,,,,
1902,9/30/2009,5:39:23,75321,8.68,,,,
1903,9/30/2009,5:54:23,75291,8.68,,,,
1904,9/30/2009,6:09:23,75301,8.68,,,,
1905,9/30/2009,6:24:23,75301,8.68,,,,
1906,9/30/2009,6:39:23,75291,8.68,,,,
1907,9/30/2009,6:54:23,75271,8.68,,,,
1908,9/30/2009,7:09:23,75281,8.68,,,,
1909,9/30/2009,7:24:23,75271,8.68,,,,
1910,9/30/2009,7:39:23,75271,8.68,,,,
1911,9/30/2009,7:54:23,75260,8.68,,,,
1912,9/30/2009,8:09:23,75250,8.68,,,,
1913,9/30/2009,8:24:23,75260,8.68,,,,
1914,9/30/2009,8:39:23,75271,8.68,,,,
1915,9/30/2009,8:54:23,75271,8.68,,,,
1916,9/30/2009,9:09:23,75281,8.68,,,,
1917,9/30/2009,9:24:23,75250,8.68,,,,
1918,9/30/2009,9:39:23,75250,8.68,,,,
1919,9/30/2009,9:54:23,75260,8.68,,,,
1920,9/30/2009,10:09:23,75260,8.68,,,,
1921,9/30/2009,10:24:23,75250,8.68,,,,
1922,9/30/2009,10:39:23,75250,8.68,,,,
1923,9/30/2009,10:54:23,75250,8.68,,,,
1924,9/30/2009,11:09:23,75240,8.68,,,,
1925,9/30/2009,11:24:23,75250,8.68,,,,
1926,9/30/2009,11:39:23,75220,8.68,,,,
1927,9/30/2009,11:54:23,75210,8.68,,,,
1928,9/30/2009,12:09:23,75158,8.779,,,,
1929,9/30/2009,12:24:23,75128,8.779,,,,
1930,9/30/2009,12:39:23,75108,8.779,,,,
1931,9/30/2009,12:54:23,75087,8.779,,,,
1932,9/30/2009,13:09:23,75087,8.779,,,,
1933,9/30/2009,13:24:23,75006,8.779,,,,
1934,9/30/2009,13:39:23,75006,8.779,,,,
1935,9/30/2009,13:54:23,74976,8.779,,,,
1936,9/30/2009,14:09:23,74996,8.879,,,,
1937,9/30/2009,14:24:23,74945,8.879,,,,
1938,9/30/2009,14:39:23,74935,8.879,,,,
1939,9/30/2009,14:54:23,74945,8.879,,,,
1940,9/30/2009,15:09:23,74915,8.879,,,,
1941,9/30/2009,15:24:23,74904,8.879,,,,
1942,9/30/2009,15:39:23,74924,8.978,,,,
1943,9/30/2009,15:54:23,74904,8.978,,,,
1944,9/30/2009,16:09:23,74894,8.978,,,,
1945,9/30/2009,16:24:23,74873,8.978,,,,
1946,9/30/2009,16:39:23,74904,8.978,,,,
1947,9/30/2009,16:54:23,74883,8.978,,,,
1948,9/30/2009,17:09:23,74873,8.978,,,,
1949,9/30/2009,17:24:23,74883,8.978,,,,
1950,9/30/2009,17:39:23,74873,9.077,,,,
1951,9/30/2009,17:54:23,74873,9.077,,,,
1952,9/30/2009,18:09:23,74903,9.077,,,,
1953,9/30/2009,18:24:23,74883,9.077,,,,
1954,9/30/2009,18:39:23,74883,9.077,,,,
1955,9/30/2009,18:54:23,74893,9.077,,,,
1956,9/30/2009,19:09:23,74903,9.077,,,,
1957,9/30/2009,19:24:23,74903,9.077,,,,
1958,9/30/2009,19:39:23,74913,9.077,,,,
1959,9/30/2009,19:54:23,74944,9.077,,,,
1960,9/30/2009,20:09:23,74933,9.077,,,,
1961,9/30/2009,20:24:23,74944,9.077,,,,
1962,9/30/2009,20:39:23,74943,9.176,,,,
1963,9/30/2009,20:54:23,74933,9.176,,,,
1964,9/30/2009,21:09:23,74933,9.176,,,,
1965,9/30/2009,21:24:23,74963,9.176,,,,
1966,9/30/2009,21:39:23,75004,9.176,,,,
1967,9/30/2009,21:54:23,75004,9.176,,,,
1968,9/30/2009,22:09:23,75004,9.176,,,,
1969,9/30/2009,22:24:23,75004,9.176,,,,
1970,9/30/2009,22:39:23,75004,9.176,,,,
1971,9/30/2009,22:54:23,75024,9.176,,,,
1972,9/30/2009,23:09:23,75025,9.077,,,,
1973,9/30/2009,23:24:23,75045,9.077,,,,
1974,9/30/2009,23:39:23,75055,9.077,,,,
1975,9/30/2009,23:54:23,75055,9.077,,,,
1976,10/1/2009,0:09:23,75055,9.077,,,,
1977,10/1/2009,0:24:23,75065,9.077,,,,
1978,10/1/2009,0:39:23,75035,9.077,,,,
1979,10/1/2009,0:54:23,75035,8.978,,,,
1980,10/1/2009,1:09:23,75046,8.978,,,,
1981,10/1/2009,1:24:23,75015,8.978,,,,
1982,10/1/2009,1:39:23,75066,8.978,,,,
1983,10/1/2009,1:54:23,75066,8.978,,,,
1984,10/1/2009,2:09:23,75087,8.879,,,,
1985,10/1/2009,2:24:23,75087,8.879,,,,
1986,10/1/2009,2:39:23,75097,8.879,,,,
1987,10/1/2009,2:54:23,75087,8.879,,,,
1988,10/1/2009,3:09:23,75107,8.879,,,,
1989,10/1/2009,3:24:23,75098,8.779,,,,
1990,10/1/2009,3:39:23,75108,8.779,,,,
1991,10/1/2009,3:54:23,75128,8.779,,,,
1992,10/1/2009,4:09:23,75108,8.779,,,,
1993,10/1/2009,4:24:23,75149,8.68,,,,
1994,10/1/2009,4:39:23,75169,8.68,,,,
1995,10/1/2009,4:54:23,75139,8.68,,,,
1996,10/1/2009,5:09:23,75139,8.68,,,,
1997,10/1/2009,5:24:23,75149,8.68,,,,
1998,10/1/2009,5:39:23,75160,8.581,,,,
1999,10/1/2009,5:54:23,75180,8.581,,,,
2000,10/1/2009,6:09:23,75200,8.581,,,,
2001,10/1/2009,6:24:23,75190,8.581,,,,
2002,10/1/2009,6:39:23,75190,8.581,,,,
2003,10/1/2009,6:54:23,75200,8.581,,,,
2004,10/1/2009,7:09:23,75221,8.481,,,,
2005,10/1/2009,7:24:23,75211,8.481,,,,
2006,10/1/2009,7:39:23,75221,8.481,,,,
2007,10/1/2009,7:54:23,75242,8.481,,,,
2008,10/1/2009,8:09:23,75242,8.481,,,,
2009,10/1/2009,8:24:23,75263,8.382,,,,
2010,10/1/2009,8:39:23,75273,8.382,,,,
2011,10/1/2009,8:54:23,75273,8.382,,,,
2012,10/1/2009,9:09:23,75283,8.382,,,,
2013,10/1/2009,9:24:23,75293,8.382,,,,
2014,10/1/2009,9:39:23,75313,8.382,,,,
2015,10/1/2009,9:54:23,75323,8.382,,,,
2016,10/1/2009,10:09:23,75364,8.382,,,,
2017,10/1/2009,10:24:23,75354,8.382,,,,
2018,10/1/2009,10:39:23,75364,8.382,,,,
2019,10/1/2009,10:54:23,75365,8.282,,,,
2020,10/1/2009,11:09:23,75375,8.282,,,,
2021,10/1/2009,11:24:23,75365,8.282,,,,
2022,10/1/2009,11:39:23,75334,8.282,,,,
2023,10/1/2009,11:54:23,75323,8.382,,,,
2024,10/1/2009,12:09:23,75354,8.382,,,,
2025,10/1/2009,12:24:23,75333,8.382,,,,
2026,10/1/2009,12:39:23,75323,8.481,,,,
2027,10/1/2009,12:54:23,75333,8.481,,,,
2028,10/1/2009,13:09:23,75323,8.481,,,,
2029,10/1/2009,13:24:23,75302,8.481,,,,
2030,10/1/2009,13:39:23,75281,8.581,,,,
2031,10/1/2009,13:54:23,75281,8.581,,,,
2032,10/1/2009,14:09:23,75292,8.581,,,,
2033,10/1/2009,14:24:23,75291,8.68,,,,
2034,10/1/2009,14:39:23,75281,8.68,,,,
2035,10/1/2009,14:54:23,75271,8.68,,,,
2036,10/1/2009,15:09:23,75271,8.68,,,,
2037,10/1/2009,15:24:23,75290,8.779,,,,
2038,10/1/2009,15:39:23,75290,8.779,,,,
2039,10/1/2009,15:54:23,75300,8.779,,,,
2040,10/1/2009,16:09:23,75300,8.779,,,,
2041,10/1/2009,16:24:23,75300,8.779,,,,
2042,10/1/2009,16:39:23,75310,8.779,,,,
2043,10/1/2009,16:54:23,75300,8.779,,,,
2044,10/1/2009,17:09:23,75300,8.779,,,,
2045,10/1/2009,17:24:23,75300,8.779,,,,
2046,10/1/2009,17:39:23,75310,8.779,,,,
2047,10/1/2009,17:54:23,75310,8.779,,,,
2048,10/1/2009,18:09:23,75321,8.779,,,,
2049,10/1/2009,18:24:23,75341,8.779,,,,
2050,10/1/2009,18:39:23,75351,8.779,,,,
2051,10/1/2009,18:54:23,75382,8.68,,,,
2052,10/1/2009,19:09:23,75382,8.68,,,,
2053,10/1/2009,19:24:23,75412,8.68,,,,
2054,10/1/2009,19:39:23,75423,8.68,,,,
2055,10/1/2009,19:54:23,75423,8.581,,,,
2056,10/1/2009,20:09:23,75433,8.581,,,,
2057,10/1/2009,20:24:23,75443,8.581,,,,
2058,10/1/2009,20:39:23,75475,8.481,,,,
2059,10/1/2009,20:54:23,75464,8.481,,,,
2060,10/1/2009,21:09:23,75464,8.481,,,,
2061,10/1/2009,21:24:23,75464,8.481,,,,
2062,10/1/2009,21:39:23,75455,8.382,,,,
2063,10/1/2009,21:54:23,75455,8.382,,,,
2064,10/1/2009,22:09:23,75475,8.382,,,,
2065,10/1/2009,22:24:23,75486,8.282,,,,
2066,10/1/2009,22:39:23,75466,8.282,,,,
2067,10/1/2009,22:54:23,75456,8.282,,,,
2068,10/1/2009,23:09:23,75476,8.282,,,,
2069,10/1/2009,23:24:23,75446,8.182,,,,
2070,10/1/2009,23:39:23,75446,8.182,,,,
2071,10/1/2009,23:54:23,75456,8.182,,,,
2072,10/2/2009,0:09:23,75446,8.182,,,,
2073,10/2/2009,0:24:23,75427,8.082,,,,
2074,10/2/2009,0:39:23,75417,8.082,,,,
2075,10/2/2009,0:54:23,75386,8.082,,,,
2076,10/2/2009,1:09:23,75387,7.983,,,,
2077,10/2/2009,1:24:23,75397,7.983,,,,
2078,10/2/2009,1:39:23,75387,7.983,,,,
2079,10/2/2009,1:54:23,75397,7.983,,,,
2080,10/2/2009,2:09:23,75367,7.882,,,,
2081,10/2/2009,2:24:23,75347,7.882,,,,
2082,10/2/2009,2:39:23,75347,7.882,,,,
2083,10/2/2009,2:54:23,75317,7.782,,,,
2084,10/2/2009,3:09:23,75317,7.782,,,,
2085,10/2/2009,3:24:23,75307,7.782,,,,
2086,10/2/2009,3:39:23,75298,7.682,,,,
2087,10/2/2009,3:54:23,75288,7.682,,,,
2088,10/2/2009,4:09:23,75308,7.682,,,,
2089,10/2/2009,4:24:23,75309,7.582,,,,
2090,10/2/2009,4:39:23,75299,7.582,,,,
2091,10/2/2009,4:54:23,75309,7.582,,,,
2092,10/2/2009,5:09:23,75299,7.582,,,,
2093,10/2/2009,5:24:23,75299,7.481,,,,
2094,10/2/2009,5:39:23,75289,7.481,,,,
2095,10/2/2009,5:54:23,75289,7.481,,,,
2096,10/2/2009,6:09:23,75259,7.481,,,,
2097,10/2/2009,6:24:23,75270,7.381,,,,
2098,10/2/2009,6:39:23,75280,7.381,,,,
2099,10/2/2009,6:54:23,75290,7.381,,,,
2100,10/2/2009,7:09:23,75310,7.381,,,,
2101,10/2/2009,7:24:23,75311,7.28,,,,
2102,10/2/2009,7:39:23,75301,7.28,,,,
2103,10/2/2009,7:54:23,75301,7.28,,,,
2104,10/2/2009,8:09:23,75301,7.28,,,,
2105,10/2/2009,8:24:23,75312,7.179,,,,
2106,10/2/2009,8:39:23,75302,7.179,,,,
2107,10/2/2009,8:54:23,75302,7.179,,,,
2108,10/2/2009,9:09:23,75281,7.179,,,,
2109,10/2/2009,9:24:23,75271,7.179,,,,
2110,10/2/2009,9:39:23,75251,7.179,,,,
2111,10/2/2009,9:54:23,75271,7.179,,,,
2112,10/2/2009,10:09:23,75251,7.179,,,,
2113,10/2/2009,10:24:23,75241,7.179,,,,
2114,10/2/2009,10:39:23,75251,7.179,,,,
2115,10/2/2009,10:54:23,75231,7.079,,,,
2116,10/2/2009,11:09:23,75231,7.179,,,,
2117,10/2/2009,11:24:23,75221,7.179,,,,
2118,10/2/2009,11:39:23,75221,7.179,,,,
2119,10/2/2009,11:54:23,75221,7.179,,,,
2120,10/2/2009,12:09:23,75221,7.179,,,,
2121,10/2/2009,12:24:23,75210,7.28,,,,
2122,10/2/2009,12:39:23,75210,7.28,,,,
2123,10/2/2009,12:54:23,75210,7.28,,,,
2124,10/2/2009,13:09:23,75179,7.381,,,,
2125,10/2/2009,13:24:23,75168,7.381,,,,
2126,10/2/2009,13:39:23,75147,7.481,,,,
2127,10/2/2009,13:54:23,75158,7.481,,,,
2128,10/2/2009,14:09:23,75127,7.481,,,,
2129,10/2/2009,14:24:23,75117,7.481,,,,
2130,10/2/2009,14:39:23,75116,7.582,,,,
2131,10/2/2009,14:54:23,75116,7.582,,,,
2132,10/2/2009,15:09:23,75106,7.582,,,,
2133,10/2/2009,15:24:23,75116,7.682,,,,
2134,10/2/2009,15:39:23,75095,7.682,,,,
2135,10/2/2009,15:54:23,75095,7.682,,,,
2136,10/2/2009,16:09:23,75075,7.682,,,,
2137,10/2/2009,16:24:23,75055,7.682,,,,
2138,10/2/2009,16:39:23,75064,7.782,,,,
2139,10/2/2009,16:54:23,75074,7.782,,,,
2140,10/2/2009,17:09:23,75074,7.782,,,,
2141,10/2/2009,17:24:23,75074,7.782,,,,
2142,10/2/2009,17:39:23,75084,7.782,,,,
2143,10/2/2009,17:54:23,75084,7.782,,,,
2144,10/2/2009,18:09:23,75074,7.782,,,,
2145,10/2/2009,18:24:23,75095,7.782,,,,
2146,10/2/2009,18:39:23,75095,7.782,,,,
2147,10/2/2009,18:54:23,75105,7.782,,,,
2148,10/2/2009,19:09:23,75115,7.782,,,,
2149,10/2/2009,19:24:23,75105,7.782,,,,
2150,10/2/2009,19:39:23,75145,7.782,,,,
2151,10/2/2009,19:54:23,75135,7.782,,,,
2152,10/2/2009,20:09:23,75145,7.782,,,,
2153,10/2/2009,20:24:23,75135,7.782,,,,
2154,10/2/2009,20:39:23,75136,7.682,,,,
2155,10/2/2009,20:54:23,75146,7.682,,,,
2156,10/2/2009,21:09:23,75136,7.682,,,,
2157,10/2/2009,21:24:23,75156,7.682,,,,
2158,10/2/2009,21:39:23,75146,7.682,,,,
2159,10/2/2009,21:54:23,75126,7.682,,,,
2160,10/2/2009,22:09:23,75116,7.582,,,,
2161,10/2/2009,22:24:23,75106,7.582,,,,
2162,10/2/2009,22:39:23,75076,7.582,,,,
2163,10/2/2009,22:54:23,75096,7.582,,,,
2164,10/2/2009,23:09:23,75097,7.481,,,,
2165,10/2/2009,23:24:23,75066,7.481,,,,
2166,10/2/2009,23:39:23,75077,7.481,,,,
2167,10/2/2009,23:54:23,75077,7.481,,,,
2168,10/3/2009,0:09:23,75056,7.481,,,,
2169,10/3/2009,0:24:23,75057,7.381,,,,
2170,10/3/2009,0:39:23,75016,7.381,,,,
2171,10/3/2009,0:54:23,75027,7.381,,,,
2172,10/3/2009,1:09:23,75027,7.381,,,,
2173,10/3/2009,1:24:23,75037,7.381,,,,
2174,10/3/2009,1:39:23,75016,7.381,,,,
2175,10/3/2009,1:54:23,75016,7.381,,,,
2176,10/3/2009,2:09:23,75007,7.28,,,,
2177,10/3/2009,2:24:23,75017,7.28,,,,
2178,10/3/2009,2:39:23,75017,7.28,,,,
2179,10/3/2009,2:54:23,74987,7.28,,,,
2180,10/3/2009,3:09:23,74977,7.28,,,,
2181,10/3/2009,3:24:23,74956,7.28,,,,
2182,10/3/2009,3:39:23,74947,7.179,,,,
2183,10/3/2009,3:54:23,74947,7.179,,,,
2184,10/3/2009,4:09:23,74937,7.179,,,,
2185,10/3/2009,4:24:23,74937,7.179,,,,
2186,10/3/2009,4:39:23,74917,7.179,,,,
2187,10/3/2009,4:54:23,74897,7.079,,,,
2188,10/3/2009,5:09:23,74907,7.079,,,,
2189,10/3/2009,5:24:23,74928,7.079,,,,
2190,10/3/2009,5:39:23,74938,7.079,,,,
2191,10/3/2009,5:54:23,74928,6.978,,,,
2192,10/3/2009,6:09:23,74928,6.978,,,,
2193,10/3/2009,6:24:23,74938,6.978,,,,
2194,10/3/2009,6:39:23,74928,6.978,,,,
2195,10/3/2009,6:54:23,74949,6.978,,,,
2196,10/3/2009,7:09:23,74949,6.877,,,,
2197,10/3/2009,7:24:23,74949,6.877,,,,
2198,10/3/2009,7:39:23,74949,6.877,,,,
2199,10/3/2009,7:54:23,74939,6.877,,,,
2200,10/3/2009,8:09:23,74940,6.775,,,,
2201,10/3/2009,8:24:23,74930,6.775,,,,
2202,10/3/2009,8:39:23,74950,6.775,,,,
2203,10/3/2009,8:54:23,74950,6.775,,,,
2204,10/3/2009,9:09:23,74940,6.775,,,,
2205,10/3/2009,9:24:23,74930,6.775,,,,
2206,10/3/2009,9:39:23,74930,6.775,,,,
2207,10/3/2009,9:54:23,74889,6.775,,,,
2208,10/3/2009,10:09:23,74880,6.674,,,,
2209,10/3/2009,10:24:23,74870,6.674,,,,
2210,10/3/2009,10:39:23,74859,6.775,,,,
2211,10/3/2009,10:54:23,74859,6.775,,,,
2212,10/3/2009,11:09:23,74859,6.775,,,,
2213,10/3/2009,11:24:23,74839,6.775,,,,
2214,10/3/2009,11:39:23,74839,6.775,,,,
2215,10/3/2009,11:54:23,74808,6.775,,,,
2216,10/3/2009,12:09:23,74798,6.775,,,,
2217,10/3/2009,12:24:23,74787,6.877,,,,
2218,10/3/2009,12:39:23,74787,6.877,,,,
2219,10/3/2009,12:54:23,74777,6.877,,,,
2220,10/3/2009,13:09:23,74766,6.978,,,,
2221,10/3/2009,13:24:23,74746,6.978,,,,
2222,10/3/2009,13:39:23,74726,6.978,,,,
2223,10/3/2009,13:54:23,74684,7.079,,,,
2224,10/3/2009,14:09:23,74654,7.079,,,,
2225,10/3/2009,14:24:23,74654,7.079,,,,
2226,10/3/2009,14:39:23,74633,7.179,,,,
2227,10/3/2009,14:54:23,74633,7.179,,,,
2228,10/3/2009,15:09:23,74603,7.179,,,,
2229,10/3/2009,15:24:23,74632,7.28,,,,
2230,10/3/2009,15:39:23,74622,7.28,,,,
2231,10/3/2009,15:54:23,74602,7.28,,,,
2232,10/3/2009,16:09:23,74572,7.28,,,,
2233,10/3/2009,16:24:23,74572,7.28,,,,
2234,10/3/2009,16:39:23,74561,7.381,,,,
2235,10/3/2009,16:54:23,74571,7.381,,,,
2236,10/3/2009,17:09:23,74540,7.381,,,,
2237,10/3/2009,17:24:23,74571,7.381,,,,
2238,10/3/2009,17:39:23,74571,7.381,,,,
2239,10/3/2009,17:54:23,74561,7.381,,,,
2240,10/3/2009,18:09:23,74551,7.381,,,,
2241,10/3/2009,18:24:23,74581,7.381,,,,
2242,10/3/2009,18:39:23,74571,7.381,,,,
2243,10/3/2009,18:54:23,74571,7.381,,,,
2244,10/3/2009,19:09:23,74581,7.381,,,,
2245,10/3/2009,19:24:23,74591,7.381,,,,
2246,10/3/2009,19:39:23,74591,7.381,,,,
2247,10/3/2009,19:54:23,74611,7.481,,,,
2248,10/3/2009,20:09:23,74611,7.481,,,,
2249,10/3/2009,20:24:23,74631,7.481,,,,
2250,10/3/2009,20:39:23,74641,7.481,,,,
2251,10/3/2009,20:54:23,74641,7.481,,,,
2252,10/3/2009,21:09:23,74671,7.481,,,,
2253,10/3/2009,21:24:23,74671,7.481,,,,
2254,10/3/2009,21:39:23,74671,7.481,,,,
2255,10/3/2009,21:54:23,74662,7.381,,,,
2256,10/3/2009,22:09:23,74672,7.381,,,,
2257,10/3/2009,22:24:23,74672,7.381,,,,
2258,10/3/2009,22:39:23,74672,7.381,,,,
2259,10/3/2009,22:54:23,74662,7.381,,,,
2260,10/3/2009,23:09:23,74672,7.381,,,,
2261,10/3/2009,23:24:23,74662,7.381,,,,
2262,10/3/2009,23:39:23,74672,7.381,,,,
2263,10/3/2009,23:54:23,74662,7.381,,,,
2264,10/4/2009,0:09:23,74652,7.381,,,,
2265,10/4/2009,0:24:23,74672,7.381,,,,
2266,10/4/2009,0:39:23,74672,7.381,,,,
2267,10/4/2009,0:54:23,74662,7.381,,,,
2268,10/4/2009,1:09:23,74642,7.381,,,,
2269,10/4/2009,1:24:23,74652,7.381,,,,
2270,10/4/2009,1:39:23,74651,7.481,,,,
2271,10/4/2009,1:54:23,74631,7.481,,,,
2272,10/4/2009,2:09:23,74671,7.481,,,,
2273,10/4/2009,2:24:23,74671,7.481,,,,
2274,10/4/2009,2:39:23,74661,7.481,,,,
2275,10/4/2009,2:54:23,74641,7.481,,,,
2276,10/4/2009,3:09:23,74641,7.481,,,,
2277,10/4/2009,3:24:23,74651,7.481,,,,
2278,10/4/2009,3:39:23,74671,7.481,,,,
2279,10/4/2009,3:54:23,74671,7.481,,,,
2280,10/4/2009,4:09:23,74671,7.481,,,,
2281,10/4/2009,4:24:23,74661,7.481,,,,
2282,10/4/2009,4:39:23,74681,7.481,,,,
2283,10/4/2009,4:54:23,74671,7.481,,,,
2284,10/4/2009,5:09:23,74692,7.481,,,,
2285,10/4/2009,5:24:23,74671,7.481,,,,
2286,10/4/2009,5:39:23,74651,7.481,,,,
2287,10/4/2009,5:54:23,74651,7.481,,,,
2288,10/4/2009,6:09:23,74661,7.481,,,,
2289,10/4/2009,6:24:23,74712,7.481,,,,
2290,10/4/2009,6:39:23,74712,7.481,,,,
2291,10/4/2009,6:54:23,74722,7.481,,,,
2292,10/4/2009,7:09:23,74712,7.481,,,,
2293,10/4/2009,7:24:23,74702,7.481,,,,
2294,10/4/2009,7:39:23,74702,7.481,,,,
2295,10/4/2009,7:54:23,74702,7.481,,,,
2296,10/4/2009,8:09:23,74732,7.481,,,,
2297,10/4/2009,8:24:23,74752,7.481,,,,
2298,10/4/2009,8:39:23,74783,7.481,,,,
2299,10/4/2009,8:54:23,74783,7.481,,,,
2300,10/4/2009,9:09:23,74773,7.481,,,,
2301,10/4/2009,9:24:23,74783,7.481,,,,
2302,10/4/2009,9:39:23,74783,7.481,,,,
2303,10/4/2009,9:54:23,74763,7.481,,,,
2304,10/4/2009,10:09:23,74773,7.481,,,,
2305,10/4/2009,10:24:23,74752,7.481,,,,
2306,10/4/2009,10:39:23,74752,7.481,,,,
2307,10/4/2009,10:54:23,74732,7.481,,,,
2308,10/4/2009,11:09:23,74712,7.481,,,,
2309,10/4/2009,11:24:23,74712,7.481,,,,
2310,10/4/2009,11:39:23,74711,7.582,,,,
2311,10/4/2009,11:54:23,74681,7.582,,,,
2312,10/4/2009,12:09:23,74691,7.582,,,,
2313,10/4/2009,12:24:23,74671,7.582,,,,
2314,10/4/2009,12:39:23,74650,7.582,,,,
2315,10/4/2009,12:54:23,74650,7.582,,,,
2316,10/4/2009,13:09:23,74650,7.582,,,,
2317,10/4/2009,13:24:23,74650,7.682,,,,
2318,10/4/2009,13:39:23,74629,7.682,,,,
2319,10/4/2009,13:54:23,74609,7.682,,,,
2320,10/4/2009,14:09:23,74579,7.682,,,,
2321,10/4/2009,14:24:23,74558,7.782,,,,
2322,10/4/2009,14:39:23,74548,7.782,,,,
2323,10/4/2009,14:54:23,74568,7.782,,,,
2324,10/4/2009,15:09:23,74537,7.782,,,,
2325,10/4/2009,15:24:23,74527,7.882,,,,
2326,10/4/2009,15:39:23,74527,7.882,,,,
2327,10/4/2009,15:54:23,74506,7.882,,,,
2328,10/4/2009,16:09:23,74516,7.882,,,,
2329,10/4/2009,16:24:23,74527,7.882,,,,
2330,10/4/2009,16:39:23,74537,7.882,,,,
2331,10/4/2009,16:54:23,74506,7.983,,,,
2332,10/4/2009,17:09:23,74516,7.983,,,,
2333,10/4/2009,17:24:23,74495,7.983,,,,
2334,10/4/2009,17:39:23,74516,7.983,,,,
2335,10/4/2009,17:54:23,74526,7.983,,,,
2336,10/4/2009,18:09:23,74526,7.983,,,,
2337,10/4/2009,18:24:23,74536,7.983,,,,
2338,10/4/2009,18:39:23,74546,7.983,,,,
2339,10/4/2009,18:54:23,74556,7.983,,,,
2340,10/4/2009,19:09:23,74577,7.983,,,,
2341,10/4/2009,19:24:23,74576,8.082,,,,
2342,10/4/2009,19:39:23,74576,8.082,,,,
2343,10/4/2009,19:54:23,74606,8.082,,,,
2344,10/4/2009,20:09:23,74606,8.082,,,,
2345,10/4/2009,20:24:23,74606,8.082,,,,
2346,10/4/2009,20:39:23,74637,8.082,,,,
2347,10/4/2009,20:54:23,74637,8.082,,,,
2348,10/4/2009,21:09:23,74657,8.082,,,,
2349,10/4/2009,21:24:23,74647,8.082,,,,
2350,10/4/2009,21:39:23,74667,8.082,,,,
2351,10/4/2009,21:54:23,74667,8.082,,,,
2352,10/4/2009,22:09:23,74687,8.182,,,,
2353,10/4/2009,22:24:23,74687,8.182,,,,
2354,10/4/2009,22:39:23,74697,8.182,,,,
2355,10/4/2009,22:54:23,74676,8.182,,,,
2356,10/4/2009,23:09:23,74707,8.182,,,,
2357,10/4/2009,23:24:23,74717,8.182,,,,
2358,10/4/2009,23:39:23,74697,8.182,,,,
2359,10/4/2009,23:54:23,74687,8.182,,,,
2360,10/5/2009,0:09:23,74697,8.182,,,,
2361,10/5/2009,0:24:23,74687,8.182,,,,
2362,10/5/2009,0:39:23,74687,8.182,,,,
2363,10/5/2009,0:54:23,74687,8.182,,,,
2364,10/5/2009,1:09:23,74687,8.182,,,,
2365,10/5/2009,1:24:23,74687,8.182,,,,
2366,10/5/2009,1:39:23,74687,8.182,,,,
2367,10/5/2009,1:54:23,74686,8.282,,,,
2368,10/5/2009,2:09:23,74696,8.282,,,,
2369,10/5/2009,2:24:23,74706,8.282,,,,
2370,10/5/2009,2:39:23,74706,8.282,,,,
2371,10/5/2009,2:54:23,74696,8.282,,,,
2372,10/5/2009,3:09:23,74696,8.282,,,,
2373,10/5/2009,3:24:23,74696,8.282,,,,
2374,10/5/2009,3:39:23,74706,8.282,,,,
2375,10/5/2009,3:54:23,74696,8.282,,,,
2376,10/5/2009,4:09:23,74686,8.282,,,,
2377,10/5/2009,4:24:23,74706,8.282,,,,
2378,10/5/2009,4:39:23,74686,8.282,,,,
2379,10/5/2009,4:54:23,74696,8.282,,,,
2380,10/5/2009,5:09:23,74676,8.282,,,,
2381,10/5/2009,5:24:23,74686,8.282,,,,
2382,10/5/2009,5:39:23,74686,8.282,,,,
2383,10/5/2009,5:54:23,74676,8.282,,,,
2384,10/5/2009,6:09:23,74686,8.282,,,,
2385,10/5/2009,6:24:23,74706,8.282,,,,
2386,10/5/2009,6:39:23,74706,8.282,,,,
2387,10/5/2009,6:54:23,74716,8.282,,,,
2388,10/5/2009,7:09:23,74747,8.282,,,,
2389,10/5/2009,7:24:23,74747,8.282,,,,
2390,10/5/2009,7:39:23,74757,8.282,,,,
2391,10/5/2009,7:54:23,74767,8.282,,,,
2392,10/5/2009,8:09:23,74757,8.182,,,,
2393,10/5/2009,8:24:23,74757,8.182,,,,
2394,10/5/2009,8:39:23,74747,8.182,,,,
2395,10/5/2009,8:54:23,74747,8.182,,,,
2396,10/5/2009,9:09:23,74757,8.182,,,,
2397,10/5/2009,9:24:23,74757,8.182,,,,
2398,10/5/2009,9:39:23,74747,8.182,,,,
2399,10/5/2009,9:54:23,74737,8.182,,,,
2400,10/5/2009,10:09:23,74737,8.182,,,,
2401,10/5/2009,10:24:23,74727,8.182,,,,
2402,10/5/2009,10:39:23,74717,8.182,,,,
2403,10/5/2009,10:54:23,74737,8.182,,,,
2404,10/5/2009,11:09:23,74707,8.182,,,,
2405,10/5/2009,11:24:23,74686,8.282,,,,
2406,10/5/2009,11:39:23,74666,8.282,,,,
2407,10/5/2009,11:54:23,74666,8.282,,,,
2408,10/5/2009,12:09:23,74666,8.282,,,,
2409,10/5/2009,12:24:23,74655,8.282,,,,
2410,10/5/2009,12:39:23,74635,8.282,,,,
2411,10/5/2009,12:54:23,74624,8.382,,,,
2412,10/5/2009,13:09:23,74614,8.382,,,,
2413,10/5/2009,13:24:23,74584,8.382,,,,
2414,10/5/2009,13:39:23,74583,8.481,,,,
2415,10/5/2009,13:54:23,74583,8.481,,,,
2416,10/5/2009,14:09:23,74553,8.481,,,,
2417,10/5/2009,14:17:24,,,,Logged,,
2418,10/5/2009,14:17:29,,,,,Logged,Logged
