Plot Title: RSAWI20170518,,,,,,,,
#,"Date Time, GMT-06:00","Date Time, GMT-06:00","Abs Pres, Pa (LGR S/N: 1126761, SEN S/N: 1126761)","Temp, °C (LGR S/N: 1126761, SEN S/N: 1126761)",Coupler Detached (LGR S/N: 1126761),Coupler Attached (LGR S/N: 1126761),Stopped (LGR S/N: 1126761),End Of File (LGR S/N: 1126761)
1,9/13/2017,11:37:11,75195,15.569,,,,
2,9/13/2017,11:37:44,,,Logged,,,
3,9/13/2017,12:37:11,78093,13.365,,,,
4,9/13/2017,13:37:11,78011,13.365,,,,
5,9/13/2017,14:37:11,77928,13.365,,,,
6,9/13/2017,15:37:11,77862,13.365,,,,
7,9/13/2017,16:37:11,77864,13.461,,,,
8,9/13/2017,17:37:11,77848,13.461,,,,
9,9/13/2017,18:37:11,77848,13.461,,,,
10,9/13/2017,19:37:11,77900,13.558,,,,
11,9/13/2017,20:37:11,77933,13.558,,,,
12,9/13/2017,21:37:11,77966,13.558,,,,
13,9/13/2017,22:37:11,77999,13.558,,,,
14,9/13/2017,23:37:11,77980,13.461,,,,
15,9/14/2017,0:37:11,77997,13.461,,,,
16,9/14/2017,1:37:11,78013,13.461,,,,
17,9/14/2017,2:37:11,77994,13.365,,,,
18,9/14/2017,3:37:11,77994,13.365,,,,
19,9/14/2017,4:37:11,77994,13.365,,,,
20,9/14/2017,5:37:11,78025,13.269,,,,
21,9/14/2017,6:37:11,78041,13.269,,,,
22,9/14/2017,7:37:11,78088,13.173,,,,
23,9/14/2017,8:37:11,78055,13.173,,,,
24,9/14/2017,9:37:11,78091,13.269,,,,
25,9/14/2017,10:37:11,78124,13.269,,,,
26,9/14/2017,11:37:11,78292,13.365,,,,
27,9/14/2017,12:37:11,78126,13.365,,,,
28,9/14/2017,13:37:11,78060,13.365,,,,
29,9/14/2017,14:37:11,77944,13.365,,,,
30,9/14/2017,15:37:11,77848,13.461,,,,
31,9/14/2017,16:37:11,77848,13.461,,,,
32,9/14/2017,17:37:11,77815,13.461,,,,
33,9/14/2017,18:37:11,77815,13.461,,,,
34,9/14/2017,19:37:11,77831,13.461,,,,
35,9/14/2017,20:37:11,77864,13.461,,,,
36,9/14/2017,21:37:11,77931,13.461,,,,
37,9/14/2017,22:37:11,77864,13.461,,,,
38,9/14/2017,23:37:11,77895,13.365,,,,
39,9/15/2017,0:37:11,77862,13.365,,,,
40,9/15/2017,1:37:11,77845,13.365,,,,
41,9/15/2017,2:37:11,77826,13.269,,,,
42,9/15/2017,3:37:11,77843,13.269,,,,
43,9/15/2017,4:37:11,77826,13.269,,,,
44,9/15/2017,5:37:11,77840,13.173,,,,
45,9/15/2017,6:37:11,77873,13.173,,,,
46,9/15/2017,7:37:11,77906,13.173,,,,
47,9/15/2017,8:37:11,77906,13.173,,,,
48,9/15/2017,9:37:11,77942,13.269,,,,
49,9/15/2017,10:37:11,77958,13.269,,,,
50,9/15/2017,11:37:11,77925,13.269,,,,
51,9/15/2017,12:37:11,77878,13.365,,,,
52,9/15/2017,13:37:11,77829,13.365,,,,
53,9/15/2017,14:37:11,77779,13.365,,,,
54,9/15/2017,15:37:11,77730,13.365,,,,
55,9/15/2017,16:37:11,77732,13.461,,,,
56,9/15/2017,17:37:11,77716,13.461,,,,
57,9/15/2017,18:37:11,77716,13.461,,,,
58,9/15/2017,19:37:11,77749,13.461,,,,
59,9/15/2017,20:37:11,77815,13.461,,,,
60,9/15/2017,21:37:11,77862,13.365,,,,
61,9/15/2017,22:37:11,77878,13.365,,,,
62,9/15/2017,23:37:11,77909,13.269,,,,
63,9/16/2017,0:37:11,77939,13.173,,,,
64,9/16/2017,1:37:11,77939,13.173,,,,
65,9/16/2017,2:37:11,77937,13.076,,,,
66,9/16/2017,3:37:11,77970,13.076,,,,
67,9/16/2017,4:37:11,77984,12.98,,,,
68,9/16/2017,5:37:11,78000,12.98,,,,
69,9/16/2017,6:37:11,78031,12.883,,,,
70,9/16/2017,7:37:11,78078,12.787,,,,
71,9/16/2017,8:37:11,78111,12.787,,,,
72,9/16/2017,9:37:11,78141,12.69,,,,
73,9/16/2017,10:37:11,78144,12.787,,,,
74,9/16/2017,11:37:11,78130,12.883,,,,
75,9/16/2017,12:37:11,78097,12.883,,,,
76,9/16/2017,13:37:11,78097,12.883,,,,
77,9/16/2017,14:37:11,78047,12.883,,,,
78,9/16/2017,15:37:11,78033,12.98,,,,
79,9/16/2017,16:37:11,78000,12.98,,,,
80,9/16/2017,17:37:11,78000,12.98,,,,
81,9/16/2017,18:37:11,78000,12.98,,,,
82,9/16/2017,19:37:11,78050,12.98,,,,
83,9/16/2017,20:37:11,78099,12.98,,,,
84,9/16/2017,21:37:11,78116,12.98,,,,
85,9/16/2017,22:37:11,78163,12.883,,,,
86,9/16/2017,23:37:11,78180,12.883,,,,
87,9/17/2017,0:37:11,78160,12.787,,,,
88,9/17/2017,1:37:11,78177,12.787,,,,
89,9/17/2017,2:37:11,78177,12.787,,,,
90,9/17/2017,3:37:11,78174,12.69,,,,
91,9/17/2017,4:37:11,78191,12.69,,,,
92,9/17/2017,5:37:11,78205,12.594,,,,
93,9/17/2017,6:37:11,78238,12.594,,,,
94,9/17/2017,7:37:11,78268,12.497,,,,
95,9/17/2017,8:37:11,78252,12.497,,,,
96,9/17/2017,9:37:11,78268,12.497,,,,
97,9/17/2017,10:37:11,78271,12.594,,,,
98,9/17/2017,11:37:11,78221,12.594,,,,
99,9/17/2017,12:37:11,78174,12.69,,,,
100,9/17/2017,13:37:11,78125,12.69,,,,
101,9/17/2017,14:37:11,78092,12.69,,,,
102,9/17/2017,15:37:11,78108,12.69,,,,
103,9/17/2017,16:37:11,78059,12.69,,,,
104,9/17/2017,17:37:11,78026,12.69,,,,
105,9/17/2017,18:37:11,78059,12.69,,,,
106,9/17/2017,19:37:11,78106,12.594,,,,
107,9/17/2017,20:37:11,78155,12.594,,,,
108,9/17/2017,21:37:11,78202,12.497,,,,
109,9/17/2017,22:37:11,78233,12.401,,,,
110,9/17/2017,23:37:11,78216,12.401,,,,
111,9/18/2017,0:37:11,78214,12.304,,,,
112,9/18/2017,1:37:11,78230,12.304,,,,
113,9/18/2017,2:37:11,78244,12.207,,,,
114,9/18/2017,3:37:11,78244,12.207,,,,
115,9/18/2017,4:37:11,78242,12.11,,,,
116,9/18/2017,5:37:11,78272,12.013,,,,
117,9/18/2017,6:37:11,78286,11.916,,,,
118,9/18/2017,7:37:11,78316,11.819,,,,
119,9/18/2017,8:37:11,78316,11.819,,,,
120,9/18/2017,9:37:11,78314,11.722,,,,
121,9/18/2017,10:37:11,78283,11.819,,,,
122,9/18/2017,11:37:11,78267,11.819,,,,
123,9/18/2017,12:37:11,78234,11.819,,,,
124,9/18/2017,13:37:11,78184,11.819,,,,
125,9/18/2017,14:37:11,78121,11.916,,,,
126,9/18/2017,15:37:11,78071,11.916,,,,
127,9/18/2017,16:37:11,78038,11.916,,,,
128,9/18/2017,17:37:11,78008,12.013,,,,
129,9/18/2017,18:37:11,77991,12.013,,,,
130,9/18/2017,19:37:11,77991,12.013,,,,
131,9/18/2017,20:37:11,78057,12.013,,,,
132,9/18/2017,21:37:11,78074,12.013,,,,
133,9/18/2017,22:37:11,78055,11.916,,,,
134,9/18/2017,23:37:11,78055,11.916,,,,
135,9/19/2017,0:37:11,78052,11.819,,,,
136,9/19/2017,1:37:11,78069,11.819,,,,
137,9/19/2017,2:37:11,78033,11.722,,,,
138,9/19/2017,3:37:11,77983,11.722,,,,
139,9/19/2017,4:37:11,77981,11.625,,,,
140,9/19/2017,5:37:11,77962,11.528,,,,
141,9/19/2017,6:37:11,77976,11.431,,,,
142,9/19/2017,7:37:11,78006,11.334,,,,
143,9/19/2017,8:37:11,77957,11.334,,,,
144,9/19/2017,9:37:11,77907,11.334,,,,
145,9/19/2017,10:37:11,77926,11.431,,,,
146,9/19/2017,11:37:11,77863,11.528,,,,
147,9/19/2017,12:37:11,77796,11.528,,,,
148,9/19/2017,13:37:11,77733,11.625,,,,
149,9/19/2017,14:37:11,77650,11.625,,,,
150,9/19/2017,15:37:11,77636,11.722,,,,
151,9/19/2017,16:37:11,77603,11.722,,,,
152,9/19/2017,17:37:11,77606,11.819,,,,
153,9/19/2017,18:37:11,77589,11.819,,,,
154,9/19/2017,19:37:11,77622,11.819,,,,
155,9/19/2017,20:37:11,77689,11.819,,,,
156,9/19/2017,21:37:11,77722,11.819,,,,
157,9/19/2017,22:37:11,77771,11.819,,,,
158,9/19/2017,23:37:11,77771,11.819,,,,
159,9/20/2017,0:37:11,77788,11.819,,,,
160,9/20/2017,1:37:11,77804,11.819,,,,
161,9/20/2017,2:37:11,77854,11.819,,,,
162,9/20/2017,3:37:11,77854,11.819,,,,
163,9/20/2017,4:37:11,77903,11.819,,,,
164,9/20/2017,5:37:11,77901,11.722,,,,
165,9/20/2017,6:37:11,77931,11.625,,,,
166,9/20/2017,7:37:11,77978,11.528,,,,
167,9/20/2017,8:37:11,77978,11.528,,,,
168,9/20/2017,9:37:11,77995,11.528,,,,
169,9/20/2017,10:37:11,77995,11.528,,,,
170,9/20/2017,11:37:11,77981,11.625,,,,
171,9/20/2017,12:37:11,77948,11.625,,,,
172,9/20/2017,13:37:11,77901,11.722,,,,
173,9/20/2017,14:37:11,77884,11.722,,,,
174,9/20/2017,15:37:11,77804,11.819,,,,
175,9/20/2017,16:37:11,77788,11.819,,,,
176,9/20/2017,17:37:11,77755,11.819,,,,
177,9/20/2017,18:37:11,77755,11.819,,,,
178,9/20/2017,19:37:11,77774,11.916,,,,
179,9/20/2017,20:37:11,77856,11.916,,,,
180,9/20/2017,21:37:11,77903,11.819,,,,
181,9/20/2017,22:37:11,77920,11.819,,,,
182,9/20/2017,23:37:11,77917,11.722,,,,
183,9/21/2017,0:37:11,77934,11.722,,,,
184,9/21/2017,1:37:11,77948,11.625,,,,
185,9/21/2017,2:37:11,77931,11.625,,,,
186,9/21/2017,3:37:11,77912,11.528,,,,
187,9/21/2017,4:37:11,77912,11.528,,,,
188,9/21/2017,5:37:11,77926,11.431,,,,
189,9/21/2017,6:37:11,77957,11.334,,,,
190,9/21/2017,7:37:11,77954,11.236,,,,
191,9/21/2017,8:37:11,77937,11.236,,,,
192,9/21/2017,9:37:11,77921,11.236,,,,
193,9/21/2017,10:37:11,77888,11.236,,,,
194,9/21/2017,11:37:11,77857,11.334,,,,
195,9/21/2017,12:37:11,77794,11.431,,,,
196,9/21/2017,13:37:11,77744,11.431,,,,
197,9/21/2017,14:37:11,77681,11.528,,,,
198,9/21/2017,15:37:11,77631,11.528,,,,
199,9/21/2017,16:37:11,77582,11.528,,,,
200,9/21/2017,17:37:11,77568,11.625,,,,
201,9/21/2017,18:37:11,77568,11.625,,,,
202,9/21/2017,19:37:11,77554,11.722,,,,
203,9/21/2017,20:37:11,77620,11.722,,,,
204,9/21/2017,21:37:11,77653,11.722,,,,
205,9/21/2017,22:37:11,77667,11.625,,,,
206,9/21/2017,23:37:11,77683,11.625,,,,
207,9/22/2017,0:37:11,77650,11.625,,,,
208,9/22/2017,1:37:11,77667,11.625,,,,
209,9/22/2017,2:37:11,77664,11.528,,,,
210,9/22/2017,3:37:11,77664,11.528,,,,
211,9/22/2017,4:37:11,77681,11.528,,,,
212,9/22/2017,5:37:11,77697,11.528,,,,
213,9/22/2017,6:37:11,77711,11.431,,,,
214,9/22/2017,7:37:11,77711,11.431,,,,
215,9/22/2017,8:37:11,77711,11.431,,,,
216,9/22/2017,9:37:11,77728,11.431,,,,
217,9/22/2017,10:37:11,77714,11.528,,,,
218,9/22/2017,11:37:11,77681,11.528,,,,
219,9/22/2017,12:37:11,77683,11.625,,,,
220,9/22/2017,13:37:11,77634,11.625,,,,
221,9/22/2017,14:37:11,77587,11.722,,,,
222,9/22/2017,15:37:11,77570,11.722,,,,
223,9/22/2017,16:37:11,77504,11.722,,,,
224,9/22/2017,17:37:11,77488,11.722,,,,
225,9/22/2017,18:37:11,77507,11.819,,,,
226,9/22/2017,19:37:11,77523,11.819,,,,
227,9/22/2017,20:37:11,77556,11.819,,,,
228,9/22/2017,21:37:11,77573,11.819,,,,
229,9/22/2017,22:37:11,77589,11.819,,,,
230,9/22/2017,23:37:11,77589,11.819,,,,
231,9/23/2017,0:37:11,77589,11.819,,,,
232,9/23/2017,1:37:11,77587,11.722,,,,
233,9/23/2017,2:37:11,77570,11.722,,,,
234,9/23/2017,3:37:11,77554,11.722,,,,
235,9/23/2017,4:37:11,77554,11.722,,,,
236,9/23/2017,5:37:11,77570,11.722,,,,
237,9/23/2017,6:37:11,77504,11.722,,,,
238,9/23/2017,7:37:11,77570,11.722,,,,
239,9/23/2017,8:37:11,77603,11.722,,,,
240,9/23/2017,9:37:11,77554,11.722,,,,
241,9/23/2017,10:37:11,77540,11.819,,,,
242,9/23/2017,11:37:11,77507,11.819,,,,
243,9/23/2017,12:37:11,77424,11.819,,,,
244,9/23/2017,13:37:11,77358,11.819,,,,
245,9/23/2017,14:37:11,77292,11.819,,,,
246,9/23/2017,15:37:11,77328,11.916,,,,
247,9/23/2017,16:37:11,77361,11.916,,,,
248,9/23/2017,17:37:11,77361,11.916,,,,
249,9/23/2017,18:37:11,77509,11.916,,,,
250,9/23/2017,19:37:11,77493,11.916,,,,
251,9/23/2017,20:37:11,77509,11.916,,,,
252,9/23/2017,21:37:11,77474,11.819,,,,
253,9/23/2017,22:37:11,77540,11.819,,,,
254,9/23/2017,23:37:11,77540,11.819,,,,
255,9/24/2017,0:37:11,77556,11.819,,,,
256,9/24/2017,1:37:11,77556,11.819,,,,
257,9/24/2017,2:37:11,77570,11.722,,,,
258,9/24/2017,3:37:11,77587,11.722,,,,
259,9/24/2017,4:37:11,77570,11.722,,,,
260,9/24/2017,5:37:11,77603,11.722,,,,
261,9/24/2017,6:37:11,77601,11.625,,,,
262,9/24/2017,7:37:11,77650,11.625,,,,
263,9/24/2017,8:37:11,77683,11.625,,,,
264,9/24/2017,9:37:11,77664,11.528,,,,
265,9/24/2017,10:37:11,77683,11.625,,,,
266,9/24/2017,11:37:11,77650,11.625,,,,
267,9/24/2017,12:37:11,77617,11.625,,,,
268,9/24/2017,13:37:11,77570,11.722,,,,
269,9/24/2017,14:37:11,77554,11.722,,,,
270,9/24/2017,15:37:11,77554,11.722,,,,
271,9/24/2017,16:37:11,77537,11.722,,,,
272,9/24/2017,17:37:11,77554,11.722,,,,
273,9/24/2017,18:37:11,77570,11.722,,,,
274,9/24/2017,19:37:11,77620,11.722,,,,
275,9/24/2017,20:37:11,77683,11.625,,,,
276,9/24/2017,21:37:11,77681,11.528,,,,
277,9/24/2017,22:37:11,77664,11.528,,,,
278,9/24/2017,23:37:11,77681,11.528,,,,
279,9/25/2017,0:37:11,77681,11.528,,,,
280,9/25/2017,1:37:11,77662,11.431,,,,
281,9/25/2017,2:37:11,77678,11.431,,,,
282,9/25/2017,3:37:11,77676,11.334,,,,
283,9/25/2017,4:37:11,77690,11.236,,,,
284,9/25/2017,5:37:11,77687,11.139,,,,
285,9/25/2017,6:37:11,77720,11.139,,,,
286,9/25/2017,7:37:11,77718,11.041,,,,
287,9/25/2017,8:37:11,77715,10.944,,,,
288,9/25/2017,9:37:11,77715,10.944,,,,
289,9/25/2017,10:37:11,77682,10.944,,,,
290,9/25/2017,11:37:11,77668,11.041,,,,
291,9/25/2017,12:37:11,77654,11.139,,,,
292,9/25/2017,13:37:11,77621,11.139,,,,
293,9/25/2017,14:37:11,77571,11.139,,,,
294,9/25/2017,15:37:11,77571,11.139,,,,
295,9/25/2017,16:37:11,77558,11.236,,,,
296,9/25/2017,17:37:11,77591,11.236,,,,
297,9/25/2017,18:37:11,77624,11.236,,,,
298,9/25/2017,19:37:11,77706,11.236,,,,
299,9/25/2017,20:37:11,77737,11.139,,,,
300,9/25/2017,21:37:11,77767,11.041,,,,
301,9/25/2017,22:37:11,77831,10.944,,,,
302,9/25/2017,23:37:11,77861,10.846,,,,
303,9/26/2017,0:37:11,77878,10.846,,,,
304,9/26/2017,1:37:11,77842,10.748,,,,
305,9/26/2017,2:37:11,77858,10.748,,,,
306,9/26/2017,3:37:11,77856,10.651,,,,
307,9/26/2017,4:37:11,77856,10.651,,,,
308,9/26/2017,5:37:11,77870,10.553,,,,
309,9/26/2017,6:37:11,77870,10.553,,,,
310,9/26/2017,7:37:11,77936,10.553,,,,
311,9/26/2017,8:37:11,77966,10.455,,,,
312,9/26/2017,9:37:11,78002,10.553,,,,
313,9/26/2017,10:37:11,78021,10.651,,,,
314,9/26/2017,11:37:11,78021,10.651,,,,
315,9/26/2017,12:37:11,77971,10.651,,,,
316,9/26/2017,13:37:11,77958,10.748,,,,
317,9/26/2017,14:37:11,77891,10.748,,,,
318,9/26/2017,15:37:11,77842,10.748,,,,
319,9/26/2017,16:37:11,77828,10.846,,,,
320,9/26/2017,17:37:11,77861,10.846,,,,
321,9/26/2017,18:37:11,78043,10.846,,,,
322,9/26/2017,19:37:11,78158,10.846,,,,
323,9/26/2017,20:37:11,78142,10.846,,,,
324,9/26/2017,21:37:11,78257,10.846,,,,
325,9/26/2017,22:37:11,78290,10.846,,,,
326,9/26/2017,23:37:11,78307,10.846,,,,
327,9/27/2017,0:37:11,78290,10.846,,,,
328,9/27/2017,1:37:11,78307,10.846,,,,
329,9/27/2017,2:37:11,78340,10.846,,,,
330,9/27/2017,3:37:11,78340,10.846,,,,
331,9/27/2017,4:37:11,78357,10.846,,,,
332,9/27/2017,5:37:11,78370,10.748,,,,
333,9/27/2017,6:37:11,78404,10.748,,,,
334,9/27/2017,7:37:11,78453,10.748,,,,
335,9/27/2017,8:37:11,78470,10.748,,,,
336,9/27/2017,9:37:11,78503,10.748,,,,
337,9/27/2017,10:37:11,78486,10.748,,,,
338,9/27/2017,11:37:11,78505,10.846,,,,
339,9/27/2017,12:37:11,78456,10.846,,,,
340,9/27/2017,13:37:11,78489,10.846,,,,
341,9/27/2017,14:37:11,78420,10.748,,,,
342,9/27/2017,15:37:11,78373,10.846,,,,
343,9/27/2017,16:37:11,78373,10.846,,,,
344,9/27/2017,17:37:11,78486,10.748,,,,
345,9/27/2017,18:37:11,78651,10.748,,,,
346,9/27/2017,19:37:11,78817,10.748,,,,
347,9/27/2017,20:37:11,78880,10.651,,,,
348,9/27/2017,21:37:11,78847,10.651,,,,
349,9/27/2017,22:37:11,78911,10.553,,,,
350,9/27/2017,23:37:11,78927,10.553,,,,
351,9/28/2017,0:37:11,79007,10.455,,,,
352,9/28/2017,1:37:11,79040,10.455,,,,
353,9/28/2017,2:37:11,79106,10.455,,,,
354,9/28/2017,3:37:11,79252,10.357,,,,
355,9/28/2017,4:37:11,79316,10.259,,,,
356,9/28/2017,5:37:11,79346,10.161,,,,
357,9/28/2017,6:37:11,79313,10.161,,,,
358,9/28/2017,7:37:11,79278,10.063,,,,
359,9/28/2017,8:37:11,79228,10.063,,,,
360,9/28/2017,9:37:11,79178,10.063,,,,
361,9/28/2017,10:37:11,79164,10.161,,,,
362,9/28/2017,11:37:11,79148,10.161,,,,
363,9/28/2017,12:37:11,79131,10.161,,,,
364,9/28/2017,13:37:11,79065,10.161,,,,
365,9/28/2017,14:37:11,79051,10.259,,,,
366,9/28/2017,15:37:11,79018,10.259,,,,
367,9/28/2017,16:37:11,79021,10.357,,,,
368,9/28/2017,17:37:11,79021,10.357,,,,
369,9/28/2017,18:37:11,79057,10.455,,,,
370,9/28/2017,19:37:11,79073,10.455,,,,
371,9/28/2017,20:37:11,79158,10.553,,,,
372,9/28/2017,21:37:11,79241,10.553,,,,
373,9/28/2017,22:37:11,79291,10.553,,,,
374,9/28/2017,23:37:11,79277,10.651,,,,
375,9/29/2017,0:37:11,79227,10.651,,,,
376,9/29/2017,1:37:11,79178,10.651,,,,
377,9/29/2017,2:37:11,79111,10.651,,,,
378,9/29/2017,3:37:11,79045,10.651,,,,
379,9/29/2017,4:37:11,78996,10.651,,,,
380,9/29/2017,5:37:11,78963,10.651,,,,
381,9/29/2017,6:37:11,78913,10.651,,,,
382,9/29/2017,7:37:11,78897,10.651,,,,
383,9/29/2017,8:37:11,78847,10.651,,,,
384,9/29/2017,9:37:11,78850,10.748,,,,
385,9/29/2017,10:37:11,78850,10.748,,,,
386,9/29/2017,11:37:11,78767,10.748,,,,
387,9/29/2017,12:37:11,78704,10.846,,,,
388,9/29/2017,13:37:11,78704,10.846,,,,
389,9/29/2017,14:37:11,78637,10.846,,,,
390,9/29/2017,15:37:11,78574,10.944,,,,
391,9/29/2017,16:37:11,78590,10.944,,,,
392,9/29/2017,17:37:11,78557,10.944,,,,
393,9/29/2017,18:37:11,78560,11.041,,,,
394,9/29/2017,19:37:11,78560,11.041,,,,
395,9/29/2017,20:37:11,78643,11.041,,,,
396,9/29/2017,21:37:11,78709,11.041,,,,
397,9/29/2017,22:37:11,78725,11.041,,,,
398,9/29/2017,23:37:11,78742,11.041,,,,
399,9/30/2017,0:37:11,78725,11.041,,,,
400,9/30/2017,1:37:11,78692,11.041,,,,
401,9/30/2017,2:37:11,78676,11.041,,,,
402,9/30/2017,3:37:11,78624,10.944,,,,
403,9/30/2017,4:37:11,78590,10.944,,,,
404,9/30/2017,5:37:11,78590,10.944,,,,
405,9/30/2017,6:37:11,78574,10.944,,,,
406,9/30/2017,7:37:11,78607,10.944,,,,
407,9/30/2017,8:37:11,78690,10.944,,,,
408,9/30/2017,9:37:11,78690,10.944,,,,
409,9/30/2017,10:37:11,78673,10.944,,,,
410,9/30/2017,11:37:11,78659,11.041,,,,
411,9/30/2017,12:37:11,78577,11.041,,,,
412,9/30/2017,13:37:11,78494,11.041,,,,
413,9/30/2017,14:37:11,78428,11.041,,,,
414,9/30/2017,15:37:11,78411,11.041,,,,
415,9/30/2017,16:37:11,78444,11.041,,,,
416,9/30/2017,17:37:11,78444,11.041,,,,
417,9/30/2017,18:37:11,78411,11.041,,,,
418,9/30/2017,19:37:11,78428,11.041,,,,
419,9/30/2017,20:37:11,78477,11.041,,,,
420,9/30/2017,21:37:11,78461,11.041,,,,
421,9/30/2017,22:37:11,78510,11.041,,,,
422,9/30/2017,23:37:11,78544,11.041,,,,
423,10/1/2017,0:37:11,78577,11.041,,,,
424,10/1/2017,1:37:11,78574,10.944,,,,
425,10/1/2017,2:37:11,78524,10.944,,,,
426,10/1/2017,3:37:11,78475,10.944,,,,
427,10/1/2017,4:37:11,78409,10.944,,,,
428,10/1/2017,5:37:11,78390,10.846,,,,
429,10/1/2017,6:37:11,78390,10.846,,,,
430,10/1/2017,7:37:11,78370,10.748,,,,
431,10/1/2017,8:37:11,78404,10.748,,,,
432,10/1/2017,9:37:11,78401,10.651,,,,
433,10/1/2017,10:37:11,78404,10.748,,,,
434,10/1/2017,11:37:11,78387,10.748,,,,
435,10/1/2017,12:37:11,78337,10.748,,,,
436,10/1/2017,13:37:11,78304,10.748,,,,
437,10/1/2017,14:37:11,78208,10.846,,,,
438,10/1/2017,15:37:11,78142,10.846,,,,
439,10/1/2017,16:37:11,78076,10.846,,,,
440,10/1/2017,17:37:11,78026,10.846,,,,
441,10/1/2017,18:37:11,77996,10.944,,,,
442,10/1/2017,19:37:11,77979,10.944,,,,
443,10/1/2017,20:37:11,77979,10.944,,,,
444,10/1/2017,21:37:11,77960,10.846,,,,
445,10/1/2017,22:37:11,77960,10.846,,,,
446,10/1/2017,23:37:11,77941,10.748,,,,
447,10/2/2017,0:37:11,77891,10.748,,,,
448,10/2/2017,1:37:11,77856,10.651,,,,
449,10/2/2017,2:37:11,77823,10.651,,,,
450,10/2/2017,3:37:11,77787,10.553,,,,
451,10/2/2017,4:37:11,77771,10.553,,,,
452,10/2/2017,5:37:11,77752,10.455,,,,
453,10/2/2017,6:37:11,77782,10.357,,,,
454,10/2/2017,7:37:11,77782,10.357,,,,
455,10/2/2017,8:37:11,77779,10.259,,,,
456,10/2/2017,9:37:11,77763,10.259,,,,
457,10/2/2017,10:37:11,77746,10.259,,,,
458,10/2/2017,11:37:11,77700,10.357,,,,
459,10/2/2017,12:37:11,77683,10.357,,,,
460,10/2/2017,13:37:11,77653,10.455,,,,
461,10/2/2017,14:37:11,77570,10.455,,,,
462,10/2/2017,15:37:11,77556,10.553,,,,
463,10/2/2017,16:37:11,77540,10.553,,,,
464,10/2/2017,17:37:11,77556,10.553,,,,
465,10/2/2017,18:37:11,77592,10.651,,,,
466,10/2/2017,19:37:11,77658,10.651,,,,
467,10/2/2017,20:37:11,77691,10.651,,,,
468,10/2/2017,21:37:11,77757,10.651,,,,
469,10/2/2017,22:37:11,77823,10.651,,,,
470,10/2/2017,23:37:11,77858,10.748,,,,
471,10/3/2017,0:37:11,77908,10.748,,,,
472,10/3/2017,1:37:11,77955,10.651,,,,
473,10/3/2017,2:37:11,77985,10.553,,,,
474,10/3/2017,3:37:11,78002,10.553,,,,
475,10/3/2017,4:37:11,78082,10.455,,,,
476,10/3/2017,5:37:11,78129,10.357,,,,
477,10/3/2017,6:37:11,78176,10.259,,,,
478,10/3/2017,7:37:11,78256,10.161,,,,
479,10/3/2017,8:37:11,78322,10.161,,,,
480,10/3/2017,9:37:11,78319,10.063,,,,
481,10/3/2017,10:37:11,78338,10.161,,,,
482,10/3/2017,11:37:11,78322,10.161,,,,
483,10/3/2017,12:37:11,78324,10.259,,,,
484,10/3/2017,13:37:11,78311,10.357,,,,
485,10/3/2017,14:37:11,78311,10.357,,,,
486,10/3/2017,15:37:11,78294,10.357,,,,
487,10/3/2017,16:37:11,78311,10.357,,,,
488,10/3/2017,17:37:11,78313,10.455,,,,
489,10/3/2017,18:37:11,78379,10.455,,,,
490,10/3/2017,19:37:11,78431,10.553,,,,
491,10/3/2017,20:37:11,78495,10.455,,,,
492,10/3/2017,21:37:11,78495,10.455,,,,
493,10/3/2017,22:37:11,78531,10.553,,,,
494,10/3/2017,23:37:11,78531,10.553,,,,
495,10/4/2017,0:37:11,78547,10.553,,,,
496,10/4/2017,1:37:11,78531,10.553,,,,
497,10/4/2017,2:37:11,78583,10.651,,,,
498,10/4/2017,3:37:11,78566,10.651,,,,
499,10/4/2017,4:37:11,78583,10.651,,,,
500,10/4/2017,5:37:11,78616,10.651,,,,
501,10/4/2017,6:37:11,78651,10.748,,,,
502,10/4/2017,7:37:11,78684,10.748,,,,
503,10/4/2017,8:37:11,78717,10.748,,,,
504,10/4/2017,9:37:11,78737,10.846,,,,
505,10/4/2017,10:37:11,78786,10.846,,,,
506,10/4/2017,11:37:11,78803,10.846,,,,
507,10/4/2017,12:37:11,78753,10.846,,,,
508,10/4/2017,13:37:11,78673,10.944,,,,
509,10/4/2017,14:37:11,78557,10.944,,,,
510,10/4/2017,15:37:11,78524,10.944,,,,
511,10/4/2017,16:37:11,78544,11.041,,,,
512,10/4/2017,17:37:11,78527,11.041,,,,
513,10/4/2017,18:37:11,78527,11.041,,,,
514,10/4/2017,19:37:11,78596,11.139,,,,
515,10/4/2017,20:37:11,78645,11.139,,,,
516,10/4/2017,21:37:11,78681,11.236,,,,
517,10/4/2017,22:37:11,78681,11.236,,,,
518,10/4/2017,23:37:11,78667,11.334,,,,
519,10/5/2017,0:37:11,78617,11.334,,,,
520,10/5/2017,1:37:11,78603,11.431,,,,
521,10/5/2017,2:37:11,78570,11.431,,,,
522,10/5/2017,3:37:11,78570,11.431,,,,
523,10/5/2017,4:37:11,78556,11.528,,,,
524,10/5/2017,5:37:11,78540,11.528,,,,
525,10/5/2017,6:37:11,78523,11.528,,,,
526,10/5/2017,7:37:11,78540,11.528,,,,
527,10/5/2017,8:37:11,78576,11.625,,,,
528,10/5/2017,9:37:11,78675,11.625,,,,
529,10/5/2017,10:37:11,78642,11.625,,,,
530,10/5/2017,11:37:11,78675,11.625,,,,
531,10/5/2017,12:37:11,78644,11.722,,,,
532,10/5/2017,13:37:11,78562,11.722,,,,
533,10/5/2017,14:37:11,78479,11.722,,,,
534,10/5/2017,15:37:11,78446,11.722,,,,
535,10/5/2017,16:37:11,78429,11.722,,,,
536,10/5/2017,17:37:11,78446,11.722,,,,
537,10/5/2017,18:37:11,78531,11.819,,,,
538,10/5/2017,19:37:11,78564,11.819,,,,
539,10/5/2017,20:37:11,78482,11.819,,,,
540,10/5/2017,21:37:11,78597,11.819,,,,
541,10/5/2017,22:37:11,78600,11.916,,,,
542,10/5/2017,23:37:11,78600,11.916,,,,
543,10/6/2017,0:37:11,78600,11.916,,,,
544,10/6/2017,1:37:11,78650,11.916,,,,
545,10/6/2017,2:37:11,78650,11.916,,,,
546,10/6/2017,3:37:11,78619,12.013,,,,
547,10/6/2017,4:37:11,78619,12.013,,,,
548,10/6/2017,5:37:11,78619,12.013,,,,
549,10/6/2017,6:37:11,78619,12.013,,,,
550,10/6/2017,7:37:11,78586,12.013,,,,
551,10/6/2017,8:37:11,78536,12.013,,,,
552,10/6/2017,9:37:11,78501,11.916,,,,
553,10/6/2017,10:37:11,78487,12.013,,,,
554,10/6/2017,11:37:11,78437,12.013,,,,
555,10/6/2017,12:37:11,78421,12.013,,,,
556,10/6/2017,13:37:11,78322,12.013,,,,
557,10/6/2017,14:37:11,78305,12.013,,,,
558,10/6/2017,15:37:11,78289,12.013,,,,
559,10/6/2017,16:37:11,78308,12.11,,,,
560,10/6/2017,17:37:11,78291,12.11,,,,
561,10/6/2017,18:37:11,78258,12.11,,,,
562,10/6/2017,19:37:11,78289,12.013,,,,
563,10/6/2017,20:37:11,78319,11.916,,,,
564,10/6/2017,21:37:11,78302,11.916,,,,
565,10/6/2017,22:37:11,78333,11.819,,,,
566,10/6/2017,23:37:11,78347,11.722,,,,
567,10/7/2017,0:37:11,78328,11.625,,,,
568,10/7/2017,1:37:11,78292,11.528,,,,
569,10/7/2017,2:37:11,78254,11.334,,,,
570,10/7/2017,3:37:11,78218,11.236,,,,
571,10/7/2017,4:37:11,78232,11.139,,,,
572,10/7/2017,5:37:11,78263,11.041,,,,
573,10/7/2017,6:37:11,78293,10.944,,,,
574,10/7/2017,7:37:11,78257,10.846,,,,
575,10/7/2017,8:37:11,78271,10.748,,,,
576,10/7/2017,9:37:11,78236,10.651,,,,
577,10/7/2017,10:37:11,78203,10.651,,,,
578,10/7/2017,11:37:11,78156,10.748,,,,
579,10/7/2017,12:37:11,78123,10.748,,,,
580,10/7/2017,13:37:11,78024,10.748,,,,
581,10/7/2017,14:37:11,77974,10.748,,,,
582,10/7/2017,15:37:11,77941,10.748,,,,
583,10/7/2017,16:37:11,77941,10.748,,,,
584,10/7/2017,17:37:11,77927,10.846,,,,
585,10/7/2017,18:37:11,77944,10.846,,,,
586,10/7/2017,19:37:11,77960,10.846,,,,
587,10/7/2017,20:37:11,77958,10.748,,,,
588,10/7/2017,21:37:11,77955,10.651,,,,
589,10/7/2017,22:37:11,77938,10.651,,,,
590,10/7/2017,23:37:11,77936,10.553,,,,
591,10/8/2017,0:37:11,77900,10.455,,,,
592,10/8/2017,1:37:11,77881,10.357,,,,
593,10/8/2017,2:37:11,77865,10.357,,,,
594,10/8/2017,3:37:11,77796,10.259,,,,
595,10/8/2017,4:37:11,77777,10.161,,,,
596,10/8/2017,5:37:11,77791,10.063,,,,
597,10/8/2017,6:37:11,77772,9.965,,,,
598,10/8/2017,7:37:11,77736,9.866,,,,
599,10/8/2017,8:37:11,77750,9.768,,,,
600,10/8/2017,9:37:11,77717,9.768,,,,
601,10/8/2017,10:37:11,77634,9.768,,,,
602,10/8/2017,11:37:11,77571,9.866,,,,
603,10/8/2017,12:37:11,77555,9.866,,,,
604,10/8/2017,13:37:11,77522,9.866,,,,
605,10/8/2017,14:37:11,77442,9.965,,,,
606,10/8/2017,15:37:11,77392,9.965,,,,
607,10/8/2017,16:37:11,77309,9.965,,,,
608,10/8/2017,17:37:11,77312,10.063,,,,
609,10/8/2017,18:37:11,77362,10.063,,,,
610,10/8/2017,19:37:11,77362,10.063,,,,
611,10/8/2017,20:37:11,77359,9.965,,,,
612,10/8/2017,21:37:11,77376,9.965,,,,
613,10/8/2017,22:37:11,77409,9.965,,,,
614,10/8/2017,23:37:11,77406,9.866,,,,
615,10/9/2017,0:37:11,77442,9.965,,,,
616,10/9/2017,1:37:11,77458,9.965,,,,
617,10/9/2017,2:37:11,77458,9.965,,,,
618,10/9/2017,3:37:11,77488,9.866,,,,
619,10/9/2017,4:37:11,77486,9.768,,,,
620,10/9/2017,5:37:11,77535,9.768,,,,
621,10/9/2017,6:37:11,77549,9.669,,,,
622,10/9/2017,7:37:11,77563,9.571,,,,
623,10/9/2017,8:37:11,77577,9.472,,,,
624,10/9/2017,9:37:11,77577,9.472,,,,
625,10/9/2017,10:37:11,77594,9.472,,,,
626,10/9/2017,11:37:11,77679,9.571,,,,
627,10/9/2017,12:37:11,77745,9.571,,,,
628,10/9/2017,13:37:11,77745,9.571,,,,
629,10/9/2017,14:37:11,77761,9.571,,,,
630,10/9/2017,15:37:11,77844,9.571,,,,
631,10/9/2017,16:37:11,77893,9.571,,,,
632,10/9/2017,17:37:11,77993,9.571,,,,
633,10/9/2017,18:37:11,78092,9.571,,,,
634,10/9/2017,19:37:11,78155,9.472,,,,
635,10/9/2017,20:37:11,78218,9.373,,,,
636,10/9/2017,21:37:11,78315,9.275,,,,
637,10/9/2017,22:37:11,78378,9.176,,,,
638,10/9/2017,23:37:11,78409,9.077,,,,
639,10/10/2017,0:37:11,78423,8.978,,,,
640,10/10/2017,1:37:11,78420,8.879,,,,
641,10/10/2017,2:37:11,78467,8.779,,,,
642,10/10/2017,3:37:11,78481,8.68,,,,
643,10/10/2017,4:37:11,78511,8.581,,,,
644,10/10/2017,5:37:11,78528,8.581,,,,
645,10/10/2017,6:37:11,78539,8.382,,,,
646,10/10/2017,7:37:11,78556,8.382,,,,
647,10/10/2017,8:37:11,78553,8.282,,,,
648,10/10/2017,9:37:11,78567,8.182,,,,
649,10/10/2017,10:37:11,78536,8.282,,,,
650,10/10/2017,11:37:11,78536,8.282,,,,
651,10/10/2017,12:37:11,78523,8.382,,,,
652,10/10/2017,13:37:11,78457,8.382,,,,
653,10/10/2017,14:37:11,78393,8.481,,,,
654,10/10/2017,15:37:11,78377,8.481,,,,
655,10/10/2017,16:37:11,78377,8.481,,,,
656,10/10/2017,17:37:11,78377,8.481,,,,
657,10/10/2017,18:37:11,78393,8.481,,,,
658,10/10/2017,19:37:11,78443,8.481,,,,
659,10/10/2017,20:37:11,78476,8.481,,,,
660,10/10/2017,21:37:11,78506,8.382,,,,
661,10/10/2017,22:37:11,78520,8.282,,,,
662,10/10/2017,23:37:11,78520,8.282,,,,
663,10/11/2017,0:37:11,78484,8.182,,,,
664,10/11/2017,1:37:11,78498,8.082,,,,
665,10/11/2017,2:37:11,78482,8.082,,,,
666,10/11/2017,3:37:11,78446,7.983,,,,
667,10/11/2017,4:37:11,78446,7.983,,,,
668,10/11/2017,5:37:11,78443,7.882,,,,
669,10/11/2017,6:37:11,78460,7.882,,,,
670,10/11/2017,7:37:11,78424,7.782,,,,
671,10/11/2017,8:37:11,78455,7.682,,,,
672,10/11/2017,9:37:11,78455,7.682,,,,
673,10/11/2017,10:37:11,78358,7.782,,,,
674,10/11/2017,11:37:11,78325,7.782,,,,
675,10/11/2017,12:37:11,78295,7.882,,,,
676,10/11/2017,13:37:11,78231,7.983,,,,
677,10/11/2017,14:37:11,78182,7.983,,,,
678,10/11/2017,15:37:11,78168,8.082,,,,
679,10/11/2017,16:37:11,78201,8.082,,,,
680,10/11/2017,17:37:11,78201,8.082,,,,
681,10/11/2017,18:37:11,78204,8.182,,,,
682,10/11/2017,19:37:11,78253,8.182,,,,
683,10/11/2017,20:37:11,78303,8.182,,,,
684,10/11/2017,21:37:11,78317,8.082,,,,
685,10/11/2017,22:37:11,78336,8.182,,,,
686,10/11/2017,23:37:11,78333,8.082,,,,
687,10/12/2017,0:37:11,78333,8.082,,,,
688,10/12/2017,1:37:11,78333,8.082,,,,
689,10/12/2017,2:37:11,78314,7.983,,,,
690,10/12/2017,3:37:11,78314,7.983,,,,
691,10/12/2017,4:37:11,78297,7.983,,,,
692,10/12/2017,5:37:11,78328,7.882,,,,
693,10/12/2017,6:37:11,78328,7.882,,,,
694,10/12/2017,7:37:11,78344,7.882,,,,
695,10/12/2017,8:37:11,78344,7.882,,,,
696,10/12/2017,9:37:11,78344,7.882,,,,
697,10/12/2017,10:37:11,78311,7.882,,,,
698,10/12/2017,11:37:11,78281,7.983,,,,
699,10/12/2017,12:37:11,78267,8.082,,,,
700,10/12/2017,13:37:11,78168,8.082,,,,
701,10/12/2017,14:37:11,78105,8.182,,,,
702,10/12/2017,15:37:11,78105,8.182,,,,
703,10/12/2017,16:37:11,78107,8.282,,,,
704,10/12/2017,17:37:11,78091,8.282,,,,
705,10/12/2017,18:37:11,78126,8.382,,,,
706,10/12/2017,19:37:11,78192,8.382,,,,
707,10/12/2017,20:37:11,78242,8.382,,,,
708,10/12/2017,21:37:11,78258,8.382,,,,
709,10/12/2017,22:37:11,78294,8.481,,,,
710,10/12/2017,23:37:11,78294,8.481,,,,
711,10/13/2017,0:37:11,78308,8.382,,,,
712,10/13/2017,1:37:11,78308,8.382,,,,
713,10/13/2017,2:37:11,78341,8.382,,,,
714,10/13/2017,3:37:11,78322,8.282,,,,
715,10/13/2017,4:37:11,78338,8.282,,,,
716,10/13/2017,5:37:11,78385,8.182,,,,
717,10/13/2017,6:37:11,78402,8.182,,,,
718,10/13/2017,7:37:11,78449,8.082,,,,
719,10/13/2017,8:37:11,78465,8.082,,,,
720,10/13/2017,9:37:11,78465,8.082,,,,
721,10/13/2017,10:37:11,78449,8.082,,,,
722,10/13/2017,11:37:11,78451,8.182,,,,
723,10/13/2017,12:37:11,78402,8.182,,,,
724,10/13/2017,13:37:11,78305,8.282,,,,
725,10/13/2017,14:37:11,78275,8.382,,,,
726,10/13/2017,15:37:11,78209,8.382,,,,
727,10/13/2017,16:37:11,78179,8.481,,,,
728,10/13/2017,17:37:11,78145,8.481,,,,
729,10/13/2017,18:37:11,78148,8.581,,,,
730,10/13/2017,19:37:11,78231,8.581,,,,
731,10/13/2017,20:37:11,78247,8.581,,,,
732,10/13/2017,21:37:11,78264,8.581,,,,
733,10/13/2017,22:37:11,78264,8.581,,,,
734,10/13/2017,23:37:11,78261,8.481,,,,
735,10/14/2017,0:37:11,78228,8.481,,,,
736,10/14/2017,1:37:11,78228,8.481,,,,
737,10/14/2017,2:37:11,78209,8.382,,,,
738,10/14/2017,3:37:11,78176,8.382,,,,
739,10/14/2017,4:37:11,78176,8.382,,,,
740,10/14/2017,5:37:11,78173,8.282,,,,
741,10/14/2017,6:37:11,78206,8.282,,,,
742,10/14/2017,7:37:11,78239,8.282,,,,
743,10/14/2017,8:37:11,78272,8.282,,,,
744,10/14/2017,9:37:11,78286,8.182,,,,
745,10/14/2017,10:37:11,78272,8.282,,,,
746,10/14/2017,11:37:11,78272,8.282,,,,
747,10/14/2017,12:37:11,78275,8.382,,,,
748,10/14/2017,13:37:11,78209,8.382,,,,
749,10/14/2017,14:37:11,78245,8.481,,,,
750,10/14/2017,15:37:11,78294,8.481,,,,
751,10/14/2017,16:37:11,78330,8.581,,,,
752,10/14/2017,17:37:11,78363,8.581,,,,
753,10/14/2017,18:37:11,78412,8.581,,,,
754,10/14/2017,19:37:11,78462,8.581,,,,
755,10/14/2017,20:37:11,78577,8.581,,,,
756,10/14/2017,21:37:11,78641,8.481,,,,
757,10/14/2017,22:37:11,78655,8.382,,,,
758,10/14/2017,23:37:11,78721,8.382,,,,
759,10/15/2017,0:37:11,78751,8.282,,,,
760,10/15/2017,1:37:11,78765,8.182,,,,
761,10/15/2017,2:37:11,78828,8.082,,,,
762,10/15/2017,3:37:11,78842,7.983,,,,
763,10/15/2017,4:37:11,78873,7.882,,,,
764,10/15/2017,5:37:11,78887,7.782,,,,
765,10/15/2017,6:37:11,78920,7.782,,,,
766,10/15/2017,7:37:11,78997,7.582,,,,
767,10/15/2017,8:37:11,79046,7.582,,,,
768,10/15/2017,9:37:11,79060,7.481,,,,
769,10/15/2017,10:37:11,79027,7.481,,,,
770,10/15/2017,11:37:11,78980,7.582,,,,
771,10/15/2017,12:37:11,78933,7.682,,,,
772,10/15/2017,13:37:11,78867,7.682,,,,
773,10/15/2017,14:37:11,78837,7.782,,,,
774,10/15/2017,15:37:11,78837,7.782,,,,
775,10/15/2017,16:37:11,78856,7.882,,,,
776,10/15/2017,17:37:11,78889,7.882,,,,
777,10/15/2017,18:37:11,78922,7.882,,,,
778,10/15/2017,19:37:11,78972,7.882,,,,
779,10/15/2017,20:37:11,79038,7.882,,,,
780,10/15/2017,21:37:11,79068,7.782,,,,
781,10/15/2017,22:37:11,79082,7.682,,,,
782,10/15/2017,23:37:11,79082,7.682,,,,
783,10/16/2017,0:37:11,79096,7.582,,,,
784,10/16/2017,1:37:11,79093,7.481,,,,
785,10/16/2017,2:37:11,79091,7.381,,,,
786,10/16/2017,3:37:11,79071,7.28,,,,
787,10/16/2017,4:37:11,79071,7.28,,,,
788,10/16/2017,5:37:11,79052,7.179,,,,
789,10/16/2017,6:37:11,79083,7.079,,,,
790,10/16/2017,7:37:11,79080,6.978,,,,
791,10/16/2017,8:37:11,79110,6.877,,,,
792,10/16/2017,9:37:11,79077,6.877,,,,
793,10/16/2017,10:37:11,79028,6.877,,,,
794,10/16/2017,11:37:11,78948,6.978,,,,
795,10/16/2017,12:37:11,78885,7.079,,,,
796,10/16/2017,13:37:11,78805,7.179,,,,
797,10/16/2017,14:37:11,78739,7.179,,,,
798,10/16/2017,15:37:11,78725,7.28,,,,
799,10/16/2017,16:37:11,78725,7.28,,,,
800,10/16/2017,17:37:11,78725,7.28,,,,
801,10/16/2017,18:37:11,78760,7.381,,,,
802,10/16/2017,19:37:11,78793,7.381,,,,
803,10/16/2017,20:37:11,78807,7.28,,,,
804,10/16/2017,21:37:11,78840,7.28,,,,
805,10/16/2017,22:37:11,78887,7.179,,,,
806,10/16/2017,23:37:11,78871,7.179,,,,
807,10/17/2017,0:37:11,78838,7.179,,,,
808,10/17/2017,1:37:11,78852,7.079,,,,
809,10/17/2017,2:37:11,78865,6.978,,,,
810,10/17/2017,3:37:11,78816,6.978,,,,
811,10/17/2017,4:37:11,78813,6.877,,,,
812,10/17/2017,5:37:11,78813,6.877,,,,
813,10/17/2017,6:37:11,78794,6.775,,,,
814,10/17/2017,7:37:11,78811,6.775,,,,
815,10/17/2017,8:37:11,78808,6.674,,,,
816,10/17/2017,9:37:11,78775,6.674,,,,
817,10/17/2017,10:37:11,78725,6.674,,,,
818,10/17/2017,11:37:11,78678,6.775,,,,
819,10/17/2017,12:37:11,78599,6.877,,,,
820,10/17/2017,13:37:11,78516,6.877,,,,
821,10/17/2017,14:37:11,78453,6.978,,,,
822,10/17/2017,15:37:11,78420,6.978,,,,
823,10/17/2017,16:37:11,78422,7.079,,,,
824,10/17/2017,17:37:11,78422,7.079,,,,
825,10/17/2017,18:37:11,78439,7.079,,,,
826,10/17/2017,19:37:11,78521,7.079,,,,
827,10/17/2017,20:37:11,78521,7.079,,,,
828,10/17/2017,21:37:11,78554,7.079,,,,
829,10/17/2017,22:37:11,78554,7.079,,,,
830,10/17/2017,23:37:11,78535,6.978,,,,
831,10/18/2017,0:37:11,78533,6.877,,,,
832,10/18/2017,1:37:11,78533,6.877,,,,
833,10/18/2017,2:37:11,78480,6.775,,,,
834,10/18/2017,3:37:11,78447,6.775,,,,
835,10/18/2017,4:37:11,78447,6.775,,,,
836,10/18/2017,5:37:11,78461,6.674,,,,
837,10/18/2017,6:37:11,78478,6.674,,,,
838,10/18/2017,7:37:11,78492,6.573,,,,
839,10/18/2017,8:37:11,78525,6.573,,,,
840,10/18/2017,9:37:11,78525,6.573,,,,
841,10/18/2017,10:37:11,78492,6.573,,,,
842,10/18/2017,11:37:11,78461,6.674,,,,
843,10/18/2017,12:37:11,78428,6.674,,,,
844,10/18/2017,13:37:11,78381,6.775,,,,
845,10/18/2017,14:37:11,78332,6.775,,,,
846,10/18/2017,15:37:11,78318,6.877,,,,
847,10/18/2017,16:37:11,78302,6.877,,,,
848,10/18/2017,17:37:11,78304,6.978,,,,
849,10/18/2017,18:37:11,78321,6.978,,,,
850,10/18/2017,19:37:11,78387,6.978,,,,
851,10/18/2017,20:37:11,78403,6.978,,,,
852,10/18/2017,21:37:11,78453,6.978,,,,
853,10/18/2017,22:37:11,78417,6.877,,,,
854,10/18/2017,23:37:11,78417,6.877,,,,
855,10/19/2017,0:37:11,78384,6.877,,,,
856,10/19/2017,1:37:11,78384,6.877,,,,
857,10/19/2017,2:37:11,78398,6.775,,,,
858,10/19/2017,3:37:11,78332,6.775,,,,
859,10/19/2017,4:37:11,78315,6.775,,,,
860,10/19/2017,5:37:11,78329,6.674,,,,
861,10/19/2017,6:37:11,78329,6.674,,,,
862,10/19/2017,7:37:11,78343,6.573,,,,
863,10/19/2017,8:37:11,78343,6.573,,,,
864,10/19/2017,9:37:11,78310,6.573,,,,
865,10/19/2017,10:37:11,78280,6.674,,,,
866,10/19/2017,11:37:11,78214,6.674,,,,
867,10/19/2017,12:37:11,78167,6.775,,,,
868,10/19/2017,13:37:11,78084,6.775,,,,
869,10/19/2017,14:37:11,78005,6.877,,,,
870,10/19/2017,15:37:11,77972,6.877,,,,
871,10/19/2017,16:37:11,77941,6.978,,,,
872,10/19/2017,17:37:11,77958,6.978,,,,
873,10/19/2017,18:37:11,77977,7.079,,,,
874,10/19/2017,19:37:11,78026,7.079,,,,
875,10/19/2017,20:37:11,78045,7.179,,,,
876,10/19/2017,21:37:11,78062,7.179,,,,
877,10/19/2017,22:37:11,78062,7.179,,,,
878,10/19/2017,23:37:11,78032,7.28,,,,
879,10/20/2017,0:37:11,78015,7.28,,,,
880,10/20/2017,1:37:11,77949,7.28,,,,
881,10/20/2017,2:37:11,77949,7.28,,,,
882,10/20/2017,3:37:11,77867,7.28,,,,
883,10/20/2017,4:37:11,77867,7.28,,,,
884,10/20/2017,5:37:11,77864,7.179,,,,
885,10/20/2017,6:37:11,77864,7.179,,,,
886,10/20/2017,7:37:11,77847,7.179,,,,
887,10/20/2017,8:37:11,77861,7.079,,,,
888,10/20/2017,9:37:11,77831,7.179,,,,
889,10/20/2017,10:37:11,77831,7.179,,,,
890,10/20/2017,11:37:11,77735,7.28,,,,
891,10/20/2017,12:37:11,77652,7.28,,,,
892,10/20/2017,13:37:11,77605,7.381,,,,
893,10/20/2017,14:37:11,77539,7.381,,,,
894,10/20/2017,15:37:11,77506,7.381,,,,
895,10/20/2017,16:37:11,77443,7.481,,,,
896,10/20/2017,17:37:11,77393,7.481,,,,
897,10/20/2017,18:37:11,77379,7.582,,,,
898,10/20/2017,19:37:11,77412,7.582,,,,
899,10/20/2017,20:37:11,77412,7.582,,,,
900,10/20/2017,21:37:11,77412,7.582,,,,
901,10/20/2017,22:37:11,77429,7.582,,,,
902,10/20/2017,23:37:11,77459,7.481,,,,
903,10/21/2017,0:37:11,77429,7.582,,,,
904,10/21/2017,1:37:11,77448,7.682,,,,
905,10/21/2017,2:37:11,77465,7.682,,,,
906,10/21/2017,3:37:11,77434,7.782,,,,
907,10/21/2017,4:37:11,77451,7.782,,,,
908,10/21/2017,5:37:11,77500,7.782,,,,
909,10/21/2017,6:37:11,77566,7.782,,,,
910,10/21/2017,7:37:11,77616,7.782,,,,
911,10/21/2017,8:37:11,77682,7.782,,,,
912,10/21/2017,9:37:11,77731,7.782,,,,
913,10/21/2017,10:37:11,77764,7.782,,,,
914,10/21/2017,11:37:11,77847,7.782,,,,
915,10/21/2017,12:37:11,77830,7.782,,,,
916,10/21/2017,13:37:11,77833,7.882,,,,
917,10/21/2017,14:37:11,77899,7.882,,,,
918,10/21/2017,15:37:11,77899,7.882,,,,
919,10/21/2017,16:37:11,77948,7.882,,,,
920,10/21/2017,17:37:11,78031,7.882,,,,
921,10/21/2017,18:37:11,78146,7.882,,,,
922,10/21/2017,19:37:11,78262,7.882,,,,
923,10/21/2017,20:37:11,78325,7.782,,,,
924,10/21/2017,21:37:11,78356,7.682,,,,
925,10/21/2017,22:37:11,78403,7.582,,,,
926,10/21/2017,23:37:11,78367,7.481,,,,
927,10/22/2017,0:37:11,78414,7.381,,,,
928,10/22/2017,1:37:11,78447,7.381,,,,
929,10/22/2017,2:37:11,78411,7.28,,,,
930,10/22/2017,3:37:11,78411,7.28,,,,
931,10/22/2017,4:37:11,78458,7.179,,,,
932,10/22/2017,5:37:11,78554,7.079,,,,
933,10/22/2017,6:37:11,78554,7.079,,,,
934,10/22/2017,7:37:11,78535,6.978,,,,
935,10/22/2017,8:37:11,78601,6.978,,,,
936,10/22/2017,9:37:11,78634,6.978,,,,
937,10/22/2017,10:37:11,78651,6.978,,,,
938,10/22/2017,11:37:11,78651,6.978,,,,
939,10/22/2017,12:37:11,78604,7.079,,,,
940,10/22/2017,13:37:11,78620,7.079,,,,
941,10/22/2017,14:37:11,78557,7.179,,,,
942,10/22/2017,15:37:11,78590,7.179,,,,
943,10/22/2017,16:37:11,78590,7.179,,,,
944,10/22/2017,17:37:11,78640,7.179,,,,
945,10/22/2017,18:37:11,78675,7.28,,,,
946,10/22/2017,19:37:11,78741,7.28,,,,
947,10/22/2017,20:37:11,78791,7.28,,,,
948,10/22/2017,21:37:11,78821,7.179,,,,
949,10/22/2017,22:37:11,78772,7.179,,,,
950,10/22/2017,23:37:11,78755,7.179,,,,
951,10/23/2017,0:37:11,78739,7.179,,,,
952,10/23/2017,1:37:11,78719,7.079,,,,
953,10/23/2017,2:37:11,78752,7.079,,,,
954,10/23/2017,3:37:11,78750,6.978,,,,
955,10/23/2017,4:37:11,78750,6.978,,,,
956,10/23/2017,5:37:11,78764,6.877,,,,
957,10/23/2017,6:37:11,78764,6.877,,,,
958,10/23/2017,7:37:11,78761,6.775,,,,
959,10/23/2017,8:37:11,78778,6.775,,,,
960,10/23/2017,9:37:11,78811,6.775,,,,
961,10/23/2017,10:37:11,78844,6.775,,,,
962,10/23/2017,11:37:11,78846,6.877,,,,
963,10/23/2017,12:37:11,78780,6.877,,,,
964,10/23/2017,13:37:11,78750,6.978,,,,
965,10/23/2017,14:37:11,78717,6.978,,,,
966,10/23/2017,15:37:11,78703,7.079,,,,
967,10/23/2017,16:37:11,78703,7.079,,,,
968,10/23/2017,17:37:11,78719,7.079,,,,
969,10/23/2017,18:37:11,78788,7.179,,,,
970,10/23/2017,19:37:11,78838,7.179,,,,
971,10/23/2017,20:37:11,78871,7.179,,,,
972,10/23/2017,21:37:11,78904,7.179,,,,
973,10/23/2017,22:37:11,78951,7.079,,,,
974,10/23/2017,23:37:11,78951,7.079,,,,
975,10/24/2017,0:37:11,79000,7.079,,,,
976,10/24/2017,1:37:11,78967,7.079,,,,
977,10/24/2017,2:37:11,78964,6.978,,,,
978,10/24/2017,3:37:11,78997,6.978,,,,
979,10/24/2017,4:37:11,78981,6.978,,,,
980,10/24/2017,5:37:11,79011,6.877,,,,
981,10/24/2017,6:37:11,79028,6.877,,,,
982,10/24/2017,7:37:11,79058,6.775,,,,
983,10/24/2017,8:37:11,79105,6.674,,,,
984,10/24/2017,9:37:11,79089,6.674,,,,
985,10/24/2017,10:37:11,79039,6.674,,,,
986,10/24/2017,11:37:11,78992,6.775,,,,
987,10/24/2017,12:37:11,78929,6.877,,,,
988,10/24/2017,13:37:11,78863,6.877,,,,
989,10/24/2017,14:37:11,78799,6.978,,,,
990,10/24/2017,15:37:11,78799,6.978,,,,
991,10/24/2017,16:37:11,78802,7.079,,,,
992,10/24/2017,17:37:11,78835,7.079,,,,
993,10/24/2017,18:37:11,78868,7.079,,,,
994,10/24/2017,19:37:11,78918,7.079,,,,
995,10/24/2017,20:37:11,78951,7.079,,,,
996,10/24/2017,21:37:11,78984,7.079,,,,
997,10/24/2017,22:37:11,78997,6.978,,,,
998,10/24/2017,23:37:11,78997,6.978,,,,
999,10/25/2017,0:37:11,78981,6.978,,,,
1000,10/25/2017,1:37:11,78962,6.877,,,,
1001,10/25/2017,2:37:11,78962,6.877,,,,
1002,10/25/2017,3:37:11,78926,6.775,,,,
1003,10/25/2017,4:37:11,78910,6.775,,,,
1004,10/25/2017,5:37:11,78874,6.674,,,,
1005,10/25/2017,6:37:11,78857,6.674,,,,
1006,10/25/2017,7:37:11,78822,6.573,,,,
1007,10/25/2017,8:37:11,78855,6.573,,,,
1008,10/25/2017,9:37:11,78819,6.471,,,,
1009,10/25/2017,10:37:11,78770,6.471,,,,
1010,10/25/2017,11:37:11,78690,6.573,,,,
1011,10/25/2017,12:37:11,78593,6.674,,,,
1012,10/25/2017,13:37:11,78461,6.674,,,,
1013,10/25/2017,14:37:11,78365,6.775,,,,
1014,10/25/2017,15:37:11,78348,6.775,,,,
1015,10/25/2017,16:37:11,78285,6.877,,,,
1016,10/25/2017,17:37:11,78236,6.877,,,,
1017,10/25/2017,18:37:11,78236,6.877,,,,
1018,10/25/2017,19:37:11,78236,6.877,,,,
1019,10/25/2017,20:37:11,78186,6.877,,,,
1020,10/25/2017,21:37:11,78203,6.877,,,,
1021,10/25/2017,22:37:11,78150,6.775,,,,
1022,10/25/2017,23:37:11,78101,6.775,,,,
1023,10/26/2017,0:37:11,78049,6.674,,,,
1024,10/26/2017,1:37:11,78016,6.674,,,,
1025,10/26/2017,2:37:11,77983,6.674,,,,
1026,10/26/2017,3:37:11,77931,6.573,,,,
1027,10/26/2017,4:37:11,77931,6.573,,,,
1028,10/26/2017,5:37:11,77928,6.471,,,,
1029,10/26/2017,6:37:11,77945,6.471,,,,
1030,10/26/2017,7:37:11,77909,6.37,,,,
1031,10/26/2017,8:37:11,77906,6.268,,,,
1032,10/26/2017,9:37:11,77890,6.268,,,,
1033,10/26/2017,10:37:11,77840,6.268,,,,
1034,10/26/2017,11:37:11,77810,6.37,,,,
1035,10/26/2017,12:37:11,77730,6.471,,,,
1036,10/26/2017,13:37:11,77697,6.471,,,,
1037,10/26/2017,14:37:11,77683,6.573,,,,
1038,10/26/2017,15:37:11,77667,6.573,,,,
1039,10/26/2017,16:37:11,77733,6.573,,,,
1040,10/26/2017,17:37:11,77735,6.674,,,,
1041,10/26/2017,18:37:11,77768,6.674,,,,
1042,10/26/2017,19:37:11,77801,6.674,,,,
1043,10/26/2017,20:37:11,77867,6.674,,,,
1044,10/26/2017,21:37:11,77898,6.573,,,,
1045,10/26/2017,22:37:11,77914,6.573,,,,
1046,10/26/2017,23:37:11,77928,6.471,,,,
1047,10/27/2017,0:37:11,77961,6.471,,,,
1048,10/27/2017,1:37:11,77958,6.37,,,,
1049,10/27/2017,2:37:11,77975,6.37,,,,
1050,10/27/2017,3:37:11,77991,6.37,,,,
1051,10/27/2017,4:37:11,78005,6.268,,,,
1052,10/27/2017,5:37:11,78022,6.268,,,,
1053,10/27/2017,6:37:11,78019,6.166,,,,
1054,10/27/2017,7:37:11,78069,6.166,,,,
1055,10/27/2017,8:37:11,78102,6.166,,,,
1056,10/27/2017,9:37:11,78102,6.166,,,,
1057,10/27/2017,10:37:11,78071,6.268,,,,
1058,10/27/2017,11:37:11,78038,6.268,,,,
1059,10/27/2017,12:37:11,77989,6.268,,,,
1060,10/27/2017,13:37:11,77942,6.37,,,,
1061,10/27/2017,14:37:11,77909,6.37,,,,
1062,10/27/2017,15:37:11,77892,6.37,,,,
1063,10/27/2017,16:37:11,77879,6.471,,,,
1064,10/27/2017,17:37:11,77928,6.471,,,,
1065,10/27/2017,18:37:11,77961,6.471,,,,
1066,10/27/2017,19:37:11,77994,6.471,,,,
1067,10/27/2017,20:37:11,77991,6.37,,,,
1068,10/27/2017,21:37:11,78022,6.268,,,,
1069,10/27/2017,22:37:11,78038,6.268,,,,
1070,10/27/2017,23:37:11,78019,6.166,,,,
1071,10/28/2017,0:37:11,78019,6.166,,,,
1072,10/28/2017,1:37:11,77983,6.064,,,,
1073,10/28/2017,2:37:11,77983,6.064,,,,
1074,10/28/2017,3:37:11,78000,6.064,,,,
1075,10/28/2017,4:37:11,77997,5.962,,,,
1076,10/28/2017,5:37:11,78028,5.86,,,,
1077,10/28/2017,6:37:11,78028,5.86,,,,
1078,10/28/2017,7:37:11,78058,5.757,,,,
1079,10/28/2017,8:37:11,78107,5.757,,,,
1080,10/28/2017,9:37:11,78124,5.757,,,,
1081,10/28/2017,10:37:11,78058,5.757,,,,
1082,10/28/2017,11:37:11,78025,5.757,,,,
1083,10/28/2017,12:37:11,78011,5.86,,,,
1084,10/28/2017,13:37:11,77945,5.86,,,,
1085,10/28/2017,14:37:11,77931,5.962,,,,
1086,10/28/2017,15:37:11,77948,5.962,,,,
1087,10/28/2017,16:37:11,77948,5.962,,,,
1088,10/28/2017,17:37:11,77967,6.064,,,,
1089,10/28/2017,18:37:11,78033,6.064,,,,
1090,10/28/2017,19:37:11,78099,6.064,,,,
1091,10/28/2017,20:37:11,78099,6.064,,,,
1092,10/28/2017,21:37:11,78146,5.962,,,,
1093,10/28/2017,22:37:11,78162,5.962,,,,
1094,10/28/2017,23:37:11,78179,5.962,,,,
1095,10/29/2017,0:37:11,78176,5.86,,,,
1096,10/29/2017,1:37:11,78176,5.86,,,,
1097,10/29/2017,2:37:11,78140,5.757,,,,
1098,10/29/2017,3:37:11,78124,5.757,,,,
1099,10/29/2017,4:37:11,78105,5.655,,,,
1100,10/29/2017,5:37:11,78105,5.655,,,,
1101,10/29/2017,6:37:11,78102,5.552,,,,
1102,10/29/2017,7:37:11,78119,5.552,,,,
1103,10/29/2017,8:37:11,78132,5.45,,,,
1104,10/29/2017,9:37:11,78099,5.45,,,,
1105,10/29/2017,10:37:11,78000,5.45,,,,
1106,10/29/2017,11:37:11,77937,5.552,,,,
1107,10/29/2017,12:37:11,77921,5.552,,,,
1108,10/29/2017,13:37:11,77857,5.655,,,,
1109,10/29/2017,14:37:11,77808,5.655,,,,
1110,10/29/2017,15:37:11,77761,5.757,,,,
1111,10/29/2017,16:37:11,77778,5.757,,,,
1112,10/29/2017,17:37:11,77764,5.86,,,,
1113,10/29/2017,18:37:11,77830,5.86,,,,
1114,10/29/2017,19:37:11,77863,5.86,,,,
1115,10/29/2017,20:37:11,77846,5.86,,,,
1116,10/29/2017,21:37:11,77896,5.86,,,,
1117,10/29/2017,22:37:11,77863,5.86,,,,
1118,10/29/2017,23:37:11,77797,5.86,,,,
1119,10/30/2017,0:37:11,77778,5.757,,,,
1120,10/30/2017,1:37:11,77778,5.757,,,,
1121,10/30/2017,2:37:11,77794,5.757,,,,
1122,10/30/2017,3:37:11,77794,5.757,,,,
1123,10/30/2017,4:37:11,77758,5.655,,,,
1124,10/30/2017,5:37:11,77791,5.655,,,,
1125,10/30/2017,6:37:11,77805,5.552,,,,
1126,10/30/2017,7:37:11,77855,5.552,,,,
1127,10/30/2017,8:37:11,77869,5.45,,,,
1128,10/30/2017,9:37:11,77836,5.45,,,,
1129,10/30/2017,10:37:11,77803,5.45,,,,
1130,10/30/2017,11:37:11,77789,5.552,,,,
1131,10/30/2017,12:37:11,77725,5.655,,,,
1132,10/30/2017,13:37:11,77659,5.655,,,,
1133,10/30/2017,14:37:11,77643,5.655,,,,
1134,10/30/2017,15:37:11,77662,5.757,,,,
1135,10/30/2017,16:37:11,77679,5.757,,,,
1136,10/30/2017,17:37:11,77679,5.757,,,,
1137,10/30/2017,18:37:11,77747,5.86,,,,
1138,10/30/2017,19:37:11,77780,5.86,,,,
1139,10/30/2017,20:37:11,77846,5.86,,,,
1140,10/30/2017,21:37:11,77846,5.86,,,,
1141,10/30/2017,22:37:11,77879,5.86,,,,
1142,10/30/2017,23:37:11,77912,5.86,,,,
1143,10/31/2017,0:37:11,77879,5.86,,,,
1144,10/31/2017,1:37:11,77879,5.86,,,,
1145,10/31/2017,2:37:11,77827,5.757,,,,
1146,10/31/2017,3:37:11,77794,5.757,,,,
1147,10/31/2017,4:37:11,77794,5.757,,,,
1148,10/31/2017,5:37:11,77811,5.757,,,,
1149,10/31/2017,6:37:11,77794,5.757,,,,
1150,10/31/2017,7:37:11,77808,5.655,,,,
1151,10/31/2017,8:37:11,77824,5.655,,,,
1152,10/31/2017,9:37:11,77841,5.655,,,,
1153,10/31/2017,10:37:11,77824,5.655,,,,
1154,10/31/2017,11:37:11,77742,5.655,,,,
1155,10/31/2017,12:37:11,77679,5.757,,,,
1156,10/31/2017,13:37:11,77646,5.757,,,,
1157,10/31/2017,14:37:11,77580,5.757,,,,
1158,10/31/2017,15:37:11,77547,5.757,,,,
1159,10/31/2017,16:37:11,77533,5.86,,,,
1160,10/31/2017,17:37:11,77549,5.86,,,,
1161,10/31/2017,18:37:11,77582,5.86,,,,
1162,10/31/2017,19:37:11,77599,5.86,,,,
1163,10/31/2017,20:37:11,77632,5.86,,,,
1164,10/31/2017,21:37:11,77662,5.757,,,,
1165,10/31/2017,22:37:11,77662,5.757,,,,
1166,10/31/2017,23:37:11,77646,5.757,,,,
1167,11/1/2017,0:37:11,77629,5.757,,,,
1168,11/1/2017,1:37:11,77629,5.757,,,,
1169,11/1/2017,2:37:11,77662,5.757,,,,
1170,11/1/2017,3:37:11,77627,5.655,,,,
1171,11/1/2017,4:37:11,77594,5.655,,,,
1172,11/1/2017,5:37:11,77577,5.655,,,,
1173,11/1/2017,6:37:11,77574,5.552,,,,
1174,11/1/2017,7:37:11,77591,5.552,,,,
1175,11/1/2017,8:37:11,77640,5.552,,,,
1176,11/1/2017,9:37:11,77673,5.552,,,,
1177,11/1/2017,10:37:11,77673,5.552,,,,
1178,11/1/2017,11:37:11,77659,5.655,,,,
1179,11/1/2017,12:37:11,77627,5.655,,,,
1180,11/1/2017,13:37:11,77563,5.757,,,,
1181,11/1/2017,14:37:11,77530,5.757,,,,
1182,11/1/2017,15:37:11,77530,5.757,,,,
1183,11/1/2017,16:37:11,77533,5.86,,,,
1184,11/1/2017,17:37:11,77549,5.86,,,,
1185,11/1/2017,18:37:11,77582,5.86,,,,
1186,11/1/2017,19:37:11,77684,5.962,,,,
1187,11/1/2017,20:37:11,77698,5.86,,,,
1188,11/1/2017,21:37:11,77714,5.86,,,,
1189,11/1/2017,22:37:11,77764,5.86,,,,
1190,11/1/2017,23:37:11,77811,5.757,,,,
1191,11/2/2017,0:37:11,77811,5.757,,,,
1192,11/2/2017,1:37:11,77811,5.757,,,,
1193,11/2/2017,2:37:11,77811,5.757,,,,
1194,11/2/2017,3:37:11,77860,5.757,,,,
1195,11/2/2017,4:37:11,77860,5.757,,,,
1196,11/2/2017,5:37:11,77877,5.757,,,,
1197,11/2/2017,6:37:11,77926,5.757,,,,
1198,11/2/2017,7:37:11,77942,5.757,,,,
1199,11/2/2017,8:37:11,78039,5.655,,,,
1200,11/2/2017,9:37:11,78039,5.655,,,,
1201,11/2/2017,10:37:11,78055,5.655,,,,
1202,11/2/2017,11:37:11,78058,5.757,,,,
1203,11/2/2017,12:37:11,78008,5.757,,,,
1204,11/2/2017,13:37:11,77992,5.757,,,,
1205,11/2/2017,14:37:11,78028,5.86,,,,
1206,11/2/2017,15:37:11,78011,5.86,,,,
1207,11/2/2017,16:37:11,78061,5.86,,,,
1208,11/2/2017,17:37:11,78080,5.962,,,,
1209,11/2/2017,18:37:11,78113,5.962,,,,
1210,11/2/2017,19:37:11,78162,5.962,,,,
1211,11/2/2017,20:37:11,78212,5.962,,,,
1212,11/2/2017,21:37:11,78259,5.86,,,,
1213,11/2/2017,22:37:11,78308,5.86,,,,
1214,11/2/2017,23:37:11,78305,5.757,,,,
1215,11/3/2017,0:37:11,78272,5.757,,,,
1216,11/3/2017,1:37:11,78289,5.757,,,,
1217,11/3/2017,2:37:11,78303,5.655,,,,
1218,11/3/2017,3:37:11,78303,5.655,,,,
1219,11/3/2017,4:37:11,78284,5.552,,,,
1220,11/3/2017,5:37:11,78317,5.552,,,,
1221,11/3/2017,6:37:11,78297,5.45,,,,
1222,11/3/2017,7:37:11,78314,5.45,,,,
1223,11/3/2017,8:37:11,78295,5.347,,,,
1224,11/3/2017,9:37:11,78311,5.347,,,,
1225,11/3/2017,10:37:11,78328,5.347,,,,
1226,11/3/2017,11:37:11,78297,5.45,,,,
1227,11/3/2017,12:37:11,78264,5.45,,,,
1228,11/3/2017,13:37:11,78152,5.552,,,,
1229,11/3/2017,14:37:11,78102,5.552,,,,
1230,11/3/2017,15:37:11,78086,5.552,,,,
1231,11/3/2017,16:37:11,78088,5.655,,,,
1232,11/3/2017,17:37:11,78088,5.655,,,,
1233,11/3/2017,18:37:11,78154,5.655,,,,
1234,11/3/2017,19:37:11,78204,5.655,,,,
1235,11/3/2017,20:37:11,78204,5.655,,,,
1236,11/3/2017,21:37:11,78237,5.655,,,,
1237,11/3/2017,22:37:11,78234,5.552,,,,
1238,11/3/2017,23:37:11,78251,5.552,,,,
1239,11/4/2017,0:37:11,78234,5.552,,,,
1240,11/4/2017,1:37:11,78234,5.552,,,,
1241,11/4/2017,2:37:11,78267,5.552,,,,
1242,11/4/2017,3:37:11,78201,5.552,,,,
1243,11/4/2017,4:37:11,78201,5.552,,,,
1244,11/4/2017,5:37:11,78234,5.552,,,,
1245,11/4/2017,6:37:11,78218,5.552,,,,
1246,11/4/2017,7:37:11,78201,5.552,,,,
1247,11/4/2017,8:37:11,78234,5.552,,,,
1248,11/4/2017,9:37:11,78215,5.45,,,,
1249,11/4/2017,10:37:11,78168,5.552,,,,
1250,11/4/2017,11:37:11,78152,5.552,,,,
1251,11/4/2017,12:37:11,78102,5.552,,,,
1252,11/4/2017,13:37:11,77987,5.552,,,,
1253,11/4/2017,14:37:11,77937,5.552,,,,
1254,11/4/2017,15:37:11,77874,5.655,,,,
1255,11/4/2017,16:37:11,77874,5.655,,,,
1256,11/4/2017,17:37:11,77841,5.655,,,,
1257,11/4/2017,18:37:11,77824,5.655,,,,
1258,11/4/2017,19:37:11,77841,5.655,,,,
1259,11/4/2017,20:37:11,77824,5.655,,,,
1260,11/4/2017,21:37:11,77824,5.655,,,,
1261,11/4/2017,22:37:11,77844,5.757,,,,
1262,11/4/2017,23:37:11,77844,5.757,,,,
1263,11/5/2017,0:37:11,77844,5.757,,,,
1264,11/5/2017,1:37:11,77846,5.86,,,,
1265,11/5/2017,2:37:11,77830,5.86,,,,
1266,11/5/2017,3:37:11,77846,5.86,,,,
1267,11/5/2017,4:37:11,77813,5.86,,,,
1268,11/5/2017,5:37:11,77849,5.962,,,,
1269,11/5/2017,6:37:11,77865,5.962,,,,
1270,11/5/2017,7:37:11,77865,5.962,,,,
1271,11/5/2017,8:37:11,77915,5.962,,,,
1272,11/5/2017,9:37:11,77981,5.962,,,,
1273,11/5/2017,10:37:11,77964,5.962,,,,
1274,11/5/2017,11:37:11,77948,5.962,,,,
1275,11/5/2017,12:37:11,77917,6.064,,,,
1276,11/5/2017,13:37:11,77868,6.064,,,,
1277,11/5/2017,14:37:11,77818,6.064,,,,
1278,11/5/2017,15:37:11,77818,6.064,,,,
1279,11/5/2017,16:37:11,77821,6.166,,,,
1280,11/5/2017,17:37:11,77838,6.166,,,,
1281,11/5/2017,18:37:11,77887,6.166,,,,
1282,11/5/2017,19:37:11,77904,6.166,,,,
1283,11/5/2017,20:37:11,77937,6.166,,,,
1284,11/5/2017,21:37:11,77983,6.064,,,,
1285,11/5/2017,22:37:11,78000,6.064,,,,
1286,11/5/2017,23:37:11,78000,6.064,,,,
1287,11/6/2017,0:37:11,77981,5.962,,,,
1288,11/6/2017,1:37:11,77997,5.962,,,,
1289,11/6/2017,2:37:11,77995,5.86,,,,
1290,11/6/2017,3:37:11,77995,5.86,,,,
1291,11/6/2017,4:37:11,78008,5.757,,,,
1292,11/6/2017,5:37:11,78025,5.757,,,,
1293,11/6/2017,6:37:11,78039,5.655,,,,
1294,11/6/2017,7:37:11,78088,5.655,,,,
1295,11/6/2017,8:37:11,78135,5.552,,,,
1296,11/6/2017,9:37:11,78135,5.552,,,,
1297,11/6/2017,10:37:11,78119,5.552,,,,
1298,11/6/2017,11:37:11,78088,5.655,,,,
1299,11/6/2017,12:37:11,78072,5.655,,,,
1300,11/6/2017,13:37:11,78055,5.655,,,,
1301,11/6/2017,14:37:11,77992,5.757,,,,
1302,11/6/2017,15:37:11,77942,5.757,,,,
1303,11/6/2017,16:37:11,77942,5.757,,,,
1304,11/6/2017,17:37:11,77992,5.757,,,,
1305,11/6/2017,18:37:11,77995,5.86,,,,
1306,11/6/2017,19:37:11,78044,5.86,,,,
1307,11/6/2017,20:37:11,78044,5.86,,,,
1308,11/6/2017,21:37:11,78061,5.86,,,,
1309,11/6/2017,22:37:11,78096,5.962,,,,
1310,11/6/2017,23:37:11,78113,5.962,,,,
1311,11/7/2017,0:37:11,78146,5.962,,,,
1312,11/7/2017,1:37:11,78146,5.962,,,,
1313,11/7/2017,2:37:11,78148,6.064,,,,
1314,11/7/2017,3:37:11,78148,6.064,,,,
1315,11/7/2017,4:37:11,78148,6.064,,,,
1316,11/7/2017,5:37:11,78132,6.064,,,,
1317,11/7/2017,6:37:11,78132,6.064,,,,
1318,11/7/2017,7:37:11,78165,6.064,,,,
1319,11/7/2017,8:37:11,78231,6.064,,,,
1320,11/7/2017,9:37:11,78297,6.064,,,,
1321,11/7/2017,10:37:11,78330,6.064,,,,
1322,11/7/2017,11:37:11,78297,6.064,,,,
1323,11/7/2017,12:37:11,78231,6.064,,,,
1324,11/7/2017,13:37:11,78151,6.166,,,,
1325,11/7/2017,14:37:11,78118,6.166,,,,
1326,11/7/2017,15:37:11,78135,6.166,,,,
1327,11/7/2017,16:37:11,78151,6.166,,,,
1328,11/7/2017,17:37:11,78168,6.166,,,,
1329,11/7/2017,18:37:11,78184,6.166,,,,
1330,11/7/2017,19:37:11,78184,6.166,,,,
1331,11/7/2017,20:37:11,78151,6.166,,,,
1332,11/7/2017,21:37:11,78151,6.166,,,,
1333,11/7/2017,22:37:11,78184,6.166,,,,
1334,11/7/2017,23:37:11,78181,6.064,,,,
1335,11/8/2017,0:37:11,78181,6.064,,,,
1336,11/8/2017,1:37:11,78181,6.064,,,,
1337,11/8/2017,2:37:11,78214,6.064,,,,
1338,11/8/2017,3:37:11,78214,6.064,,,,
1339,11/8/2017,4:37:11,78214,6.064,,,,
1340,11/8/2017,5:37:11,78245,5.962,,,,
1341,11/8/2017,6:37:11,78245,5.962,,,,
1342,11/8/2017,7:37:11,78275,5.86,,,,
1343,11/8/2017,8:37:11,78325,5.86,,,,
1344,11/8/2017,9:37:11,78355,5.757,,,,
1345,11/8/2017,10:37:11,78338,5.757,,,,
1346,11/8/2017,11:37:11,78338,5.757,,,,
1347,11/8/2017,12:37:11,78325,5.86,,,,
1348,11/8/2017,13:37:11,78275,5.86,,,,
1349,11/8/2017,14:37:11,78226,5.86,,,,
1350,11/8/2017,15:11:24,,,,Logged,,
1351,11/8/2017,15:11:37,,,,,Logged,Logged
