Plot Title: 1208164,,,,,,
#,"Date Time, GMT-06:00","Date Time, GMT-06:00","Temp, °C (LGR S/N: 1208164, SEN S/N: 1208164)","Intensity, Lux (LGR S/N: 1208164, SEN S/N: 1208164)","Batt, V (LGR S/N: 1208164, SEN S/N: 1208164)",End Of File (LGR S/N: 1208164)
1,7/6/2010,14:00:00,14.23,209423.6,3.27,
2,7/6/2010,17:00:00,9.669,15155.7,3.22,
3,7/6/2010,20:00:00,8.182,107.6,3.22,
4,7/6/2010,23:00:00,7.582,0,3.19,
5,7/7/2010,2:00:00,6.978,0,3.17,
6,7/7/2010,5:00:00,6.471,0,3.14,
7,7/7/2010,8:00:00,6.674,1119.5,3.14,
8,7/7/2010,11:00:00,9.866,16533.4,3.12,
9,7/7/2010,14:00:00,7.481,1248.6,3.12,
10,7/7/2010,17:00:00,7.682,538.2,3.12,
11,7/7/2010,20:00:00,7.28,549,3.1,
12,7/7/2010,23:00:00,6.573,0,3.1,
13,7/8/2010,2:00:00,6.37,0,3.08,
14,7/8/2010,5:00:00,5.962,0,3.08,
15,7/8/2010,8:00:00,6.166,1377.8,3.08,
16,7/8/2010,11:00:00,8.481,52355.9,3.08,
17,7/8/2010,14:00:00,11.139,10677.8,3.08,
18,7/8/2010,17:00:00,8.879,4477.8,3.08,
19,7/8/2010,20:00:00,8.182,118.4,3.08,
20,7/8/2010,23:00:00,7.782,0,3.05,
21,7/9/2010,2:00:00,7.381,0,3.05,
22,7/9/2010,5:00:00,7.079,0,3.05,
23,7/9/2010,8:00:00,6.978,1280.9,3.03,
24,7/9/2010,11:00:00,9.176,85422.8,3.05,
25,7/9/2010,14:00:00,8.879,2927.8,3.05,
26,7/9/2010,17:00:00,8.978,3788.9,3.03,
27,7/9/2010,20:00:00,8.282,75.3,3.03,
28,7/9/2010,23:00:00,7.782,0,3.03,
29,7/10/2010,2:00:00,7.582,0,3.03,
30,7/10/2010,5:00:00,7.28,0,3.01,
31,7/10/2010,8:00:00,7.28,1334.7,3.01,
32,7/10/2010,11:00:00,8.282,7577.8,3.01,
33,7/10/2010,14:00:00,13.846,88178.4,3.01,
34,7/10/2010,17:00:00,9.866,3961.1,3.01,
35,7/10/2010,20:00:00,8.978,215.3,3.01,
36,7/10/2010,23:00:00,8.581,0,3.01,
37,7/11/2010,2:00:00,8.182,0,3.01,
38,7/11/2010,5:00:00,7.882,0,3.01,
39,7/11/2010,8:00:00,7.983,3444.5,2.99,
40,7/11/2010,11:00:00,9.571,13777.9,3.01,
41,7/11/2010,14:00:00,9.571,23422.4,3.01,
42,7/11/2010,17:00:00,9.275,4477.8,3.01,
43,7/11/2010,20:00:00,8.779,355.2,2.99,
44,7/11/2010,23:00:00,8.282,0,2.99,
45,7/12/2010,2:00:00,7.782,0,2.99,
46,7/12/2010,5:00:00,7.381,0,2.99,
47,7/12/2010,8:00:00,7.28,667.4,2.99,
48,7/12/2010,11:00:00,10.357,16533.4,2.97,
49,7/12/2010,14:00:00,14.709,77156.1,2.99,
50,7/12/2010,17:00:00,10.553,1377.8,2.97,
51,7/12/2010,20:00:00,9.373,86.1,2.99,
52,7/12/2010,23:00:00,8.581,0,2.99,
53,7/13/2010,2:00:00,8.082,0,2.97,
54,7/13/2010,5:00:00,7.582,0,2.97,
55,7/13/2010,8:00:00,7.582,624.3,2.97,
56,7/13/2010,11:00:00,11.334,15155.7,2.97,
57,7/13/2010,14:00:00,13.558,52355.9,2.97,
58,7/13/2010,17:00:00,9.866,2152.8,2.97,
59,7/13/2010,20:00:00,9.373,86.1,2.99,
60,7/13/2010,23:00:00,8.978,0,2.97,
61,7/14/2010,2:00:00,8.581,0,2.97,
62,7/14/2010,5:00:00,8.182,0,2.97,
63,7/14/2010,8:00:00,8.182,1248.6,2.97,
64,7/14/2010,11:00:00,9.768,8611.2,2.95,
65,7/14/2010,14:00:00,9.373,1463.9,2.97,
66,7/14/2010,17:00:00,9.571,2583.4,2.97,
67,7/14/2010,20:00:00,9.472,32.3,2.97,
68,7/14/2010,23:00:00,9.176,0,2.97,
69,7/15/2010,2:00:00,8.779,0,2.97,
70,7/15/2010,5:00:00,8.481,0,2.97,
71,7/15/2010,8:00:00,8.481,1280.9,2.97,
72,7/15/2010,11:00:00,12.11,30311.3,2.97,
73,7/15/2010,14:00:00,10.846,5338.9,2.95,
74,7/15/2010,17:00:00,10.651,3444.5,2.95,
75,7/15/2010,20:00:00,9.965,172.2,2.95,
76,7/15/2010,23:00:00,9.472,0,2.97,
77,7/16/2010,2:00:00,8.978,0,2.97,
78,7/16/2010,5:00:00,8.382,0,2.97,
79,7/16/2010,8:00:00,8.282,624.3,2.95,
80,7/16/2010,11:00:00,12.401,49600.3,2.95,
81,7/16/2010,14:00:00,9.866,495.1,2.95,
82,7/16/2010,17:00:00,10.161,5166.7,2.95,
83,7/16/2010,20:00:00,9.571,376.7,2.97,
84,7/16/2010,23:00:00,8.779,0,2.97,
85,7/17/2010,2:00:00,8.481,0,2.95,
86,7/17/2010,5:00:00,8.082,0,2.95,
87,7/17/2010,8:00:00,7.983,656.6,2.95,
88,7/17/2010,11:00:00,11.528,77156.1,2.95,
89,7/17/2010,14:00:00,12.013,6200,2.97,
90,7/17/2010,17:00:00,10.944,882.6,2.95,
91,7/17/2010,20:00:00,10.063,129.2,2.95,
92,7/17/2010,23:00:00,9.373,0,2.97,
93,7/18/2010,2:00:00,8.581,0,2.97,
94,7/18/2010,5:00:00,8.282,0,2.95,
95,7/18/2010,8:00:00,8.082,645.8,2.95,
96,7/18/2010,11:00:00,11.431,79911.6,2.95,
97,7/18/2010,14:00:00,10.259,3788.9,2.95,
98,7/18/2010,17:00:00,10.161,1345.5,2.95,
99,7/18/2010,20:00:00,9.669,279.9,2.95,
100,7/18/2010,23:00:00,9.077,0,2.97,
101,7/19/2010,2:00:00,8.581,0,2.95,
102,7/19/2010,5:00:00,8.182,0,2.95,
103,7/19/2010,8:00:00,8.082,592,2.95,
104,7/19/2010,11:00:00,11.236,63378.2,2.95,
105,7/19/2010,14:00:00,10.748,839.6,2.95,
106,7/19/2010,17:00:00,10.455,1119.5,2.95,
107,7/19/2010,20:00:00,10.063,183,2.95,
108,7/19/2010,23:00:00,9.571,0,2.97,
109,7/20/2010,2:00:00,9.275,0,2.97,
110,7/20/2010,5:00:00,8.779,0,2.95,
111,7/20/2010,8:00:00,8.581,678.1,2.95,
112,7/20/2010,11:00:00,11.431,55111.5,2.95,
113,7/20/2010,14:00:00,10.553,688.9,2.95,
114,7/20/2010,17:00:00,10.259,2497.2,2.95,
115,7/20/2010,20:00:00,9.472,161.5,2.97,
116,7/20/2010,23:00:00,9.077,0,2.95,
117,7/21/2010,2:00:00,8.978,0,2.95,
118,7/21/2010,5:00:00,8.581,0,2.95,
119,7/21/2010,8:00:00,8.282,602.8,2.95,
120,7/21/2010,11:00:00,10.553,16533.4,2.95,
121,7/21/2010,14:00:00,11.819,5511.1,2.95,
122,7/21/2010,17:00:00,10.944,2927.8,2.95,
123,7/21/2010,20:00:00,10.063,301.4,2.95,
124,7/21/2010,23:00:00,9.373,0,2.97,
125,7/22/2010,2:00:00,8.879,0,2.95,
126,7/22/2010,5:00:00,8.082,0,2.95,
127,7/22/2010,8:00:00,8.282,3272.2,2.95,
128,7/22/2010,11:00:00,9.373,6200,2.95,
129,7/22/2010,14:00:00,9.472,2152.8,2.95,
130,7/22/2010,17:00:00,9.571,1808.3,2.95,
131,7/22/2010,20:00:00,8.978,312.2,2.95,
132,7/22/2010,23:00:00,8.581,0,2.95,
133,7/23/2010,2:00:00,8.382,0,2.95,
134,7/23/2010,5:00:00,7.782,0,2.95,
135,7/23/2010,8:00:00,7.782,1076.4,2.95,
136,7/23/2010,11:00:00,9.669,19977.9,2.93,
137,7/23/2010,14:00:00,9.275,721.2,2.95,
138,7/23/2010,17:00:00,9.373,1324,2.95,
139,7/23/2010,20:00:00,8.481,75.3,2.95,
140,7/23/2010,23:00:00,8.382,0,2.95,
141,7/24/2010,2:00:00,7.882,0,2.95,
142,7/24/2010,5:00:00,7.782,0,2.95,
143,7/24/2010,8:00:00,7.882,1894.5,2.95,
144,7/24/2010,11:00:00,9.373,22044.6,2.95,
145,7/24/2010,14:00:00,9.176,1808.3,2.95,
146,7/24/2010,17:00:00,9.571,4477.8,2.95,
147,7/24/2010,20:00:00,8.68,247.6,2.95,
148,7/24/2010,23:00:00,8.282,0,2.95,
149,7/25/2010,2:00:00,7.983,0,2.95,
150,7/25/2010,5:00:00,7.782,0,2.95,
151,7/25/2010,8:00:00,7.882,1130.2,2.95,
152,7/25/2010,11:00:00,8.68,2927.8,2.95,
153,7/25/2010,14:00:00,9.571,4650,2.95,
154,7/25/2010,17:00:00,8.978,1173.3,2.95,
155,7/25/2010,20:00:00,8.68,0,2.95,
156,7/25/2010,23:00:00,8.182,0,2.95,
157,7/26/2010,2:00:00,7.782,0,2.95,
158,7/26/2010,5:00:00,7.582,0,2.95,
159,7/26/2010,8:00:00,7.582,1087.2,2.95,
160,7/26/2010,11:00:00,7.983,1894.5,2.95,
161,7/26/2010,14:00:00,9.275,9644.5,2.95,
162,7/26/2010,17:00:00,8.779,667.4,2.95,
163,7/26/2010,20:00:00,8.182,64.6,2.95,
164,7/26/2010,23:00:00,7.782,0,2.95,
165,7/27/2010,2:00:00,7.582,0,2.95,
166,7/27/2010,5:00:00,7.179,0,2.95,
167,7/27/2010,8:00:00,7.079,419.8,2.95,
168,7/27/2010,11:00:00,8.182,18600.1,2.95,
169,7/27/2010,14:00:00,9.373,2583.4,2.95,
170,7/27/2010,17:00:00,9.373,1356.3,2.95,
171,7/27/2010,20:00:00,8.68,43.1,2.95,
172,7/27/2010,23:00:00,8.382,0,2.95,
173,7/28/2010,2:00:00,8.282,0,2.95,
174,7/28/2010,5:00:00,7.782,0,2.95,
175,7/28/2010,8:00:00,7.782,1227.1,2.95,
176,7/28/2010,11:00:00,9.275,6200,2.95,
177,7/28/2010,14:00:00,9.965,3616.7,2.95,
178,7/28/2010,17:00:00,9.571,3616.7,2.95,
179,7/28/2010,20:00:00,8.779,32.3,2.95,
180,7/28/2010,23:00:00,8.68,0,2.95,
181,7/29/2010,2:00:00,8.282,0,2.95,
182,7/29/2010,5:00:00,7.682,0,2.95,
183,7/29/2010,8:00:00,7.582,441.3,2.95,
184,7/29/2010,11:00:00,11.916,7233.4,2.95,
185,7/29/2010,14:00:00,14.517,34444.7,2.95,
186,7/29/2010,17:00:00,9.571,2497.2,2.97,
187,7/29/2010,20:00:00,8.779,10.8,2.95,
188,7/29/2010,23:00:00,8.382,0,2.95,
189,7/30/2010,2:00:00,8.082,0,2.95,
190,7/30/2010,5:00:00,7.782,0,2.95,
191,7/30/2010,8:00:00,7.782,462.9,2.95,
192,7/30/2010,11:00:00,8.581,1550,2.95,
193,7/30/2010,14:00:00,13.558,60622.6,2.95,
194,7/30/2010,17:00:00,9.571,3788.9,2.95,
195,7/30/2010,20:00:00,8.779,118.4,2.95,
196,7/30/2010,23:00:00,8.382,0,2.95,
197,7/31/2010,2:00:00,8.182,0,2.95,
198,7/31/2010,5:00:00,7.983,0,2.95,
199,7/31/2010,8:00:00,7.782,484.4,2.95,
200,7/31/2010,11:00:00,8.879,3100,2.95,
201,7/31/2010,14:00:00,14.23,88178.4,2.95,
202,7/31/2010,17:00:00,9.965,2755.6,2.95,
203,7/31/2010,20:00:00,9.077,0,2.97,
204,7/31/2010,23:00:00,8.68,0,2.95,
205,8/1/2010,2:00:00,8.282,0,2.95,
206,8/1/2010,5:00:00,7.782,0,2.95,
207,8/1/2010,8:00:00,7.481,441.3,2.95,
208,8/1/2010,11:00:00,11.334,26178,2.95,
209,8/1/2010,14:00:00,14.613,33066.9,2.95,
210,8/1/2010,17:00:00,10.063,2927.8,2.95,
211,8/1/2010,20:00:00,9.077,53.8,2.97,
212,8/1/2010,23:00:00,8.282,0,2.95,
213,8/2/2010,2:00:00,7.782,0,2.95,
214,8/2/2010,5:00:00,7.381,0,2.95,
215,8/2/2010,8:00:00,7.179,462.9,2.95,
216,8/2/2010,11:00:00,7.983,1722.2,2.95,
217,8/2/2010,14:00:00,9.077,1722.2,2.95,
218,8/2/2010,17:00:00,9.077,828.8,2.95,
219,8/2/2010,20:00:00,8.382,118.4,2.95,
220,8/2/2010,23:00:00,7.983,0,2.95,
221,8/3/2010,2:00:00,7.582,0,2.95,
222,8/3/2010,5:00:00,7.381,0,2.95,
223,8/3/2010,8:00:00,7.179,473.6,2.95,
224,8/3/2010,11:00:00,10.259,20666.8,2.93,
225,8/3/2010,14:00:00,12.497,137778.7,2.95,
226,8/3/2010,17:00:00,9.571,3616.7,2.97,
227,8/3/2010,20:00:00,8.779,10.8,2.95,
228,8/3/2010,23:00:00,8.182,0,2.95,
229,8/4/2010,2:00:00,7.782,0,2.95,
230,8/4/2010,5:00:00,7.381,0,2.95,
231,8/4/2010,8:00:00,7.582,1894.5,2.95,
232,8/4/2010,11:00:00,11.528,24800.2,2.95,
233,8/4/2010,14:00:00,8.978,2669.5,2.95,
234,8/4/2010,17:00:00,8.978,2066.7,2.95,
235,8/4/2010,20:00:00,8.779,21.5,2.95,
236,8/4/2010,23:00:00,8.282,0,2.95,
237,8/5/2010,2:00:00,7.983,0,2.95,
238,8/5/2010,5:00:00,7.682,0,2.95,
239,8/5/2010,8:00:00,7.782,2066.7,2.95,
240,8/5/2010,11:00:00,10.651,23422.4,2.95,
241,8/5/2010,14:00:00,10.259,5166.7,2.95,
242,8/5/2010,17:00:00,9.768,2927.8,2.95,
243,8/5/2010,20:00:00,9.077,139.9,2.97,
244,8/5/2010,23:00:00,8.182,0,2.95,
245,8/6/2010,2:00:00,7.582,0,2.95,
246,8/6/2010,5:00:00,7.079,0,2.95,
247,8/6/2010,8:00:00,7.079,462.9,2.95,
248,8/6/2010,11:00:00,12.207,20666.8,2.95,
249,8/6/2010,14:00:00,12.787,6544.5,2.95,
250,8/6/2010,17:00:00,9.275,1894.5,2.97,
251,8/6/2010,20:00:00,8.879,32.3,2.97,
252,8/6/2010,23:00:00,8.382,0,2.95,
253,8/7/2010,2:00:00,8.182,0,2.95,
254,8/7/2010,5:00:00,7.983,0,2.95,
255,8/7/2010,8:00:00,7.682,688.9,2.95,
256,8/7/2010,11:00:00,12.013,3961.1,2.95,
257,8/7/2010,14:00:00,12.594,15844.5,2.95,
258,8/7/2010,17:00:00,9.768,796.5,2.95,
259,8/7/2010,20:00:00,8.978,0,2.97,
260,8/7/2010,23:00:00,8.481,0,2.95,
261,8/8/2010,2:00:00,7.983,0,2.95,
262,8/8/2010,5:00:00,7.481,0,2.95,
263,8/8/2010,8:00:00,7.381,419.8,2.95,
264,8/8/2010,11:00:00,12.787,17222.3,2.95,
265,8/8/2010,14:00:00,12.013,3616.7,2.95,
266,8/8/2010,17:00:00,10.063,1980.6,2.95,
267,8/8/2010,20:00:00,9.472,10.8,2.97,
268,8/8/2010,23:00:00,8.879,0,2.97,
269,8/9/2010,2:00:00,8.382,0,2.95,
270,8/9/2010,5:00:00,7.782,0,2.95,
271,8/9/2010,8:00:00,7.782,441.3,2.95,
272,8/9/2010,11:00:00,9.077,2066.7,2.95,
273,8/9/2010,14:00:00,9.373,3961.1,2.97,
274,8/9/2010,17:00:00,9.373,1291.7,2.97,
275,8/9/2010,20:00:00,8.68,10.8,2.95,
276,8/9/2010,23:00:00,7.983,0,2.95,
277,8/10/2010,2:00:00,7.381,0,2.95,
278,8/10/2010,5:00:00,7.381,0,2.95,
279,8/10/2010,8:00:00,7.582,742.7,2.95,
280,8/10/2010,11:00:00,11.819,18600.1,2.95,
281,8/10/2010,14:00:00,9.866,4305.6,2.95,
282,8/10/2010,17:00:00,9.866,1636.1,2.95,
283,8/10/2010,20:00:00,9.176,10.8,2.97,
284,8/10/2010,23:00:00,8.282,0,2.95,
285,8/11/2010,2:00:00,7.582,0,2.95,
286,8/11/2010,5:00:00,7.582,0,2.95,
287,8/11/2010,8:00:00,7.481,516.7,2.95,
288,8/11/2010,11:00:00,12.98,18600.1,2.95,
289,8/11/2010,14:00:00,10.651,11711.2,2.95,
290,8/11/2010,17:00:00,9.669,925.7,2.95,
291,8/11/2010,20:00:00,9.176,0,2.97,
292,8/11/2010,23:00:00,8.779,0,2.97,
293,8/12/2010,2:00:00,8.581,0,2.95,
294,8/12/2010,5:00:00,8.481,0,2.95,
295,8/12/2010,8:00:00,8.282,796.5,2.95,
296,8/12/2010,11:00:00,10.944,2927.8,2.95,
297,8/12/2010,14:00:00,10.846,4994.5,2.95,
298,8/12/2010,17:00:00,10.063,2238.9,2.95,
299,8/12/2010,20:00:00,9.472,21.5,2.97,
300,8/12/2010,23:00:00,8.779,0,2.97,
301,8/13/2010,2:00:00,8.282,0,2.95,
302,8/13/2010,5:00:00,7.882,0,2.95,
303,8/13/2010,8:00:00,7.782,376.7,2.95,
304,8/13/2010,11:00:00,13.654,18600.1,2.95,
305,8/13/2010,14:00:00,12.013,11711.2,2.95,
306,8/13/2010,17:00:00,10.455,645.8,2.95,
307,8/13/2010,20:00:00,9.571,10.8,2.97,
308,8/13/2010,23:00:00,8.481,0,2.97,
309,8/14/2010,2:00:00,7.582,0,2.95,
310,8/14/2010,5:00:00,7.079,0,2.95,
311,8/14/2010,8:00:00,7.179,419.8,2.95,
312,8/14/2010,11:00:00,9.866,5338.9,2.95,
313,8/14/2010,14:00:00,11.819,10677.8,2.95,
314,8/14/2010,17:00:00,10.455,2238.9,2.95,
315,8/14/2010,20:00:00,9.669,0,2.95,
316,8/14/2010,23:00:00,8.779,0,2.97,
317,8/15/2010,2:00:00,8.082,0,2.95,
318,8/15/2010,5:00:00,7.782,0,2.95,
319,8/15/2010,8:00:00,7.882,376.7,2.95,
320,8/15/2010,11:00:00,9.176,3616.7,2.97,
321,8/15/2010,14:00:00,10.161,2497.2,2.95,
322,8/15/2010,17:00:00,9.866,183,2.95,
323,8/15/2010,20:00:00,9.373,0,2.97,
324,8/15/2010,23:00:00,8.879,0,2.97,
325,8/16/2010,2:00:00,8.581,0,2.95,
326,8/16/2010,5:00:00,8.182,0,2.95,
327,8/16/2010,8:00:00,8.182,150.7,2.95,
328,8/16/2010,11:00:00,10.063,12400.1,2.95,
329,8/16/2010,14:00:00,10.357,4994.5,2.95,
330,8/16/2010,17:00:00,10.455,2669.5,2.95,
331,8/16/2010,20:00:00,9.077,0,2.97,
332,8/16/2010,23:00:00,8.68,0,2.97,
333,8/17/2010,2:00:00,8.382,0,2.95,
334,8/17/2010,5:00:00,7.983,0,2.95,
335,8/17/2010,8:00:00,7.582,419.8,2.95,
336,8/17/2010,11:00:00,13.269,15155.7,2.95,
337,8/17/2010,14:00:00,14.038,33066.9,2.97,
338,8/17/2010,17:00:00,9.965,731.9,2.95,
339,8/17/2010,20:00:00,9.077,0,2.97,
340,8/17/2010,23:00:00,8.382,0,2.97,
341,8/18/2010,2:00:00,8.082,0,2.95,
342,8/18/2010,5:00:00,7.782,0,2.95,
343,8/18/2010,8:00:00,7.582,430.6,2.95,
344,8/18/2010,11:00:00,13.076,14466.8,2.95,
345,8/18/2010,14:00:00,13.558,19977.9,2.97,
346,8/18/2010,17:00:00,10.161,3100,2.95,
347,8/18/2010,20:00:00,9.275,0,2.97,
348,8/18/2010,23:00:00,8.879,0,2.97,
349,8/19/2010,2:00:00,8.481,0,2.97,
350,8/19/2010,5:00:00,8.082,0,2.95,
351,8/19/2010,8:00:00,7.882,495.1,2.95,
352,8/19/2010,11:00:00,11.916,9644.5,2.95,
353,8/19/2010,14:00:00,12.69,8266.7,2.95,
354,8/19/2010,17:00:00,10.063,516.7,2.95,
355,8/19/2010,20:00:00,9.275,0,2.97,
356,8/19/2010,23:00:00,8.68,0,2.97,
357,8/20/2010,2:00:00,8.282,0,2.95,
358,8/20/2010,5:00:00,7.882,0,2.95,
359,8/20/2010,8:00:00,7.682,398.3,2.95,
360,8/20/2010,11:00:00,13.269,14466.8,2.95,
361,8/20/2010,14:00:00,12.883,4822.3,2.95,
362,8/20/2010,17:00:00,9.965,656.6,2.95,
363,8/20/2010,20:00:00,8.879,0,2.97,
364,8/20/2010,23:00:00,7.682,0,2.95,
365,8/21/2010,2:00:00,6.978,0,2.95,
366,8/21/2010,5:00:00,6.877,0,2.95,
367,8/21/2010,8:00:00,7.079,409,2.95,
368,8/21/2010,11:00:00,12.787,13777.9,2.95,
369,8/21/2010,14:00:00,10.553,2755.6,2.95,
370,8/21/2010,17:00:00,9.866,721.2,2.95,
371,8/21/2010,20:00:00,9.373,0,2.97,
372,8/21/2010,23:00:00,8.68,0,2.97,
373,8/22/2010,2:00:00,8.282,0,2.95,
374,8/22/2010,5:00:00,8.082,0,2.95,
375,8/22/2010,8:00:00,8.282,1722.2,2.95,
376,8/22/2010,11:00:00,10.063,5166.7,2.95,
377,8/22/2010,14:00:00,11.819,6544.5,2.95,
378,8/22/2010,17:00:00,10.455,3444.5,2.95,
379,8/22/2010,20:00:00,9.768,0,2.95,
380,8/22/2010,23:00:00,9.275,0,2.97,
381,8/23/2010,2:00:00,8.879,0,2.97,
382,8/23/2010,5:00:00,8.481,0,2.97,
383,8/23/2010,8:00:00,8.581,1377.8,2.97,
384,8/23/2010,11:00:00,12.013,2411.1,2.95,
385,8/23/2010,14:00:00,12.11,3272.2,2.95,
386,8/23/2010,17:00:00,10.846,2238.9,2.95,
387,8/23/2010,20:00:00,10.357,10.8,2.95,
388,8/23/2010,23:00:00,9.768,0,2.95,
389,8/24/2010,2:00:00,9.077,0,2.97,
390,8/24/2010,5:00:00,8.382,0,2.97,
391,8/24/2010,8:00:00,8.382,775,2.97,
392,8/24/2010,11:00:00,10.944,17911.2,2.95,
393,8/24/2010,14:00:00,9.571,1259.4,2.97,
394,8/24/2010,17:00:00,9.669,2583.4,2.95,
395,8/24/2010,20:00:00,8.581,0,2.97,
396,8/24/2010,23:00:00,7.782,0,2.95,
397,8/25/2010,2:00:00,7.079,0,2.95,
398,8/25/2010,5:00:00,6.166,0,2.95,
399,8/25/2010,8:00:00,6.064,355.2,2.95,
400,8/25/2010,11:00:00,11.139,12400.1,2.93,
401,8/25/2010,14:00:00,9.866,2497.2,2.95,
402,8/25/2010,17:00:00,9.669,1980.6,2.95,
403,8/25/2010,20:00:00,8.779,0,2.97,
404,8/25/2010,23:00:00,7.682,0,2.95,
405,8/26/2010,2:00:00,6.775,0,2.95,
406,8/26/2010,5:00:00,6.268,0,2.95,
407,8/26/2010,8:00:00,6.166,312.2,2.95,
408,8/26/2010,11:00:00,11.431,12400.1,2.95,
409,8/26/2010,14:00:00,9.866,2411.1,2.95,
410,8/26/2010,17:00:00,9.669,1377.8,2.95,
411,8/26/2010,20:00:00,8.779,0,2.97,
412,8/26/2010,23:00:00,7.983,0,2.95,
413,8/27/2010,2:00:00,7.28,0,2.95,
414,8/27/2010,5:00:00,6.573,0,2.95,
415,8/27/2010,8:00:00,6.37,344.4,2.95,
416,8/27/2010,11:00:00,11.819,14466.8,2.95,
417,8/27/2010,14:00:00,9.866,5166.7,2.95,
418,8/27/2010,17:00:00,9.669,710.4,2.95,
419,8/27/2010,20:00:00,8.68,0,2.97,
420,8/27/2010,23:00:00,8.082,0,2.95,
421,8/28/2010,2:00:00,7.983,0,2.95,
422,8/28/2010,5:00:00,7.481,0,2.95,
423,8/28/2010,8:00:00,7.882,1722.2,2.95,
424,8/28/2010,11:00:00,10.846,6200,2.95,
425,8/28/2010,14:00:00,9.571,2066.7,2.97,
426,8/28/2010,17:00:00,9.077,1722.2,2.97,
427,8/28/2010,20:00:00,8.282,0,2.95,
428,8/28/2010,23:00:00,7.682,0,2.95,
429,8/29/2010,2:00:00,7.582,0,2.95,
430,8/29/2010,5:00:00,6.978,0,2.95,
431,8/29/2010,8:00:00,6.978,258.3,2.95,
432,8/29/2010,11:00:00,9.373,15155.7,2.95,
433,8/29/2010,14:00:00,9.768,3100,2.95,
434,8/29/2010,17:00:00,9.275,1463.9,2.97,
435,8/29/2010,20:00:00,8.481,0,2.95,
436,8/29/2010,23:00:00,8.282,0,2.95,
437,8/30/2010,2:00:00,7.882,0,2.95,
438,8/30/2010,5:00:00,7.682,0,2.95,
439,8/30/2010,8:00:00,7.782,1808.3,2.95,
440,8/30/2010,11:00:00,11.236,8611.2,2.95,
441,8/30/2010,14:00:00,9.965,4994.5,2.95,
442,8/30/2010,17:00:00,9.373,1722.2,2.97,
443,8/30/2010,20:00:00,8.581,0,2.97,
444,8/30/2010,23:00:00,7.882,0,2.95,
445,8/31/2010,2:00:00,7.582,0,2.95,
446,8/31/2010,5:00:00,7.582,0,2.95,
447,8/31/2010,8:00:00,7.682,2152.8,2.95,
448,8/31/2010,11:00:00,10.455,16533.4,2.95,
449,8/31/2010,14:00:00,10.455,2152.8,2.95,
450,8/31/2010,17:00:00,9.571,2755.6,2.97,
451,8/31/2010,20:00:00,8.68,0,2.97,
452,8/31/2010,23:00:00,7.882,0,2.95,
453,9/1/2010,2:00:00,7.179,0,2.95,
454,9/1/2010,5:00:00,6.674,0,2.95,
455,9/1/2010,8:00:00,6.674,290.6,2.95,
456,9/1/2010,11:00:00,11.139,16533.4,2.95,
457,9/1/2010,14:00:00,9.669,1636.1,2.95,
458,9/1/2010,17:00:00,9.176,355.2,2.97,
459,9/1/2010,20:00:00,8.182,0,2.95,
460,9/1/2010,23:00:00,7.28,0,2.95,
461,9/2/2010,2:00:00,6.775,0,2.95,
462,9/2/2010,5:00:00,6.37,0,2.95,
463,9/2/2010,8:00:00,6.37,301.4,2.95,
464,9/2/2010,11:00:00,10.651,17222.3,2.93,
465,9/2/2010,14:00:00,9.373,1722.2,2.97,
466,9/2/2010,17:00:00,9.176,409,2.97,
467,9/2/2010,20:00:00,8.481,0,2.95,
468,9/2/2010,23:00:00,7.882,0,2.95,
469,9/3/2010,2:00:00,7.381,0,2.95,
470,9/3/2010,5:00:00,6.775,0,2.95,
471,9/3/2010,8:00:00,6.37,322.9,2.95,
472,9/3/2010,11:00:00,9.965,16533.4,2.93,
473,9/3/2010,14:00:00,9.176,1722.2,2.97,
474,9/3/2010,17:00:00,9.077,376.7,2.97,
475,9/3/2010,20:00:00,8.282,0,2.95,
476,9/3/2010,23:00:00,7.582,0,2.95,
477,9/4/2010,2:00:00,7.381,0,2.95,
478,9/4/2010,5:00:00,6.978,0,2.95,
479,9/4/2010,8:00:00,6.877,312.2,2.95,
480,9/4/2010,11:00:00,10.553,16533.4,2.93,
481,9/4/2010,14:00:00,10.259,4305.6,2.95,
482,9/4/2010,17:00:00,9.571,398.3,2.97,
483,9/4/2010,20:00:00,8.68,0,2.95,
484,9/4/2010,23:00:00,7.882,0,2.95,
485,9/5/2010,2:00:00,7.381,0,2.95,
486,9/5/2010,5:00:00,6.573,0,2.95,
487,9/5/2010,8:00:00,6.471,322.9,2.95,
488,9/5/2010,11:00:00,10.259,12400.1,2.95,
489,9/5/2010,14:00:00,9.866,2325,2.95,
490,9/5/2010,17:00:00,9.472,430.6,2.97,
491,9/5/2010,20:00:00,8.978,0,2.97,
492,9/5/2010,23:00:00,8.282,0,2.95,
493,9/6/2010,2:00:00,8.082,0,2.95,
494,9/6/2010,5:00:00,7.782,0,2.95,
495,9/6/2010,8:00:00,7.481,312.2,2.95,
496,9/6/2010,11:00:00,11.236,16533.4,2.95,
497,9/6/2010,14:00:00,10.161,1894.5,2.95,
498,9/6/2010,17:00:00,9.373,322.9,2.97,
499,9/6/2010,20:00:00,8.082,0,2.95,
500,9/6/2010,23:00:00,6.978,0,2.95,
501,9/7/2010,2:00:00,6.166,0,2.95,
502,9/7/2010,5:00:00,5.655,0,2.95,
503,9/7/2010,8:00:00,5.552,344.4,2.95,
504,9/7/2010,11:00:00,10.063,20666.8,2.93,
505,9/7/2010,14:00:00,9.472,3961.1,2.95,
506,9/7/2010,17:00:00,8.779,785.8,2.95,
507,9/7/2010,20:00:00,8.382,0,2.95,
508,9/7/2010,23:00:00,8.182,0,2.95,
509,9/8/2010,2:00:00,7.983,0,2.95,
510,9/8/2010,5:00:00,7.582,0,2.95,
511,9/8/2010,8:00:00,7.582,635.1,2.95,
512,9/8/2010,11:00:00,8.581,3444.5,2.95,
513,9/8/2010,14:00:00,9.669,5511.1,2.95,
514,9/8/2010,17:00:00,8.879,807.3,2.95,
515,9/8/2010,20:00:00,8.382,0,2.95,
516,9/8/2010,23:00:00,8.082,0,2.95,
517,9/9/2010,2:00:00,7.882,0,2.95,
518,9/9/2010,5:00:00,7.682,0,2.95,
519,9/9/2010,8:00:00,7.582,333.7,2.95,
520,9/9/2010,11:00:00,11.139,17222.3,2.95,
521,9/9/2010,14:00:00,10.455,2411.1,2.95,
522,9/9/2010,17:00:00,9.472,549,2.97,
523,9/9/2010,20:00:00,8.581,0,2.97,
524,9/9/2010,23:00:00,7.882,0,2.95,
525,9/10/2010,2:00:00,7.28,0,2.95,
526,9/10/2010,5:00:00,6.877,0,2.95,
527,9/10/2010,8:00:00,6.268,322.9,2.95,
528,9/10/2010,11:00:00,9.965,14466.8,2.93,
529,9/10/2010,14:00:00,9.176,1980.6,2.97,
530,9/10/2010,17:00:00,8.182,269.1,2.95,
531,9/10/2010,20:00:00,7.179,0,2.95,
532,9/10/2010,23:00:00,6.471,0,2.95,
533,9/11/2010,2:00:00,5.757,0,2.95,
534,9/11/2010,5:00:00,4.727,0,2.95,
535,9/11/2010,8:00:00,4.207,322.9,2.95,
536,9/11/2010,11:00:00,9.176,14466.8,2.95,
537,9/11/2010,14:00:00,8.581,2152.8,2.95,
538,9/11/2010,17:00:00,7.983,258.3,2.95,
539,9/11/2010,20:00:00,6.978,0,2.95,
540,9/11/2010,23:00:00,5.962,0,2.95,
541,9/12/2010,2:00:00,5.244,0,2.93,
542,9/12/2010,5:00:00,4.934,0,2.93,
543,9/12/2010,8:00:00,4.831,333.7,2.93,
544,9/12/2010,11:00:00,8.978,12400.1,2.95,
545,9/12/2010,14:00:00,9.077,4650,2.95,
546,9/12/2010,17:00:00,8.382,247.6,2.95,
547,9/12/2010,20:00:00,7.582,0,2.95,
548,9/12/2010,23:00:00,6.978,0,2.95,
549,9/13/2010,2:00:00,6.166,0,2.95,
550,9/13/2010,5:00:00,5.962,0,2.95,
551,9/13/2010,8:00:00,6.674,1087.2,2.95,
552,9/13/2010,11:00:00,7.179,2669.5,2.95,
553,9/13/2010,14:00:00,8.182,3788.9,2.95,
554,9/13/2010,17:00:00,8.382,1550,2.95,
555,9/13/2010,20:00:00,7.582,0,2.95,
556,9/13/2010,23:00:00,6.877,0,2.95,
557,9/14/2010,2:00:00,7.179,0,2.95,
558,9/14/2010,5:00:00,6.573,0,2.95,
559,9/14/2010,8:00:00,6.268,322.9,2.95,
560,9/14/2010,11:00:00,9.768,14466.8,2.93,
561,9/14/2010,14:00:00,9.077,9644.5,2.95,
562,9/14/2010,17:00:00,8.779,204.5,2.95,
563,9/14/2010,20:00:00,7.882,0,2.95,
564,9/14/2010,23:00:00,6.978,0,2.95,
565,9/15/2010,2:00:00,6.268,0,2.95,
566,9/15/2010,5:00:00,6.268,0,2.95,
567,9/15/2010,8:00:00,6.166,322.9,2.95,
568,9/15/2010,11:00:00,9.965,13777.9,2.93,
569,9/15/2010,14:00:00,9.275,3272.2,2.95,
570,9/15/2010,17:00:00,8.879,183,2.95,
571,9/15/2010,20:00:00,7.882,0,2.95,
572,9/15/2010,23:00:00,6.775,0,2.95,
573,9/16/2010,2:00:00,6.37,0,2.95,
574,9/16/2010,5:00:00,5.962,0,2.95,
575,9/16/2010,8:00:00,5.86,290.6,2.95,
576,9/16/2010,11:00:00,9.768,14466.8,2.93,
577,9/16/2010,14:00:00,8.879,4477.8,2.95,
578,9/16/2010,17:00:00,8.779,419.8,2.95,
579,9/16/2010,20:00:00,8.082,0,2.95,
580,9/16/2010,23:00:00,6.978,0,2.95,
581,9/17/2010,2:00:00,7.179,0,2.95,
582,9/17/2010,5:00:00,6.573,0,2.95,
583,9/17/2010,8:00:00,6.268,290.6,2.95,
584,9/17/2010,11:00:00,10.455,14466.8,2.93,
585,9/17/2010,14:00:00,9.669,5511.1,2.95,
586,9/17/2010,17:00:00,9.373,1980.6,2.97,
587,9/17/2010,20:00:00,8.481,0,2.95,
588,9/17/2010,23:00:00,7.782,0,2.95,
589,9/18/2010,2:00:00,7.782,0,2.95,
590,9/18/2010,5:00:00,6.978,0,2.95,
591,9/18/2010,8:00:00,6.775,301.4,2.95,
592,9/18/2010,11:00:00,10.455,13089,2.95,
593,9/18/2010,14:00:00,9.571,2927.8,2.97,
594,9/18/2010,17:00:00,9.373,742.7,2.97,
595,9/18/2010,20:00:00,8.382,0,2.95,
596,9/18/2010,23:00:00,7.682,0,2.95,
597,9/19/2010,2:00:00,6.978,0,2.95,
598,9/19/2010,5:00:00,7.381,0,2.95,
599,9/19/2010,8:00:00,6.877,301.4,2.95,
600,9/19/2010,11:00:00,10.455,13089,2.95,
601,9/19/2010,14:00:00,9.866,9300.1,2.95,
602,9/19/2010,17:00:00,9.669,796.5,2.95,
603,9/19/2010,20:00:00,8.879,0,2.97,
604,9/19/2010,23:00:00,8.481,0,2.95,
605,9/20/2010,2:00:00,8.182,0,2.95,
606,9/20/2010,5:00:00,7.983,0,2.95,
607,9/20/2010,8:00:00,7.481,301.4,2.95,
608,9/20/2010,11:00:00,10.944,12400.1,2.95,
609,9/20/2010,14:00:00,10.063,1894.5,2.95,
610,9/20/2010,17:00:00,9.866,322.9,2.95,
611,9/20/2010,20:00:00,9.373,0,2.97,
612,9/20/2010,23:00:00,8.779,0,2.97,
613,9/21/2010,2:00:00,8.182,0,2.95,
614,9/21/2010,5:00:00,7.582,0,2.95,
615,9/21/2010,8:00:00,7.481,269.1,2.95,
616,9/21/2010,11:00:00,9.275,7233.4,2.95,
617,9/21/2010,14:00:00,9.669,3100,2.95,
618,9/21/2010,17:00:00,9.373,107.6,2.97,
619,9/21/2010,20:00:00,8.581,0,2.95,
620,9/21/2010,23:00:00,7.682,0,2.95,
621,9/22/2010,2:00:00,7.079,0,2.95,
622,9/22/2010,5:00:00,7.582,0,2.95,
623,9/22/2010,8:00:00,7.782,247.6,2.95,
624,9/22/2010,11:00:00,8.182,742.7,2.95,
625,9/22/2010,14:00:00,8.481,247.6,2.95,
626,9/22/2010,17:00:00,8.581,10.8,2.95,
627,9/22/2010,20:00:00,8.182,0,2.95,
628,9/22/2010,23:00:00,7.983,0,2.95,
629,9/23/2010,2:00:00,7.782,0,2.95,
630,9/23/2010,5:00:00,7.481,0,2.95,
631,9/23/2010,8:00:00,7.28,301.4,2.95,
632,9/23/2010,11:00:00,9.472,839.6,2.95,
633,9/23/2010,14:00:00,8.779,1054.9,2.95,
634,9/23/2010,17:00:00,8.382,53.8,2.95,
635,9/23/2010,20:00:00,7.481,0,2.95,
636,9/23/2010,23:00:00,6.471,0,2.95,
637,9/24/2010,2:00:00,5.86,0,2.95,
638,9/24/2010,5:00:00,5.45,0,2.95,
639,9/24/2010,8:00:00,5.141,139.9,2.93,
640,9/24/2010,11:00:00,7.582,6200,2.95,
641,9/24/2010,14:00:00,7.983,505.9,2.95,
642,9/24/2010,17:00:00,7.682,64.6,2.95,
643,9/24/2010,20:00:00,7.079,0,2.95,
644,9/24/2010,23:00:00,6.37,0,2.95,
645,9/25/2010,2:00:00,5.757,0,2.95,
646,9/25/2010,5:00:00,5.347,0,2.93,
647,9/25/2010,8:00:00,5.141,129.2,2.93,
648,9/25/2010,11:00:00,7.079,7233.4,2.95,
649,9/25/2010,14:00:00,7.983,635.1,2.95,
650,9/25/2010,17:00:00,7.782,53.8,2.95,
651,9/25/2010,20:00:00,7.079,0,2.95,
652,9/25/2010,23:00:00,6.471,0,2.95,
653,9/26/2010,2:00:00,6.166,0,2.95,
654,9/26/2010,5:00:00,5.655,0,2.93,
655,9/26/2010,8:00:00,5.45,215.3,2.93,
656,9/26/2010,11:00:00,7.381,6544.5,2.95,
657,9/26/2010,14:00:00,8.282,1722.2,2.95,
658,9/26/2010,17:00:00,7.882,43.1,2.95,
659,9/26/2010,20:00:00,7.28,0,2.95,
660,9/26/2010,23:00:00,6.775,0,2.95,
661,9/27/2010,2:00:00,6.37,0,2.95,
662,9/27/2010,5:00:00,6.064,0,2.95,
663,9/27/2010,8:00:00,5.86,215.3,2.93,
664,9/27/2010,11:00:00,7.882,6200,2.95,
665,9/27/2010,14:00:00,8.581,538.2,2.95,
666,9/27/2010,17:00:00,8.382,86.1,2.95,
667,9/27/2010,20:00:00,7.782,0,2.95,
668,9/27/2010,23:00:00,7.079,0,2.95,
669,9/28/2010,2:00:00,6.573,0,2.95,
670,9/28/2010,5:00:00,6.268,0,2.95,
671,9/28/2010,8:00:00,5.962,215.3,2.95,
672,9/28/2010,11:00:00,7.782,7577.8,2.95,
673,9/28/2010,14:00:00,8.581,624.3,2.95,
674,9/28/2010,17:00:00,8.581,64.6,2.95,
675,9/28/2010,20:00:00,7.882,0,2.95,
676,9/28/2010,23:00:00,7.079,0,2.95,
677,9/29/2010,2:00:00,6.573,0,2.95,
678,9/29/2010,5:00:00,6.064,0,2.95,
679,9/29/2010,8:00:00,5.86,215.3,2.95,
680,9/29/2010,11:00:00,7.682,7577.8,2.95,
681,9/29/2010,14:00:00,8.68,667.4,2.95,
682,9/29/2010,17:00:00,8.68,118.4,2.95,
683,9/29/2010,20:00:00,8.082,0,2.95,
684,9/29/2010,23:00:00,7.381,0,2.95,
685,9/30/2010,2:00:00,7.079,0,2.95,
686,9/30/2010,5:00:00,6.674,0,2.95,
687,9/30/2010,8:00:00,6.37,204.5,2.95,
688,9/30/2010,11:00:00,8.182,7233.4,2.95,
689,9/30/2010,14:00:00,8.879,581.3,2.95,
690,9/30/2010,17:00:00,8.779,86.1,2.95,
691,9/30/2010,20:00:00,8.182,0,2.95,
692,9/30/2010,23:00:00,7.782,0,2.95,
693,10/1/2010,2:00:00,7.582,0,2.95,
694,10/1/2010,5:00:00,7.381,0,2.95,
695,10/1/2010,8:00:00,7.079,226,2.95,
696,10/1/2010,11:00:00,8.779,7233.4,2.95,
697,10/1/2010,14:00:00,9.373,1980.6,2.95,
698,10/1/2010,17:00:00,9.077,559.7,2.95,
699,10/1/2010,20:00:00,8.68,0,2.95,
700,10/1/2010,23:00:00,7.882,0,2.95,
701,10/2/2010,2:00:00,7.179,0,2.95,
702,10/2/2010,5:00:00,6.471,0,2.95,
703,10/2/2010,8:00:00,6.166,290.6,2.95,
704,10/2/2010,11:00:00,8.382,7577.8,2.95,
705,10/2/2010,14:00:00,8.68,742.7,2.95,
706,10/2/2010,17:00:00,8.68,710.4,2.95,
707,10/2/2010,20:00:00,8.082,0,2.95,
708,10/2/2010,23:00:00,7.582,0,2.95,
709,10/3/2010,2:00:00,7.079,0,2.95,
710,10/3/2010,5:00:00,6.674,0,2.95,
711,10/3/2010,8:00:00,6.471,312.2,2.95,
712,10/3/2010,11:00:00,7.882,3961.1,2.95,
713,10/3/2010,14:00:00,8.182,107.6,2.95,
714,10/3/2010,17:00:00,7.682,0,2.95,
715,10/3/2010,20:00:00,7.28,0,2.95,
716,10/3/2010,23:00:00,6.775,0,2.95,
717,10/4/2010,2:00:00,6.37,0,2.95,
718,10/4/2010,5:00:00,6.268,0,2.95,
719,10/4/2010,8:00:00,6.064,204.5,2.95,
720,10/4/2010,11:00:00,7.481,5511.1,2.95,
721,10/4/2010,14:00:00,7.582,635.1,2.95,
722,10/4/2010,17:00:00,7.582,86.1,2.95,
723,10/4/2010,20:00:00,7.079,0,2.95,
724,10/4/2010,23:00:00,6.775,0,2.95,
725,10/5/2010,2:00:00,6.573,0,2.95,
726,10/5/2010,5:00:00,6.37,0,2.95,
727,10/5/2010,8:00:00,6.166,484.4,2.95,
728,10/5/2010,11:00:00,7.782,5338.9,2.95,
729,10/5/2010,14:00:00,8.182,1550,2.95,
730,10/5/2010,17:00:00,7.983,236.8,2.95,
731,10/5/2010,20:00:00,7.381,0,2.95,
732,10/5/2010,23:00:00,7.079,0,2.95,
733,10/6/2010,2:00:00,6.877,0,2.95,
734,10/6/2010,5:00:00,6.37,0,2.95,
735,10/6/2010,8:00:00,5.962,538.2,2.93,
736,10/6/2010,11:00:00,7.381,6544.5,2.95,
737,10/6/2010,14:00:00,7.582,818.1,2.95,
738,10/6/2010,17:00:00,7.582,96.9,2.95,
739,10/6/2010,20:00:00,7.28,0,2.95,
740,10/6/2010,23:00:00,6.877,0,2.95,
741,10/7/2010,2:00:00,6.37,0,2.95,
742,10/7/2010,5:00:00,5.86,0,2.93,
743,10/7/2010,8:00:00,5.655,204.5,2.93,
744,10/7/2010,11:00:00,7.179,5166.7,2.95,
745,10/7/2010,14:00:00,7.381,1377.8,2.95,
746,10/7/2010,17:00:00,7.381,150.7,2.95,
747,10/7/2010,20:00:00,7.079,0,2.95,
748,10/7/2010,23:00:00,6.775,0,2.95,
749,10/8/2010,2:00:00,6.471,0,2.95,
750,10/8/2010,5:00:00,6.268,0,2.95,
751,10/8/2010,8:00:00,5.552,409,2.93,
752,10/8/2010,11:00:00,6.978,5166.7,2.95,
753,10/8/2010,14:00:00,7.079,366,2.95,
754,10/8/2010,17:00:00,6.775,21.5,2.95,
755,10/8/2010,20:00:00,6.166,0,2.93,
756,10/8/2010,23:00:00,5.552,0,2.93,
757,10/9/2010,2:00:00,5.141,0,2.93,
758,10/9/2010,5:00:00,4.519,0,2.95,
759,10/9/2010,8:00:00,4.207,139.9,2.95,
760,10/9/2010,11:00:00,5.86,4650,2.93,
761,10/9/2010,14:00:00,6.268,333.7,2.93,
762,10/9/2010,17:00:00,6.166,32.3,2.93,
763,10/9/2010,20:00:00,5.757,0,2.93,
764,10/9/2010,23:00:00,5.244,0,2.93,
765,10/10/2010,2:00:00,4.519,0,2.95,
766,10/10/2010,5:00:00,3.893,0,2.95,
767,10/10/2010,8:00:00,3.472,150.7,2.95,
768,10/10/2010,11:00:00,5.141,3788.9,2.93,
769,10/10/2010,14:00:00,5.655,990.3,2.93,
770,10/10/2010,17:00:00,5.962,430.6,2.93,
771,10/10/2010,20:00:00,5.552,0,2.93,
772,10/10/2010,23:00:00,4.934,0,2.93,
773,10/11/2010,2:00:00,4.311,0,2.95,
774,10/11/2010,5:00:00,3.683,0,2.95,
775,10/11/2010,8:00:00,3.261,139.9,2.93,
776,10/11/2010,11:00:00,5.037,3788.9,2.93,
777,10/11/2010,14:00:00,5.655,775,2.93,
778,10/11/2010,17:00:00,5.86,635.1,2.93,
779,10/11/2010,20:00:00,5.45,0,2.93,
780,10/11/2010,23:00:00,4.934,0,2.93,
781,10/12/2010,2:00:00,4.207,0,2.95,
782,10/12/2010,5:00:00,3.683,0,2.95,
783,10/12/2010,8:00:00,3.261,161.5,2.93,
784,10/12/2010,11:00:00,5.037,3961.1,2.93,
785,10/12/2010,14:00:00,5.86,1980.6,2.93,
786,10/12/2010,17:00:00,6.064,322.9,2.93,
787,10/12/2010,20:00:00,5.757,0,2.93,
788,10/12/2010,23:00:00,5.244,0,2.93,
789,10/13/2010,2:00:00,4.934,0,2.93,
790,10/13/2010,5:00:00,4.311,0,2.95,
791,10/13/2010,8:00:00,3.893,366,2.95,
792,10/13/2010,11:00:00,5.45,3616.7,2.93,
793,10/13/2010,14:00:00,6.064,796.5,2.93,
794,10/13/2010,17:00:00,6.166,86.1,2.93,
795,10/13/2010,20:00:00,5.757,0,2.93,
796,10/13/2010,23:00:00,4.934,0,2.93,
797,10/14/2010,2:00:00,4.311,0,2.95,
798,10/14/2010,5:00:00,3.893,0,2.95,
799,10/14/2010,8:00:00,3.788,75.3,2.95,
800,10/14/2010,11:00:00,5.552,2583.4,2.93,
801,10/14/2010,14:00:00,6.166,1259.4,2.93,
802,10/14/2010,17:00:00,6.37,32.3,2.93,
803,10/14/2010,20:00:00,5.757,0,2.93,
804,10/14/2010,23:00:00,5.141,0,2.93,
805,10/15/2010,2:00:00,4.415,0,2.95,
806,10/15/2010,5:00:00,3.893,0,2.95,
807,10/15/2010,8:00:00,3.683,139.9,2.95,
808,10/15/2010,11:00:00,5.45,3272.2,2.93,
809,10/15/2010,14:00:00,5.962,312.2,2.93,
810,10/15/2010,17:00:00,5.962,193.8,2.93,
811,10/15/2010,20:00:00,5.552,0,2.93,
812,10/15/2010,23:00:00,4.727,0,2.95,
813,10/16/2010,2:00:00,3.998,0,2.95,
814,10/16/2010,5:00:00,3.367,0,2.93,
815,10/16/2010,8:00:00,3.049,139.9,2.93,
816,10/16/2010,11:00:00,4.831,3272.2,2.93,
817,10/16/2010,14:00:00,5.347,355.2,2.93,
818,10/16/2010,17:00:00,5.45,53.8,2.93,
819,10/16/2010,20:00:00,4.831,0,2.93,
820,10/16/2010,23:00:00,4.207,0,2.95,
821,10/17/2010,2:00:00,3.683,0,2.93,
822,10/17/2010,5:00:00,3.261,0,2.93,
823,10/17/2010,8:00:00,2.943,150.7,2.93,
824,10/17/2010,11:00:00,4.311,592,2.95,
825,10/17/2010,14:00:00,5.244,312.2,2.93,
826,10/17/2010,17:00:00,5.552,871.9,2.93,
827,10/17/2010,20:00:00,5.037,0,2.93,
828,10/17/2010,23:00:00,4.415,0,2.95,
829,10/18/2010,2:00:00,3.683,0,2.93,
830,10/18/2010,5:00:00,3.367,0,2.93,
831,10/18/2010,8:00:00,3.367,226,2.93,
832,10/18/2010,11:00:00,4.311,1722.2,2.95,
833,10/18/2010,14:00:00,4.934,990.3,2.93,
834,10/18/2010,17:00:00,5.141,10.8,2.93,
835,10/18/2010,20:00:00,4.831,0,2.93,
836,10/18/2010,23:00:00,4.623,0,2.95,
837,10/19/2010,2:00:00,4.207,0,2.95,
838,10/19/2010,5:00:00,3.788,0,2.93,
839,10/19/2010,8:00:00,3.472,86.1,2.93,
840,10/19/2010,11:00:00,4.519,366,2.95,
841,10/19/2010,14:00:00,4.934,247.6,2.93,
842,10/19/2010,17:00:00,5.141,398.3,2.93,
843,10/19/2010,20:00:00,4.727,0,2.95,
844,10/19/2010,23:00:00,3.998,0,2.95,
845,10/20/2010,2:00:00,3.578,0,2.93,
846,10/20/2010,5:00:00,3.155,0,2.93,
847,10/20/2010,8:00:00,2.943,86.1,2.93,
848,10/20/2010,11:00:00,4.623,1808.3,2.95,
849,10/20/2010,14:00:00,5.037,322.9,2.93,
850,10/20/2010,17:00:00,5.347,322.9,2.93,
851,10/20/2010,20:00:00,5.141,0,2.93,
852,10/20/2010,23:00:00,2.943,0,2.93,
853,10/21/2010,2:00:00,3.788,0,2.93,
854,10/21/2010,5:00:00,3.683,0,2.93,
855,10/21/2010,8:00:00,3.049,21.5,2.93,
856,10/21/2010,11:00:00,3.472,409,2.93,
857,10/21/2010,14:00:00,4.311,193.8,2.93,
858,10/21/2010,17:00:00,4.415,32.3,2.95,
859,10/21/2010,20:00:00,3.893,0,2.93,
860,10/21/2010,23:00:00,3.578,0,2.93,
861,10/22/2010,2:00:00,3.367,0,2.93,
862,10/22/2010,5:00:00,3.261,0,2.93,
863,10/22/2010,8:00:00,3.155,0,2.93,
864,10/22/2010,11:00:00,3.472,150.7,2.93,
865,10/22/2010,14:00:00,4.207,21.5,2.93,
866,10/22/2010,17:00:00,4.207,0,2.93,
867,10/22/2010,20:00:00,3.893,0,2.93,
868,10/22/2010,23:00:00,3.788,0,2.93,
869,10/23/2010,2:00:00,3.578,0,2.93,
870,10/23/2010,5:00:00,3.367,0,2.93,
871,10/23/2010,8:00:00,3.367,0,2.93,
872,10/23/2010,11:00:00,3.367,43.1,2.93,
873,10/23/2010,14:00:00,3.893,139.9,2.93,
874,10/23/2010,17:00:00,3.998,0,2.93,
875,10/23/2010,20:00:00,3.788,0,2.93,
876,10/23/2010,23:00:00,3.683,0,2.93,
877,10/24/2010,2:00:00,3.472,0,2.93,
878,10/24/2010,5:00:00,3.472,0,2.93,
879,10/24/2010,8:00:00,3.367,0,2.93,
880,10/24/2010,11:00:00,4.311,21.5,2.93,
881,10/24/2010,14:00:00,4.727,10.8,2.95,
882,10/24/2010,17:00:00,4.623,0,2.95,
883,10/24/2010,20:00:00,4.207,0,2.93,
884,10/24/2010,23:00:00,4.102,0,2.93,
885,10/25/2010,2:00:00,3.998,0,2.93,
886,10/25/2010,5:00:00,3.998,0,2.93,
887,10/25/2010,8:00:00,3.998,0,2.93,
888,10/25/2010,11:00:00,3.998,0,2.93,
889,10/25/2010,14:00:00,4.102,0,2.93,
890,10/25/2010,17:00:00,3.261,0,2.93,
891,10/25/2010,20:00:00,2.624,0,2.93,
892,10/25/2010,23:00:00,2.195,0,2.93,
893,10/26/2010,2:00:00,1.98,0,2.93,
894,10/26/2010,5:00:00,1.656,0,2.93,
895,10/26/2010,8:00:00,1.548,0,2.93,
896,10/26/2010,11:00:00,2.41,10.8,2.93,
897,10/26/2010,14:00:00,2.517,0,2.93,
898,10/26/2010,17:00:00,2.41,0,2.93,
899,10/26/2010,20:00:00,2.41,0,2.93,
900,10/26/2010,23:00:00,2.303,0,2.93,
901,10/27/2010,2:00:00,2.088,0,2.93,
902,10/27/2010,5:00:00,1.872,0,2.93,
903,10/27/2010,8:00:00,1.656,0,2.93,
904,10/27/2010,11:00:00,2.517,10.8,2.93,
905,10/27/2010,14:00:00,2.517,0,2.93,
906,10/27/2010,17:00:00,2.303,0,2.93,
907,10/27/2010,20:00:00,1.98,0,2.93,
908,10/27/2010,23:00:00,1.439,0,2.91,
909,10/28/2010,2:00:00,1.003,0,2.91,
910,10/28/2010,5:00:00,0.893,0,2.91,
911,10/28/2010,8:00:00,0.674,0,2.91,
912,10/28/2010,11:00:00,1.872,10.8,2.91,
913,10/28/2010,14:00:00,2.41,0,2.93,
914,10/28/2010,17:00:00,2.303,0,2.93,
915,10/28/2010,20:00:00,1.872,0,2.91,
916,10/28/2010,23:00:00,1.656,0,2.91,
917,10/29/2010,2:00:00,1.439,0,2.91,
918,10/29/2010,5:00:00,1.221,0,2.91,
919,10/29/2010,8:00:00,1.221,0,2.91,
920,10/29/2010,11:00:00,2.517,10.8,2.93,
921,10/29/2010,14:00:00,3.155,0,2.93,
922,10/29/2010,17:00:00,3.155,0,2.93,
923,10/29/2010,20:00:00,2.624,0,2.93,
924,10/29/2010,23:00:00,2.303,0,2.93,
925,10/30/2010,2:00:00,1.98,0,2.93,
926,10/30/2010,5:00:00,1.98,0,2.93,
927,10/30/2010,8:00:00,2.088,0,2.93,
928,10/30/2010,11:00:00,3.367,10.8,2.93,
929,10/30/2010,14:00:00,4.102,21.5,2.93,
930,10/30/2010,17:00:00,4.102,0,2.93,
931,10/30/2010,20:00:00,3.788,0,2.93,
932,10/30/2010,23:00:00,3.367,0,2.93,
933,10/31/2010,2:00:00,3.049,0,2.93,
934,10/31/2010,5:00:00,2.624,0,2.93,
935,10/31/2010,8:00:00,2.303,0,2.93,
936,10/31/2010,11:00:00,3.261,10.8,2.93,
937,10/31/2010,14:00:00,3.788,0,2.93,
938,10/31/2010,17:00:00,3.683,0,2.93,
939,10/31/2010,20:00:00,2.943,0,2.93,
940,10/31/2010,23:00:00,2.517,0,2.93,
941,11/1/2010,2:00:00,2.195,0,2.93,
942,11/1/2010,5:00:00,1.98,0,2.93,
943,11/1/2010,8:00:00,1.872,0,2.93,
944,11/1/2010,11:00:00,2.837,0,2.93,
945,11/1/2010,14:00:00,3.261,0,2.93,
946,11/1/2010,17:00:00,3.049,0,2.93,
947,11/1/2010,20:00:00,2.41,0,2.93,
948,11/1/2010,23:00:00,1.764,0,2.93,
949,11/2/2010,2:00:00,1.439,0,2.91,
950,11/2/2010,5:00:00,1.221,0,2.91,
951,11/2/2010,8:00:00,1.221,0,2.91,
952,11/2/2010,11:00:00,2.517,21.5,2.93,
953,11/2/2010,14:00:00,3.155,0,2.93,
954,11/2/2010,17:00:00,3.261,0,2.93,
955,11/2/2010,20:00:00,2.73,0,2.93,
956,11/2/2010,23:00:00,2.195,0,2.93,
957,11/3/2010,2:00:00,1.872,0,2.93,
958,11/3/2010,5:00:00,1.656,0,2.91,
959,11/3/2010,8:00:00,1.439,0,2.91,
960,11/3/2010,11:00:00,2.943,10.8,2.93,
961,11/3/2010,14:00:00,3.578,0,2.93,
962,11/3/2010,17:00:00,3.683,0,2.93,
963,11/3/2010,20:00:00,3.155,0,2.93,
964,11/3/2010,23:00:00,2.517,0,2.93,
965,11/4/2010,2:00:00,2.088,0,2.93,
966,11/4/2010,5:00:00,1.764,0,2.93,
967,11/4/2010,8:00:00,1.548,0,2.91,
968,11/4/2010,11:00:00,2.73,21.5,2.93,
969,11/4/2010,14:00:00,3.261,0,2.93,
970,11/4/2010,17:00:00,3.367,0,2.93,
971,11/4/2010,20:00:00,2.943,0,2.93,
972,11/4/2010,23:00:00,2.41,0,2.93,
973,11/5/2010,2:00:00,1.872,0,2.93,
974,11/5/2010,5:00:00,1.548,0,2.91,
975,11/5/2010,8:00:00,1.33,0,2.91,
976,11/5/2010,11:00:00,2.624,21.5,2.93,
977,11/5/2010,14:00:00,3.367,0,2.93,
978,11/5/2010,17:00:00,3.472,0,2.93,
979,11/5/2010,20:00:00,2.943,0,2.93,
980,11/5/2010,23:00:00,2.624,0,2.93,
981,11/6/2010,2:00:00,2.195,0,2.93,
982,11/6/2010,5:00:00,1.872,0,2.93,
983,11/6/2010,8:00:00,1.764,0,2.93,
984,11/6/2010,11:00:00,3.155,21.5,2.93,
985,11/6/2010,14:00:00,3.893,0,2.93,
986,11/6/2010,17:00:00,3.893,0,2.93,
987,11/6/2010,20:00:00,3.472,0,2.93,
988,11/6/2010,23:00:00,2.837,0,2.93,
989,11/7/2010,2:00:00,2.195,0,2.93,
990,11/7/2010,5:00:00,1.98,0,2.93,
991,11/7/2010,8:00:00,1.98,0,2.93,
992,11/7/2010,11:00:00,3.049,21.5,2.93,
993,11/7/2010,14:00:00,3.472,0,2.93,
994,11/7/2010,17:00:00,3.367,0,2.93,
995,11/7/2010,20:00:00,2.837,0,2.93,
996,11/7/2010,23:00:00,2.303,0,2.93,
997,11/8/2010,2:00:00,2.088,0,2.93,
998,11/8/2010,5:00:00,1.872,0,2.93,
999,11/8/2010,8:00:00,1.548,0,2.93,
1000,11/8/2010,11:00:00,2.73,64.6,2.93,
1001,11/8/2010,14:00:00,3.261,21.5,2.93,
1002,11/8/2010,17:00:00,3.261,0,2.93,
1003,11/8/2010,20:00:00,2.517,0,2.93,
1004,11/8/2010,23:00:00,2.41,0,2.93,
1005,11/9/2010,2:00:00,2.41,0,2.93,
1006,11/9/2010,5:00:00,2.195,0,2.93,
1007,11/9/2010,8:00:00,1.656,0,2.91,
1008,11/9/2010,11:00:00,1.98,32.3,2.93,
1009,11/9/2010,14:00:00,1.872,0,2.93,
1010,11/9/2010,17:00:00,1.548,0,2.91,
1011,11/9/2010,20:00:00,1.112,0,2.91,
1012,11/9/2010,23:00:00,0.784,0,2.91,
1013,11/10/2010,2:00:00,0.453,0,2.91,
1014,11/10/2010,5:00:00,0.232,0,2.91,
1015,11/10/2010,8:00:00,0.121,0,2.91,
1016,11/10/2010,11:00:00,0.453,53.8,2.91,
1017,11/10/2010,14:00:00,0.674,32.3,2.91,
1018,11/10/2010,17:00:00,0.674,0,2.91,
1019,11/10/2010,20:00:00,0.453,0,2.91,
1020,11/10/2010,23:00:00,0.343,0,2.91,
1021,11/11/2010,2:00:00,0.232,0,2.91,
1022,11/11/2010,5:00:00,0.121,0,2.91,
1023,11/11/2010,8:00:00,0.121,0,2.91,
1024,11/11/2010,11:00:00,0.453,53.8,2.91,
1025,11/11/2010,14:00:00,0.674,107.6,2.91,
1026,11/11/2010,17:00:00,0.563,0,2.91,
1027,11/11/2010,20:00:00,0.343,0,2.91,
1028,11/11/2010,23:00:00,0.232,0,2.91,
1029,11/12/2010,2:00:00,0.01,0,2.91,
1030,11/12/2010,5:00:00,0.01,0,2.91,
1031,11/12/2010,8:00:00,0.01,0,2.91,
1032,11/12/2010,11:00:00,0.121,32.3,2.91,
1033,11/12/2010,14:00:00,0.121,0,2.91,
1034,11/12/2010,17:00:00,0.121,0,2.91,
1035,11/12/2010,20:00:00,0.121,0,2.91,
1036,11/12/2010,23:00:00,0.01,0,2.91,
1037,11/13/2010,2:00:00,-0.102,0,2.91,
1038,11/13/2010,5:00:00,-0.102,0,2.91,
1039,11/13/2010,8:00:00,-0.102,0,2.91,
1040,11/13/2010,11:00:00,0.01,150.7,2.91,
1041,11/13/2010,14:00:00,0.121,32.3,2.91,
1042,11/13/2010,17:00:00,0.01,0,2.91,
1043,11/13/2010,20:00:00,0.01,0,2.91,
1044,11/13/2010,23:00:00,0.01,0,2.91,
1045,11/14/2010,2:00:00,-0.102,0,2.91,
1046,11/14/2010,5:00:00,-0.102,0,2.91,
1047,11/14/2010,8:00:00,-0.102,0,2.91,
1048,11/14/2010,11:00:00,0.01,118.4,2.91,
1049,11/14/2010,14:00:00,0.121,43.1,2.91,
1050,11/14/2010,17:00:00,0.121,75.3,2.91,
1051,11/14/2010,20:00:00,0.01,0,2.91,
1052,11/14/2010,23:00:00,0.01,0,2.91,
1053,11/15/2010,2:00:00,-0.102,0,2.91,
1054,11/15/2010,5:00:00,-0.102,0,2.91,
1055,11/15/2010,8:00:00,-0.102,0,2.91,
1056,11/15/2010,11:00:00,0.01,172.2,2.91,
1057,11/15/2010,14:00:00,0.121,161.5,2.91,
1058,11/15/2010,17:00:00,0.121,96.9,2.91,
1059,11/15/2010,20:00:00,0.01,0,2.91,
1060,11/15/2010,23:00:00,-0.102,0,2.91,
1061,11/16/2010,2:00:00,-0.213,0,2.91,
1062,11/16/2010,5:00:00,-0.325,0,2.89,
1063,11/16/2010,8:00:00,-0.437,0,2.91,
1064,11/16/2010,11:00:00,-0.102,204.5,2.91,
1065,11/16/2010,14:00:00,0.01,86.1,2.91,
1066,11/16/2010,17:00:00,0.01,0,2.91,
1067,11/16/2010,20:00:00,0.01,0,2.91,
1068,11/16/2010,23:00:00,0.01,0,2.91,
1069,11/17/2010,2:00:00,-0.102,0,2.91,
1070,11/17/2010,5:00:00,-0.102,0,2.89,
1071,11/17/2010,8:00:00,-0.325,0,2.89,
1072,11/17/2010,11:00:00,0.01,236.8,2.91,
1073,11/17/2010,14:00:00,0.01,86.1,2.91,
1074,11/17/2010,17:00:00,0.01,0,2.91,
1075,11/17/2010,20:00:00,-0.102,0,2.91,
1076,11/17/2010,23:00:00,-0.102,0,2.91,
1077,11/18/2010,2:00:00,-0.213,0,2.91,
1078,11/18/2010,5:00:00,-0.213,0,2.89,
1079,11/18/2010,8:00:00,-0.325,0,2.89,
1080,11/18/2010,11:00:00,0.01,312.2,2.91,
1081,11/18/2010,14:00:00,0.01,161.5,2.91,
1082,11/18/2010,17:00:00,0.01,0,2.91,
1083,11/18/2010,20:00:00,-0.102,0,2.91,
1084,11/18/2010,23:00:00,-0.213,0,2.89,
1085,11/19/2010,2:00:00,-0.213,0,2.89,
1086,11/19/2010,5:00:00,-0.213,0,2.89,
1087,11/19/2010,8:00:00,-0.213,0,2.89,
1088,11/19/2010,11:00:00,0.121,398.3,2.91,
1089,11/19/2010,14:00:00,0.121,226,2.91,
1090,11/19/2010,17:00:00,0.121,139.9,2.91,
1091,11/19/2010,20:00:00,-0.102,0,2.91,
1092,11/19/2010,23:00:00,-0.102,0,2.91,
1093,11/20/2010,2:00:00,0.01,0,2.91,
1094,11/20/2010,5:00:00,0.01,0,2.91,
1095,11/20/2010,8:00:00,0.01,21.5,2.91,
1096,11/20/2010,11:00:00,0.232,979.5,2.91,
1097,11/20/2010,14:00:00,0.121,215.3,2.91,
1098,11/20/2010,17:00:00,0.121,0,2.91,
1099,11/20/2010,20:00:00,0.121,0,2.91,
1100,11/20/2010,23:00:00,0.121,0,2.91,
1101,11/21/2010,2:00:00,0.01,0,2.91,
1102,11/21/2010,5:00:00,0.01,0,2.91,
1103,11/21/2010,8:00:00,-0.102,32.3,2.91,
1104,11/21/2010,11:00:00,0.232,527.4,2.91,
1105,11/21/2010,14:00:00,0.343,635.1,2.91,
1106,11/21/2010,17:00:00,0.232,0,2.91,
1107,11/21/2010,20:00:00,0.121,0,2.91,
1108,11/21/2010,23:00:00,0.01,0,2.91,
1109,11/22/2010,2:00:00,0.121,0,2.91,
1110,11/22/2010,5:00:00,0.01,0,2.91,
1111,11/22/2010,8:00:00,-0.325,21.5,2.89,
1112,11/22/2010,11:00:00,-0.213,226,2.91,
1113,11/22/2010,14:00:00,-0.102,258.3,2.89,
1114,11/22/2010,17:00:00,-0.102,107.6,2.91,
1115,11/22/2010,20:00:00,-0.325,0,2.89,
1116,11/22/2010,23:00:00,-0.549,0,2.91,
1117,11/23/2010,2:00:00,-0.662,0,2.91,
1118,11/23/2010,5:00:00,-0.774,0,2.91,
1119,11/23/2010,8:00:00,-0.887,0,2.91,
1120,11/23/2010,11:00:00,-0.102,344.4,2.89,
1121,11/23/2010,14:00:00,-0.102,86.1,2.89,
1122,11/23/2010,17:00:00,-0.102,64.6,2.89,
1123,11/23/2010,20:00:00,-0.102,0,2.89,
1124,11/23/2010,23:00:00,-0.102,0,2.89,
1125,11/24/2010,2:00:00,-0.213,0,2.89,
1126,11/24/2010,5:00:00,-0.325,0,2.89,
1127,11/24/2010,8:00:00,-0.437,0,2.91,
1128,11/24/2010,11:00:00,-0.102,322.9,2.89,
1129,11/24/2010,14:00:00,-0.102,775,2.89,
1130,11/24/2010,17:00:00,-0.213,86.1,2.89,
1131,11/24/2010,20:00:00,-0.325,0,2.89,
1132,11/24/2010,23:00:00,-0.437,0,2.91,
1133,11/25/2010,2:00:00,-0.102,0,2.89,
1134,11/25/2010,5:00:00,-0.325,0,2.89,
1135,11/25/2010,8:00:00,-0.549,0,2.91,
1136,11/25/2010,11:00:00,-0.549,355.2,2.91,
1137,11/25/2010,14:00:00,-0.662,150.7,2.91,
1138,11/25/2010,17:00:00,-0.887,0,2.91,
1139,11/25/2010,20:00:00,-0.437,0,2.91,
1140,11/25/2010,23:00:00,-0.662,0,2.91,
1141,11/26/2010,2:00:00,-1.799,0,2.91,
1142,11/26/2010,5:00:00,-2.261,0,2.91,
1143,11/26/2010,8:00:00,-2.145,0,2.91,
1144,11/26/2010,11:00:00,-0.887,398.3,2.91,
1145,11/26/2010,14:00:00,-0.325,172.2,2.89,
1146,11/26/2010,17:00:00,0.01,0,2.89,
1147,11/26/2010,20:00:00,0.01,0,2.89,
1148,11/26/2010,23:00:00,-0.549,0,2.91,
1149,11/27/2010,2:00:00,-1.001,0,2.91,
1150,11/27/2010,5:00:00,-1.114,0,2.91,
1151,11/27/2010,8:00:00,-1.684,0,2.91,
1152,11/27/2010,11:00:00,-0.213,441.3,2.89,
1153,11/27/2010,14:00:00,0.232,183,2.89,
1154,11/27/2010,17:00:00,0.01,0,2.89,
1155,11/27/2010,20:00:00,-0.549,0,2.91,
1156,11/27/2010,23:00:00,-1.114,0,2.91,
1157,11/28/2010,2:00:00,-1.001,0,2.91,
1158,11/28/2010,5:00:00,-1.228,0,2.91,
1159,11/28/2010,8:00:00,-1.684,0,2.91,
1160,11/28/2010,11:00:00,-0.549,710.4,2.91,
1161,11/28/2010,14:00:00,-0.437,1054.9,2.91,
1162,11/28/2010,17:00:00,-0.887,86.1,2.91,
1163,11/28/2010,20:00:00,-1.228,0,2.91,
1164,11/28/2010,23:00:00,-0.549,0,2.91,
1165,11/29/2010,2:00:00,-0.437,0,2.91,
1166,11/29/2010,5:00:00,-0.437,0,2.91,
1167,11/29/2010,8:00:00,-0.102,0,2.89,
1168,11/29/2010,11:00:00,-0.102,215.3,2.89,
1169,11/29/2010,14:00:00,-0.102,193.8,2.89,
1170,11/29/2010,17:00:00,-0.213,21.5,2.89,
1171,11/29/2010,20:00:00,-0.662,0,2.91,
1172,11/29/2010,23:00:00,-0.887,0,2.91,
1173,11/30/2010,2:00:00,-1.001,0,2.91,
1174,11/30/2010,5:00:00,-1.001,0,2.91,
1175,11/30/2010,8:00:00,-1.228,0,2.91,
1176,11/30/2010,11:00:00,-0.774,118.4,2.91,
1177,11/30/2010,14:00:00,-0.549,32.3,2.91,
1178,11/30/2010,17:00:00,-0.774,0,2.91,
1179,11/30/2010,20:00:00,-0.887,0,2.91,
1180,11/30/2010,23:00:00,-0.887,0,2.91,
1181,12/1/2010,2:00:00,-1.114,0,2.91,
1182,12/1/2010,5:00:00,-1.228,0,2.91,
1183,12/1/2010,8:00:00,-1.001,0,2.91,
1184,12/1/2010,11:00:00,-0.325,129.2,2.89,
1185,12/1/2010,14:00:00,-0.102,43.1,2.89,
1186,12/1/2010,17:00:00,-0.213,0,2.89,
1187,12/1/2010,20:00:00,-0.437,0,2.91,
1188,12/1/2010,23:00:00,-0.549,0,2.91,
1189,12/2/2010,2:00:00,-0.549,0,2.91,
1190,12/2/2010,5:00:00,-0.662,0,2.91,
1191,12/2/2010,8:00:00,-0.662,0,2.91,
1192,12/2/2010,11:00:00,-0.213,150.7,2.89,
1193,12/2/2010,14:00:00,-0.102,64.6,2.89,
1194,12/2/2010,17:00:00,-0.102,0,2.89,
1195,12/2/2010,20:00:00,-0.213,0,2.89,
1196,12/2/2010,23:00:00,-0.437,0,2.91,
1197,12/3/2010,2:00:00,-0.437,0,2.91,
1198,12/3/2010,5:00:00,-0.437,0,2.91,
1199,12/3/2010,8:00:00,-0.549,0,2.91,
1200,12/3/2010,11:00:00,-0.102,204.5,2.89,
1201,12/3/2010,14:00:00,-0.102,172.2,2.89,
1202,12/3/2010,17:00:00,-0.102,21.5,2.89,
1203,12/3/2010,20:00:00,-0.102,0,2.89,
1204,12/3/2010,23:00:00,-0.325,0,2.89,
1205,12/4/2010,2:00:00,-0.662,0,2.91,
1206,12/4/2010,5:00:00,-0.662,0,2.91,
1207,12/4/2010,8:00:00,-1.341,0,2.91,
1208,12/4/2010,11:00:00,-0.213,398.3,2.89,
1209,12/4/2010,14:00:00,-0.102,398.3,2.89,
1210,12/4/2010,17:00:00,0.01,32.3,2.89,
1211,12/4/2010,20:00:00,-0.662,0,2.91,
1212,12/4/2010,23:00:00,-1.228,0,2.91,
1213,12/5/2010,2:00:00,-1.114,0,2.91,
1214,12/5/2010,5:00:00,-0.887,0,2.91,
1215,12/5/2010,8:00:00,-1.001,10.8,2.91,
1216,12/5/2010,11:00:00,-0.102,818.1,2.89,
1217,12/5/2010,14:00:00,-0.102,215.3,2.89,
1218,12/5/2010,17:00:00,0.01,236.8,2.89,
1219,12/5/2010,20:00:00,0.01,0,2.89,
1220,12/5/2010,23:00:00,-0.437,0,2.91,
1221,12/6/2010,2:00:00,-0.774,0,2.91,
1222,12/6/2010,5:00:00,-1.456,0,2.91,
1223,12/6/2010,8:00:00,-1.684,0,2.91,
1224,12/6/2010,11:00:00,-0.102,624.3,2.89,
1225,12/6/2010,14:00:00,0.01,462.9,2.89,
1226,12/6/2010,17:00:00,0.01,118.4,2.89,
1227,12/6/2010,20:00:00,0.01,0,2.89,
1228,12/6/2010,23:00:00,-0.437,0,2.91,
1229,12/7/2010,2:00:00,-0.887,0,2.91,
1230,12/7/2010,5:00:00,-1.228,0,2.91,
1231,12/7/2010,8:00:00,-1.684,0,2.91,
1232,12/7/2010,11:00:00,-1.001,462.9,2.91,
1233,12/7/2010,14:00:00,-1.001,193.8,2.91,
1234,12/7/2010,17:00:00,-1.228,0,2.91,
1235,12/7/2010,20:00:00,-1.914,0,2.91,
1236,12/7/2010,23:00:00,-2.61,0,2.91,
1237,12/8/2010,2:00:00,-3.316,0,2.91,
1238,12/8/2010,5:00:00,-3.079,0,2.91,
1239,12/8/2010,8:00:00,-2.494,0,2.91,
1240,12/8/2010,11:00:00,-0.774,484.4,2.91,
1241,12/8/2010,14:00:00,-0.325,236.8,2.89,
1242,12/8/2010,17:00:00,-0.437,258.3,2.91,
1243,12/8/2010,20:00:00,-1.228,0,2.91,
1244,12/8/2010,23:00:00,-1.456,0,2.91,
1245,12/9/2010,2:00:00,-1.341,0,2.91,
1246,12/9/2010,5:00:00,-1.456,0,2.91,
1247,12/9/2010,8:00:00,-1.341,0,2.91,
1248,12/9/2010,11:00:00,-0.213,452.1,2.89,
1249,12/9/2010,14:00:00,-0.102,226,2.89,
1250,12/9/2010,17:00:00,0.01,344.4,2.89,
1251,12/9/2010,20:00:00,-0.213,0,2.89,
1252,12/9/2010,23:00:00,-0.887,0,2.91,
1253,12/10/2010,2:00:00,-0.774,0,2.91,
1254,12/10/2010,5:00:00,-1.001,0,2.91,
1255,12/10/2010,8:00:00,-1.114,10.8,2.91,
1256,12/10/2010,11:00:00,-0.102,958,2.89,
1257,12/10/2010,14:00:00,-0.102,226,2.89,
1258,12/10/2010,17:00:00,-0.437,10.8,2.91,
1259,12/10/2010,20:00:00,-1.114,0,2.91,
1260,12/10/2010,23:00:00,-1.114,0,2.91,
1261,12/11/2010,2:00:00,-1.001,0,2.91,
1262,12/11/2010,5:00:00,-1.114,0,2.91,
1263,12/11/2010,8:00:00,-1.228,0,2.91,
1264,12/11/2010,11:00:00,-0.437,462.9,2.91,
1265,12/11/2010,14:00:00,-0.437,204.5,2.91,
1266,12/11/2010,17:00:00,-0.887,32.3,2.91,
1267,12/11/2010,20:00:00,-1.456,0,2.91,
1268,12/11/2010,23:00:00,-1.799,0,2.91,
1269,12/12/2010,2:00:00,-2.261,0,2.91,
1270,12/12/2010,5:00:00,-1.684,0,2.91,
1271,12/12/2010,8:00:00,-1.799,10.8,2.91,
1272,12/12/2010,11:00:00,-0.437,549,2.91,
1273,12/12/2010,14:00:00,-0.102,398.3,2.89,
1274,12/12/2010,17:00:00,-0.213,21.5,2.89,
1275,12/12/2010,20:00:00,-1.114,0,2.91,
1276,12/12/2010,23:00:00,-1.341,0,2.91,
1277,12/13/2010,2:00:00,-1.684,0,2.91,
1278,12/13/2010,5:00:00,-1.684,0,2.91,
1279,12/13/2010,8:00:00,-1.456,0,2.91,
1280,12/13/2010,11:00:00,-0.213,462.9,2.89,
1281,12/13/2010,14:00:00,-0.102,215.3,2.89,
1282,12/13/2010,17:00:00,-0.102,0,2.89,
1283,12/13/2010,20:00:00,-0.774,0,2.91,
1284,12/13/2010,23:00:00,-1.228,0,2.91,
1285,12/14/2010,2:00:00,-1.57,0,2.91,
1286,12/14/2010,5:00:00,-1.341,0,2.91,
1287,12/14/2010,8:00:00,-1.114,0,2.91,
1288,12/14/2010,11:00:00,-0.213,473.6,2.89,
1289,12/14/2010,14:00:00,-0.102,215.3,2.89,
1290,12/14/2010,17:00:00,-0.213,32.3,2.89,
1291,12/14/2010,20:00:00,-0.662,0,2.91,
1292,12/14/2010,23:00:00,-0.887,0,2.91,
1293,12/15/2010,2:00:00,-0.774,0,2.91,
1294,12/15/2010,5:00:00,-1.114,0,2.91,
1295,12/15/2010,8:00:00,-0.887,0,2.91,
1296,12/15/2010,11:00:00,0.01,1119.5,2.89,
1297,12/15/2010,14:00:00,0.01,925.7,2.89,
1298,12/15/2010,17:00:00,0.01,32.3,2.89,
1299,12/15/2010,20:00:00,-0.102,0,2.89,
1300,12/15/2010,23:00:00,-0.102,0,2.89,
1301,12/16/2010,2:00:00,-0.102,0,2.89,
1302,12/16/2010,5:00:00,-0.102,0,2.89,
1303,12/16/2010,8:00:00,-0.102,0,2.89,
1304,12/16/2010,11:00:00,-0.102,0,2.89,
1305,12/16/2010,14:00:00,-0.102,0,2.89,
1306,12/16/2010,17:00:00,-0.102,0,2.89,
1307,12/16/2010,20:00:00,-0.102,0,2.91,
1308,12/16/2010,23:00:00,-0.102,0,2.89,
1309,12/17/2010,2:00:00,-0.102,0,2.91,
1310,12/17/2010,5:00:00,-0.102,0,2.89,
1311,12/17/2010,8:00:00,-0.102,0,2.91,
1312,12/17/2010,11:00:00,-0.102,0,2.89,
1313,12/17/2010,14:00:00,-0.102,0,2.91,
1314,12/17/2010,17:00:00,-0.102,0,2.91,
1315,12/17/2010,20:00:00,0.01,0,2.91,
1316,12/17/2010,23:00:00,-0.102,0,2.91,
1317,12/18/2010,2:00:00,0.01,0,2.91,
1318,12/18/2010,5:00:00,0.01,0,2.91,
1319,12/18/2010,8:00:00,0.01,0,2.91,
1320,12/18/2010,11:00:00,0.01,0,2.91,
1321,12/18/2010,14:00:00,0.01,0,2.91,
1322,12/18/2010,17:00:00,0.01,0,2.91,
1323,12/18/2010,20:00:00,0.01,0,2.91,
1324,12/18/2010,23:00:00,0.01,0,2.91,
1325,12/19/2010,2:00:00,0.01,0,2.91,
1326,12/19/2010,5:00:00,0.01,0,2.91,
1327,12/19/2010,8:00:00,0.01,0,2.91,
1328,12/19/2010,11:00:00,0.01,0,2.91,
1329,12/19/2010,14:00:00,0.01,0,2.91,
1330,12/19/2010,17:00:00,0.01,0,2.91,
1331,12/19/2010,20:00:00,0.01,0,2.91,
1332,12/19/2010,23:00:00,0.01,0,2.91,
1333,12/20/2010,2:00:00,0.01,0,2.91,
1334,12/20/2010,5:00:00,0.01,0,2.91,
1335,12/20/2010,8:00:00,0.01,0,2.91,
1336,12/20/2010,11:00:00,0.01,0,2.91,
1337,12/20/2010,14:00:00,0.01,0,2.91,
1338,12/20/2010,17:00:00,0.01,0,2.91,
1339,12/20/2010,20:00:00,0.01,0,2.91,
1340,12/20/2010,23:00:00,0.01,0,2.91,
1341,12/21/2010,2:00:00,0.01,0,2.91,
1342,12/21/2010,5:00:00,0.01,0,2.91,
1343,12/21/2010,8:00:00,0.01,0,2.91,
1344,12/21/2010,11:00:00,0.01,0,2.91,
1345,12/21/2010,14:00:00,0.121,0,2.91,
1346,12/21/2010,17:00:00,0.01,0,2.91,
1347,12/21/2010,20:00:00,0.01,0,2.91,
1348,12/21/2010,23:00:00,0.01,0,2.91,
1349,12/22/2010,2:00:00,0.01,0,2.91,
1350,12/22/2010,5:00:00,0.121,0,2.91,
1351,12/22/2010,8:00:00,0.121,0,2.91,
1352,12/22/2010,11:00:00,0.121,0,2.91,
1353,12/22/2010,14:00:00,0.232,0,2.91,
1354,12/22/2010,17:00:00,0.232,0,2.91,
1355,12/22/2010,20:00:00,0.121,0,2.91,
1356,12/22/2010,23:00:00,0.232,0,2.91,
1357,12/23/2010,2:00:00,0.232,0,2.91,
1358,12/23/2010,5:00:00,0.121,0,2.91,
1359,12/23/2010,8:00:00,0.121,0,2.91,
1360,12/23/2010,11:00:00,0.121,0,2.91,
1361,12/23/2010,14:00:00,0.232,0,2.91,
1362,12/23/2010,17:00:00,0.232,0,2.91,
1363,12/23/2010,20:00:00,0.232,0,2.91,
1364,12/23/2010,23:00:00,0.232,0,2.91,
1365,12/24/2010,2:00:00,0.232,0,2.91,
1366,12/24/2010,5:00:00,0.121,0,2.91,
1367,12/24/2010,8:00:00,0.121,0,2.91,
1368,12/24/2010,11:00:00,0.121,0,2.91,
1369,12/24/2010,14:00:00,0.121,0,2.91,
1370,12/24/2010,17:00:00,0.121,0,2.91,
1371,12/24/2010,20:00:00,0.121,0,2.91,
1372,12/24/2010,23:00:00,0.121,0,2.91,
1373,12/25/2010,2:00:00,0.121,0,2.91,
1374,12/25/2010,5:00:00,0.121,0,2.91,
1375,12/25/2010,8:00:00,0.121,0,2.91,
1376,12/25/2010,11:00:00,0.121,0,2.91,
1377,12/25/2010,14:00:00,0.121,0,2.91,
1378,12/25/2010,17:00:00,0.121,0,2.91,
1379,12/25/2010,20:00:00,0.121,0,2.91,
1380,12/25/2010,23:00:00,0.121,0,2.91,
1381,12/26/2010,2:00:00,0.121,0,2.91,
1382,12/26/2010,5:00:00,0.232,0,2.91,
1383,12/26/2010,8:00:00,0.232,0,2.91,
1384,12/26/2010,11:00:00,0.121,0,2.91,
1385,12/26/2010,14:00:00,0.121,0,2.91,
1386,12/26/2010,17:00:00,0.121,0,2.91,
1387,12/26/2010,20:00:00,0.121,0,2.91,
1388,12/26/2010,23:00:00,0.232,0,2.91,
1389,12/27/2010,2:00:00,0.232,0,2.91,
1390,12/27/2010,5:00:00,0.232,0,2.91,
1391,12/27/2010,8:00:00,0.232,0,2.91,
1392,12/27/2010,11:00:00,0.232,0,2.91,
1393,12/27/2010,14:00:00,0.232,0,2.91,
1394,12/27/2010,17:00:00,0.343,0,2.91,
1395,12/27/2010,20:00:00,0.343,0,2.91,
1396,12/27/2010,23:00:00,0.343,0,2.91,
1397,12/28/2010,2:00:00,0.343,0,2.91,
1398,12/28/2010,5:00:00,0.343,0,2.91,
1399,12/28/2010,8:00:00,0.343,0,2.91,
1400,12/28/2010,11:00:00,0.343,0,2.91,
1401,12/28/2010,14:00:00,0.343,0,2.91,
1402,12/28/2010,17:00:00,0.232,0,2.91,
1403,12/28/2010,20:00:00,0.232,0,2.91,
1404,12/28/2010,23:00:00,0.343,0,2.91,
1405,12/29/2010,2:00:00,0.232,0,2.91,
1406,12/29/2010,5:00:00,0.343,0,2.91,
1407,12/29/2010,8:00:00,0.343,0,2.91,
1408,12/29/2010,11:00:00,0.343,0,2.91,
1409,12/29/2010,14:00:00,0.343,0,2.91,
1410,12/29/2010,17:00:00,0.232,0,2.91,
1411,12/29/2010,20:00:00,0.232,0,2.91,
1412,12/29/2010,23:00:00,0.232,0,2.91,
1413,12/30/2010,2:00:00,0.232,0,2.91,
1414,12/30/2010,5:00:00,0.232,0,2.91,
1415,12/30/2010,8:00:00,0.343,0,2.91,
1416,12/30/2010,11:00:00,0.343,0,2.91,
1417,12/30/2010,14:00:00,0.343,0,2.91,
1418,12/30/2010,17:00:00,0.343,0,2.91,
1419,12/30/2010,20:00:00,0.232,0,2.91,
1420,12/30/2010,23:00:00,0.343,0,2.91,
1421,12/31/2010,2:00:00,0.343,0,2.91,
1422,12/31/2010,5:00:00,0.343,0,2.91,
1423,12/31/2010,8:00:00,0.232,0,2.91,
1424,12/31/2010,11:00:00,0.343,0,2.91,
1425,12/31/2010,14:00:00,0.343,0,2.91,
1426,12/31/2010,17:00:00,0.343,0,2.91,
1427,12/31/2010,20:00:00,0.232,0,2.91,
1428,12/31/2010,23:00:00,0.343,0,2.91,
1429,1/1/2011,2:00:00,0.343,0,2.91,
1430,1/1/2011,5:00:00,0.343,0,2.91,
1431,1/1/2011,8:00:00,0.343,0,2.91,
1432,1/1/2011,11:00:00,0.343,0,2.91,
1433,1/1/2011,14:00:00,0.232,0,2.91,
1434,1/1/2011,17:00:00,0.453,0,2.91,
1435,1/1/2011,20:00:00,0.343,0,2.91,
1436,1/1/2011,23:00:00,0.343,0,2.91,
1437,1/2/2011,2:00:00,0.343,0,2.91,
1438,1/2/2011,5:00:00,0.343,0,2.91,
1439,1/2/2011,8:00:00,0.343,0,2.91,
1440,1/2/2011,11:00:00,0.343,0,2.91,
1441,1/2/2011,14:00:00,0.232,0,2.91,
1442,1/2/2011,17:00:00,0.343,0,2.91,
1443,1/2/2011,20:00:00,0.343,0,2.91,
1444,1/2/2011,23:00:00,0.232,0,2.91,
1445,1/3/2011,2:00:00,0.343,0,2.91,
1446,1/3/2011,5:00:00,0.453,0,2.91,
1447,1/3/2011,8:00:00,0.453,0,2.91,
1448,1/3/2011,11:00:00,0.453,0,2.91,
1449,1/3/2011,14:00:00,0.453,0,2.91,
1450,1/3/2011,17:00:00,0.453,0,2.91,
1451,1/3/2011,20:00:00,0.453,0,2.91,
1452,1/3/2011,23:00:00,0.453,0,2.91,
1453,1/4/2011,2:00:00,0.453,0,2.91,
1454,1/4/2011,5:00:00,0.453,0,2.91,
1455,1/4/2011,8:00:00,0.453,0,2.91,
1456,1/4/2011,11:00:00,0.453,0,2.91,
1457,1/4/2011,14:00:00,0.453,0,2.91,
1458,1/4/2011,17:00:00,0.453,0,2.91,
1459,1/4/2011,20:00:00,0.343,0,2.91,
1460,1/4/2011,23:00:00,0.453,0,2.91,
1461,1/5/2011,2:00:00,0.453,0,2.91,
1462,1/5/2011,5:00:00,0.453,0,2.91,
1463,1/5/2011,8:00:00,0.453,0,2.91,
1464,1/5/2011,11:00:00,0.453,0,2.91,
1465,1/5/2011,14:00:00,0.453,0,2.91,
1466,1/5/2011,17:00:00,0.453,0,2.91,
1467,1/5/2011,20:00:00,0.453,0,2.91,
1468,1/5/2011,23:00:00,0.453,0,2.91,
1469,1/6/2011,2:00:00,0.453,0,2.91,
1470,1/6/2011,5:00:00,0.453,0,2.91,
1471,1/6/2011,8:00:00,0.453,0,2.91,
1472,1/6/2011,11:00:00,0.563,0,2.91,
1473,1/6/2011,14:00:00,0.453,0,2.91,
1474,1/6/2011,17:00:00,0.563,0,2.91,
1475,1/6/2011,20:00:00,0.563,0,2.91,
1476,1/6/2011,23:00:00,0.563,0,2.91,
1477,1/7/2011,2:00:00,0.563,0,2.91,
1478,1/7/2011,5:00:00,0.563,0,2.91,
1479,1/7/2011,8:00:00,0.563,0,2.91,
1480,1/7/2011,11:00:00,0.563,0,2.91,
1481,1/7/2011,14:00:00,0.563,0,2.91,
1482,1/7/2011,17:00:00,0.563,0,2.91,
1483,1/7/2011,20:00:00,0.563,0,2.91,
1484,1/7/2011,23:00:00,0.453,0,2.91,
1485,1/8/2011,2:00:00,0.453,0,2.91,
1486,1/8/2011,5:00:00,0.453,0,2.91,
1487,1/8/2011,8:00:00,0.453,0,2.91,
1488,1/8/2011,11:00:00,0.563,0,2.91,
1489,1/8/2011,14:00:00,0.453,0,2.91,
1490,1/8/2011,17:00:00,0.563,0,2.91,
1491,1/8/2011,20:00:00,0.453,0,2.91,
1492,1/8/2011,23:00:00,0.453,0,2.91,
1493,1/9/2011,2:00:00,0.563,0,2.91,
1494,1/9/2011,5:00:00,0.453,0,2.91,
1495,1/9/2011,8:00:00,0.453,0,2.91,
1496,1/9/2011,11:00:00,0.563,0,2.91,
1497,1/9/2011,14:00:00,0.453,0,2.91,
1498,1/9/2011,17:00:00,0.453,0,2.91,
1499,1/9/2011,20:00:00,0.453,0,2.91,
1500,1/9/2011,23:00:00,0.453,0,2.91,
1501,1/10/2011,2:00:00,0.343,0,2.91,
1502,1/10/2011,5:00:00,0.453,0,2.91,
1503,1/10/2011,8:00:00,0.453,0,2.91,
1504,1/10/2011,11:00:00,0.453,0,2.91,
1505,1/10/2011,14:00:00,0.453,0,2.91,
1506,1/10/2011,17:00:00,0.453,0,2.91,
1507,1/10/2011,20:00:00,0.343,0,2.91,
1508,1/10/2011,23:00:00,0.343,0,2.91,
1509,1/11/2011,2:00:00,0.343,0,2.91,
1510,1/11/2011,5:00:00,0.343,0,2.91,
1511,1/11/2011,8:00:00,0.343,0,2.91,
1512,1/11/2011,11:00:00,0.453,0,2.91,
1513,1/11/2011,14:00:00,0.453,0,2.91,
1514,1/11/2011,17:00:00,0.453,0,2.91,
1515,1/11/2011,20:00:00,0.453,0,2.91,
1516,1/11/2011,23:00:00,0.453,0,2.91,
1517,1/12/2011,2:00:00,0.453,0,2.91,
1518,1/12/2011,5:00:00,0.453,0,2.91,
1519,1/12/2011,8:00:00,0.453,0,2.91,
1520,1/12/2011,11:00:00,0.343,0,2.91,
1521,1/12/2011,14:00:00,0.343,0,2.91,
1522,1/12/2011,17:00:00,0.453,0,2.91,
1523,1/12/2011,20:00:00,0.343,0,2.91,
1524,1/12/2011,23:00:00,0.343,0,2.91,
1525,1/13/2011,2:00:00,0.343,0,2.91,
1526,1/13/2011,5:00:00,0.343,0,2.91,
1527,1/13/2011,8:00:00,0.343,0,2.91,
1528,1/13/2011,11:00:00,0.343,0,2.91,
1529,1/13/2011,14:00:00,0.343,0,2.91,
1530,1/13/2011,17:00:00,0.453,0,2.91,
1531,1/13/2011,20:00:00,0.343,0,2.91,
1532,1/13/2011,23:00:00,0.343,0,2.91,
1533,1/14/2011,2:00:00,0.343,0,2.91,
1534,1/14/2011,5:00:00,0.453,0,2.91,
1535,1/14/2011,8:00:00,0.453,0,2.91,
1536,1/14/2011,11:00:00,0.453,0,2.91,
1537,1/14/2011,14:00:00,0.453,0,2.91,
1538,1/14/2011,17:00:00,0.453,0,2.91,
1539,1/14/2011,20:00:00,0.453,0,2.91,
1540,1/14/2011,23:00:00,0.453,0,2.91,
1541,1/15/2011,2:00:00,0.453,0,2.91,
1542,1/15/2011,5:00:00,0.453,0,2.91,
1543,1/15/2011,8:00:00,0.343,0,2.91,
1544,1/15/2011,11:00:00,0.343,0,2.91,
1545,1/15/2011,14:00:00,0.343,0,2.91,
1546,1/15/2011,17:00:00,0.343,0,2.91,
1547,1/15/2011,20:00:00,0.343,0,2.91,
1548,1/15/2011,23:00:00,0.343,0,2.91,
1549,1/16/2011,2:00:00,0.343,0,2.91,
1550,1/16/2011,5:00:00,0.343,0,2.91,
1551,1/16/2011,8:00:00,0.343,0,2.91,
1552,1/16/2011,11:00:00,0.343,0,2.91,
1553,1/16/2011,14:00:00,0.343,0,2.91,
1554,1/16/2011,17:00:00,0.343,0,2.91,
1555,1/16/2011,20:00:00,0.343,0,2.91,
1556,1/16/2011,23:00:00,0.343,0,2.91,
1557,1/17/2011,2:00:00,0.343,0,2.91,
1558,1/17/2011,5:00:00,0.343,0,2.91,
1559,1/17/2011,8:00:00,0.343,0,2.91,
1560,1/17/2011,11:00:00,0.343,0,2.91,
1561,1/17/2011,14:00:00,0.343,0,2.91,
1562,1/17/2011,17:00:00,0.343,0,2.91,
1563,1/17/2011,20:00:00,0.343,0,2.91,
1564,1/17/2011,23:00:00,0.343,0,2.91,
1565,1/18/2011,2:00:00,0.343,0,2.91,
1566,1/18/2011,5:00:00,0.343,0,2.91,
1567,1/18/2011,8:00:00,0.343,0,2.91,
1568,1/18/2011,11:00:00,0.343,0,2.91,
1569,1/18/2011,14:00:00,0.343,0,2.91,
1570,1/18/2011,17:00:00,0.343,0,2.91,
1571,1/18/2011,20:00:00,0.343,0,2.91,
1572,1/18/2011,23:00:00,0.343,0,2.91,
1573,1/19/2011,2:00:00,0.343,0,2.91,
1574,1/19/2011,5:00:00,0.343,0,2.91,
1575,1/19/2011,8:00:00,0.343,0,2.91,
1576,1/19/2011,11:00:00,0.343,0,2.91,
1577,1/19/2011,14:00:00,0.343,0,2.91,
1578,1/19/2011,17:00:00,0.343,0,2.91,
1579,1/19/2011,20:00:00,0.343,0,2.91,
1580,1/19/2011,23:00:00,0.343,0,2.91,
1581,1/20/2011,2:00:00,0.343,0,2.91,
1582,1/20/2011,5:00:00,0.343,0,2.91,
1583,1/20/2011,8:00:00,0.343,0,2.91,
1584,1/20/2011,11:00:00,0.343,0,2.91,
1585,1/20/2011,14:00:00,0.343,0,2.91,
1586,1/20/2011,17:00:00,0.343,0,2.91,
1587,1/20/2011,20:00:00,0.343,0,2.91,
1588,1/20/2011,23:00:00,0.343,0,2.91,
1589,1/21/2011,2:00:00,0.343,0,2.91,
1590,1/21/2011,5:00:00,0.343,0,2.91,
1591,1/21/2011,8:00:00,0.343,0,2.91,
1592,1/21/2011,11:00:00,0.343,0,2.91,
1593,1/21/2011,14:00:00,0.343,0,2.91,
1594,1/21/2011,17:00:00,0.343,0,2.91,
1595,1/21/2011,20:00:00,0.343,0,2.91,
1596,1/21/2011,23:00:00,0.343,0,2.91,
1597,1/22/2011,2:00:00,0.343,0,2.91,
1598,1/22/2011,5:00:00,0.343,0,2.91,
1599,1/22/2011,8:00:00,0.343,0,2.91,
1600,1/22/2011,11:00:00,0.343,0,2.91,
1601,1/22/2011,14:00:00,0.343,0,2.91,
1602,1/22/2011,17:00:00,0.343,0,2.91,
1603,1/22/2011,20:00:00,0.343,0,2.91,
1604,1/22/2011,23:00:00,0.343,0,2.91,
1605,1/23/2011,2:00:00,0.343,0,2.91,
1606,1/23/2011,5:00:00,0.343,0,2.91,
1607,1/23/2011,8:00:00,0.343,0,2.91,
1608,1/23/2011,11:00:00,0.232,0,2.91,
1609,1/23/2011,14:00:00,0.343,0,2.91,
1610,1/23/2011,17:00:00,0.343,0,2.91,
1611,1/23/2011,20:00:00,0.343,0,2.91,
1612,1/23/2011,23:00:00,0.343,0,2.91,
1613,1/24/2011,2:00:00,0.232,0,2.91,
1614,1/24/2011,5:00:00,0.232,0,2.91,
1615,1/24/2011,8:00:00,0.232,0,2.91,
1616,1/24/2011,11:00:00,0.232,0,2.91,
1617,1/24/2011,14:00:00,0.121,0,2.91,
1618,1/24/2011,17:00:00,0.232,0,2.91,
1619,1/24/2011,20:00:00,0.232,0,2.91,
1620,1/24/2011,23:00:00,0.232,0,2.91,
1621,1/25/2011,2:00:00,0.232,0,2.91,
1622,1/25/2011,5:00:00,0.232,0,2.91,
1623,1/25/2011,8:00:00,0.232,0,2.91,
1624,1/25/2011,11:00:00,0.232,0,2.91,
1625,1/25/2011,14:00:00,0.232,0,2.91,
1626,1/25/2011,17:00:00,0.232,0,2.91,
1627,1/25/2011,20:00:00,0.232,0,2.91,
1628,1/25/2011,23:00:00,0.232,0,2.91,
1629,1/26/2011,2:00:00,0.232,0,2.91,
1630,1/26/2011,5:00:00,0.232,0,2.91,
1631,1/26/2011,8:00:00,0.232,0,2.91,
1632,1/26/2011,11:00:00,0.121,0,2.91,
1633,1/26/2011,14:00:00,0.121,0,2.91,
1634,1/26/2011,17:00:00,0.121,0,2.91,
1635,1/26/2011,20:00:00,0.121,0,2.91,
1636,1/26/2011,23:00:00,0.121,0,2.91,
1637,1/27/2011,2:00:00,0.121,0,2.91,
1638,1/27/2011,5:00:00,0.121,0,2.91,
1639,1/27/2011,8:00:00,0.121,0,2.91,
1640,1/27/2011,11:00:00,0.121,0,2.91,
1641,1/27/2011,14:00:00,0.121,0,2.91,
1642,1/27/2011,17:00:00,0.232,0,2.91,
1643,1/27/2011,20:00:00,0.232,0,2.91,
1644,1/27/2011,23:00:00,0.232,0,2.91,
1645,1/28/2011,2:00:00,0.232,0,2.91,
1646,1/28/2011,5:00:00,0.121,0,2.91,
1647,1/28/2011,8:00:00,0.121,0,2.91,
1648,1/28/2011,11:00:00,0.121,0,2.91,
1649,1/28/2011,14:00:00,0.121,0,2.91,
1650,1/28/2011,17:00:00,0.232,0,2.91,
1651,1/28/2011,20:00:00,0.232,0,2.91,
1652,1/28/2011,23:00:00,0.232,0,2.91,
1653,1/29/2011,2:00:00,0.232,0,2.91,
1654,1/29/2011,5:00:00,0.121,0,2.91,
1655,1/29/2011,8:00:00,0.121,0,2.91,
1656,1/29/2011,11:00:00,0.121,0,2.91,
1657,1/29/2011,14:00:00,0.232,0,2.91,
1658,1/29/2011,17:00:00,0.232,0,2.91,
1659,1/29/2011,20:00:00,0.232,0,2.91,
1660,1/29/2011,23:00:00,0.232,0,2.91,
1661,1/30/2011,2:00:00,0.232,0,2.91,
1662,1/30/2011,5:00:00,0.232,0,2.91,
1663,1/30/2011,8:00:00,0.232,0,2.91,
1664,1/30/2011,11:00:00,0.232,0,2.91,
1665,1/30/2011,14:00:00,0.121,0,2.91,
1666,1/30/2011,17:00:00,0.232,0,2.91,
1667,1/30/2011,20:00:00,0.232,0,2.91,
1668,1/30/2011,23:00:00,0.232,0,2.91,
1669,1/31/2011,2:00:00,0.232,0,2.91,
1670,1/31/2011,5:00:00,0.232,0,2.91,
1671,1/31/2011,8:00:00,0.232,0,2.91,
1672,1/31/2011,11:00:00,0.232,0,2.91,
1673,1/31/2011,14:00:00,0.121,0,2.91,
1674,1/31/2011,17:00:00,0.232,0,2.91,
1675,1/31/2011,20:00:00,0.232,0,2.91,
1676,1/31/2011,23:00:00,0.232,0,2.91,
1677,2/1/2011,2:00:00,0.232,0,2.91,
1678,2/1/2011,5:00:00,0.232,0,2.91,
1679,2/1/2011,8:00:00,0.121,0,2.91,
1680,2/1/2011,11:00:00,-0.102,0,2.91,
1681,2/1/2011,14:00:00,-0.102,0,2.91,
1682,2/1/2011,17:00:00,-0.549,0,2.93,
1683,2/1/2011,20:00:00,-1.684,0,2.91,
1684,2/1/2011,23:00:00,-2.61,0,2.91,
1685,2/2/2011,2:00:00,-1.456,0,2.91,
1686,2/2/2011,5:00:00,-1.341,0,2.91,
1687,2/2/2011,8:00:00,-1.684,0,2.91,
1688,2/2/2011,11:00:00,-2.03,0,2.91,
1689,2/2/2011,14:00:00,-1.684,0,2.91,
1690,2/2/2011,17:00:00,-1.001,0,2.91,
1691,2/2/2011,20:00:00,-0.887,0,2.93,
1692,2/2/2011,23:00:00,-0.887,0,2.93,
1693,2/3/2011,2:00:00,-0.887,0,2.91,
1694,2/3/2011,5:00:00,-0.887,0,2.91,
1695,2/3/2011,8:00:00,-0.549,0,2.93,
1696,2/3/2011,11:00:00,-0.549,0,2.93,
1697,2/3/2011,14:00:00,-0.437,0,2.93,
1698,2/3/2011,17:00:00,-0.325,0,2.91,
1699,2/3/2011,20:00:00,-0.213,0,2.91,
1700,2/3/2011,23:00:00,-0.213,0,2.91,
1701,2/4/2011,2:00:00,-0.213,0,2.91,
1702,2/4/2011,5:00:00,-0.213,0,2.91,
1703,2/4/2011,8:00:00,-0.213,0,2.91,
1704,2/4/2011,11:00:00,-0.102,0,2.91,
1705,2/4/2011,14:00:00,-0.102,0,2.91,
1706,2/4/2011,17:00:00,-0.102,0,2.91,
1707,2/4/2011,20:00:00,-0.102,0,2.91,
1708,2/4/2011,23:00:00,0.01,0,2.91,
1709,2/5/2011,2:00:00,0.01,0,2.91,
1710,2/5/2011,5:00:00,0.01,0,2.91,
1711,2/5/2011,8:00:00,0.01,0,2.91,
1712,2/5/2011,11:00:00,0.01,0,2.91,
1713,2/5/2011,14:00:00,0.01,0,2.91,
1714,2/5/2011,17:00:00,0.01,0,2.91,
1715,2/5/2011,20:00:00,0.01,0,2.91,
1716,2/5/2011,23:00:00,0.01,0,2.91,
1717,2/6/2011,2:00:00,0.01,0,2.91,
1718,2/6/2011,5:00:00,0.01,0,2.91,
1719,2/6/2011,8:00:00,-0.102,0,2.91,
1720,2/6/2011,11:00:00,-0.102,0,2.91,
1721,2/6/2011,14:00:00,-0.102,0,2.91,
1722,2/6/2011,17:00:00,-0.102,0,2.91,
1723,2/6/2011,20:00:00,-0.102,0,2.91,
1724,2/6/2011,23:00:00,-0.102,0,2.91,
1725,2/7/2011,2:00:00,-0.102,0,2.91,
1726,2/7/2011,5:00:00,-0.102,0,2.91,
1727,2/7/2011,8:00:00,-0.213,0,2.91,
1728,2/7/2011,11:00:00,-0.102,0,2.91,
1729,2/7/2011,14:00:00,-0.102,0,2.91,
1730,2/7/2011,17:00:00,-0.102,0,2.91,
1731,2/7/2011,20:00:00,-0.102,0,2.91,
1732,2/7/2011,23:00:00,-0.102,0,2.91,
1733,2/8/2011,2:00:00,-0.102,0,2.91,
1734,2/8/2011,5:00:00,-0.102,0,2.91,
1735,2/8/2011,8:00:00,0.01,0,2.91,
1736,2/8/2011,11:00:00,-0.102,0,2.91,
1737,2/8/2011,14:00:00,-0.102,0,2.91,
1738,2/8/2011,17:00:00,0.01,0,2.91,
1739,2/8/2011,20:00:00,-0.102,0,2.91,
1740,2/8/2011,23:00:00,-0.102,0,2.91,
1741,2/9/2011,2:00:00,-0.102,0,2.91,
1742,2/9/2011,5:00:00,-0.213,0,2.91,
1743,2/9/2011,8:00:00,-0.325,0,2.91,
1744,2/9/2011,11:00:00,-0.213,0,2.91,
1745,2/9/2011,14:00:00,-0.213,0,2.91,
1746,2/9/2011,17:00:00,-0.102,0,2.91,
1747,2/9/2011,20:00:00,-0.102,0,2.91,
1748,2/9/2011,23:00:00,-0.213,0,2.91,
1749,2/10/2011,2:00:00,-0.325,0,2.91,
1750,2/10/2011,5:00:00,-0.437,0,2.93,
1751,2/10/2011,8:00:00,-0.213,0,2.91,
1752,2/10/2011,11:00:00,-0.213,0,2.91,
1753,2/10/2011,14:00:00,-0.102,0,2.91,
1754,2/10/2011,17:00:00,-0.102,0,2.91,
1755,2/10/2011,20:00:00,-0.102,0,2.91,
1756,2/10/2011,23:00:00,-0.102,0,2.91,
1757,2/11/2011,2:00:00,-0.102,0,2.91,
1758,2/11/2011,5:00:00,-0.102,0,2.91,
1759,2/11/2011,8:00:00,-0.102,0,2.91,
1760,2/11/2011,11:00:00,-0.102,0,2.91,
1761,2/11/2011,14:00:00,-0.102,0,2.91,
1762,2/11/2011,17:00:00,0.01,0,2.91,
1763,2/11/2011,20:00:00,0.01,0,2.91,
1764,2/11/2011,23:00:00,0.01,0,2.91,
1765,2/12/2011,2:00:00,0.01,0,2.91,
1766,2/12/2011,5:00:00,0.01,0,2.91,
1767,2/12/2011,8:00:00,0.01,0,2.91,
1768,2/12/2011,11:00:00,0.01,0,2.91,
1769,2/12/2011,14:00:00,0.01,0,2.91,
1770,2/12/2011,17:00:00,0.01,0,2.91,
1771,2/12/2011,20:00:00,0.01,0,2.91,
1772,2/12/2011,23:00:00,0.01,0,2.91,
1773,2/13/2011,2:00:00,0.01,0,2.91,
1774,2/13/2011,5:00:00,0.01,0,2.91,
1775,2/13/2011,8:00:00,0.01,0,2.91,
1776,2/13/2011,11:00:00,0.01,0,2.91,
1777,2/13/2011,14:00:00,0.121,0,2.91,
1778,2/13/2011,17:00:00,0.01,0,2.91,
1779,2/13/2011,20:00:00,0.01,0,2.91,
1780,2/13/2011,23:00:00,0.01,0,2.91,
1781,2/14/2011,2:00:00,0.121,0,2.91,
1782,2/14/2011,5:00:00,0.121,0,2.91,
1783,2/14/2011,8:00:00,0.121,0,2.91,
1784,2/14/2011,11:00:00,0.121,0,2.91,
1785,2/14/2011,14:00:00,0.121,0,2.91,
1786,2/14/2011,17:00:00,0.121,0,2.91,
1787,2/14/2011,20:00:00,0.121,0,2.91,
1788,2/14/2011,23:00:00,0.121,0,2.91,
1789,2/15/2011,2:00:00,0.121,0,2.91,
1790,2/15/2011,5:00:00,0.121,0,2.91,
1791,2/15/2011,8:00:00,0.121,0,2.91,
1792,2/15/2011,11:00:00,0.121,0,2.91,
1793,2/15/2011,14:00:00,0.121,0,2.91,
1794,2/15/2011,17:00:00,0.121,0,2.91,
1795,2/15/2011,20:00:00,0.121,0,2.91,
1796,2/15/2011,23:00:00,0.121,0,2.91,
1797,2/16/2011,2:00:00,0.121,0,2.91,
1798,2/16/2011,5:00:00,0.121,0,2.91,
1799,2/16/2011,8:00:00,0.232,0,2.91,
1800,2/16/2011,11:00:00,0.232,0,2.91,
1801,2/16/2011,14:00:00,0.121,0,2.91,
1802,2/16/2011,17:00:00,0.232,0,2.91,
1803,2/16/2011,20:00:00,0.232,0,2.91,
1804,2/16/2011,23:00:00,0.232,0,2.91,
1805,2/17/2011,2:00:00,0.121,0,2.91,
1806,2/17/2011,5:00:00,0.121,0,2.91,
1807,2/17/2011,8:00:00,0.121,0,2.91,
1808,2/17/2011,11:00:00,0.121,0,2.91,
1809,2/17/2011,14:00:00,0.121,0,2.91,
1810,2/17/2011,17:00:00,0.232,0,2.91,
1811,2/17/2011,20:00:00,0.232,0,2.91,
1812,2/17/2011,23:00:00,0.232,0,2.91,
1813,2/18/2011,2:00:00,0.232,0,2.91,
1814,2/18/2011,5:00:00,0.232,0,2.91,
1815,2/18/2011,8:00:00,0.232,0,2.91,
1816,2/18/2011,11:00:00,0.121,0,2.91,
1817,2/18/2011,14:00:00,0.232,0,2.91,
1818,2/18/2011,17:00:00,0.232,0,2.91,
1819,2/18/2011,20:00:00,0.232,0,2.91,
1820,2/18/2011,23:00:00,0.232,0,2.91,
1821,2/19/2011,2:00:00,0.232,0,2.91,
1822,2/19/2011,5:00:00,0.232,0,2.91,
1823,2/19/2011,8:00:00,0.232,0,2.91,
1824,2/19/2011,11:00:00,0.232,0,2.91,
1825,2/19/2011,14:00:00,0.232,0,2.91,
1826,2/19/2011,17:00:00,0.232,0,2.91,
1827,2/19/2011,20:00:00,0.232,0,2.91,
1828,2/19/2011,23:00:00,0.232,0,2.91,
1829,2/20/2011,2:00:00,0.232,0,2.91,
1830,2/20/2011,5:00:00,0.232,0,2.91,
1831,2/20/2011,8:00:00,0.232,0,2.91,
1832,2/20/2011,11:00:00,0.232,0,2.91,
1833,2/20/2011,14:00:00,0.232,0,2.91,
1834,2/20/2011,17:00:00,0.232,0,2.91,
1835,2/20/2011,20:00:00,0.232,0,2.91,
1836,2/20/2011,23:00:00,0.232,0,2.91,
1837,2/21/2011,2:00:00,0.121,0,2.91,
1838,2/21/2011,5:00:00,0.121,0,2.91,
1839,2/21/2011,8:00:00,0.232,0,2.91,
1840,2/21/2011,11:00:00,0.232,0,2.91,
1841,2/21/2011,14:00:00,0.232,0,2.91,
1842,2/21/2011,17:00:00,0.232,0,2.91,
1843,2/21/2011,20:00:00,0.232,0,2.91,
1844,2/21/2011,23:00:00,0.232,0,2.91,
1845,2/22/2011,2:00:00,0.232,0,2.91,
1846,2/22/2011,5:00:00,0.232,0,2.91,
1847,2/22/2011,8:00:00,0.232,0,2.91,
1848,2/22/2011,11:00:00,0.232,0,2.91,
1849,2/22/2011,14:00:00,0.232,0,2.91,
1850,2/22/2011,17:00:00,0.343,0,2.91,
1851,2/22/2011,20:00:00,0.343,0,2.91,
1852,2/22/2011,23:00:00,0.343,0,2.91,
1853,2/23/2011,2:00:00,0.232,0,2.91,
1854,2/23/2011,5:00:00,0.232,0,2.91,
1855,2/23/2011,8:00:00,0.232,0,2.91,
1856,2/23/2011,11:00:00,0.343,0,2.91,
1857,2/23/2011,14:00:00,0.232,0,2.91,
1858,2/23/2011,17:00:00,0.343,0,2.91,
1859,2/23/2011,20:00:00,0.343,0,2.91,
1860,2/23/2011,23:00:00,0.343,0,2.91,
1861,2/24/2011,2:00:00,0.343,0,2.91,
1862,2/24/2011,5:00:00,0.232,0,2.91,
1863,2/24/2011,8:00:00,0.232,0,2.91,
1864,2/24/2011,11:00:00,0.232,0,2.91,
1865,2/24/2011,14:00:00,0.232,0,2.91,
1866,2/24/2011,17:00:00,0.232,0,2.91,
1867,2/24/2011,20:00:00,0.232,0,2.91,
1868,2/24/2011,23:00:00,0.232,0,2.91,
1869,2/25/2011,2:00:00,0.232,0,2.91,
1870,2/25/2011,5:00:00,0.232,0,2.91,
1871,2/25/2011,8:00:00,0.232,0,2.91,
1872,2/25/2011,11:00:00,0.232,0,2.91,
1873,2/25/2011,14:00:00,0.232,0,2.91,
1874,2/25/2011,17:00:00,0.232,0,2.91,
1875,2/25/2011,20:00:00,0.232,0,2.91,
1876,2/25/2011,23:00:00,0.343,0,2.91,
1877,2/26/2011,2:00:00,0.343,0,2.91,
1878,2/26/2011,5:00:00,0.232,0,2.91,
1879,2/26/2011,8:00:00,0.232,0,2.91,
1880,2/26/2011,11:00:00,0.232,0,2.91,
1881,2/26/2011,14:00:00,0.121,0,2.91,
1882,2/26/2011,17:00:00,0.232,0,2.91,
1883,2/26/2011,20:00:00,0.343,0,2.91,
1884,2/26/2011,23:00:00,0.343,0,2.91,
1885,2/27/2011,2:00:00,0.232,0,2.91,
1886,2/27/2011,5:00:00,0.232,0,2.91,
1887,2/27/2011,8:00:00,0.121,0,2.91,
1888,2/27/2011,11:00:00,0.121,0,2.91,
1889,2/27/2011,14:00:00,0.232,0,2.91,
1890,2/27/2011,17:00:00,0.232,0,2.91,
1891,2/27/2011,20:00:00,0.121,0,2.91,
1892,2/27/2011,23:00:00,0.232,0,2.91,
1893,2/28/2011,2:00:00,0.121,0,2.91,
1894,2/28/2011,5:00:00,0.232,0,2.91,
1895,2/28/2011,8:00:00,0.232,0,2.91,
1896,2/28/2011,11:00:00,0.232,0,2.91,
1897,2/28/2011,14:00:00,0.232,0,2.91,
1898,2/28/2011,17:00:00,0.343,0,2.91,
1899,2/28/2011,20:00:00,0.343,0,2.91,
1900,2/28/2011,23:00:00,0.343,0,2.91,
1901,3/1/2011,2:00:00,0.343,0,2.91,
1902,3/1/2011,5:00:00,0.232,0,2.91,
1903,3/1/2011,8:00:00,0.232,0,2.91,
1904,3/1/2011,11:00:00,0.232,0,2.91,
1905,3/1/2011,14:00:00,0.232,0,2.91,
1906,3/1/2011,17:00:00,0.343,0,2.91,
1907,3/1/2011,20:00:00,0.232,0,2.91,
1908,3/1/2011,23:00:00,0.232,0,2.91,
1909,3/2/2011,2:00:00,0.232,0,2.91,
1910,3/2/2011,5:00:00,0.232,0,2.91,
1911,3/2/2011,8:00:00,0.343,0,2.91,
1912,3/2/2011,11:00:00,0.343,0,2.91,
1913,3/2/2011,14:00:00,0.343,0,2.91,
1914,3/2/2011,17:00:00,0.343,0,2.91,
1915,3/2/2011,20:00:00,0.343,0,2.91,
1916,3/2/2011,23:00:00,0.343,0,2.91,
1917,3/3/2011,2:00:00,0.343,0,2.91,
1918,3/3/2011,5:00:00,0.343,0,2.91,
1919,3/3/2011,8:00:00,0.343,0,2.91,
1920,3/3/2011,11:00:00,0.343,0,2.91,
1921,3/3/2011,14:00:00,0.343,0,2.91,
1922,3/3/2011,17:00:00,0.343,0,2.91,
1923,3/3/2011,20:00:00,0.343,0,2.91,
1924,3/3/2011,23:00:00,0.343,0,2.91,
1925,3/4/2011,2:00:00,0.343,0,2.91,
1926,3/4/2011,5:00:00,0.343,0,2.91,
1927,3/4/2011,8:00:00,0.343,0,2.91,
1928,3/4/2011,11:00:00,0.343,0,2.91,
1929,3/4/2011,14:00:00,0.232,0,2.91,
1930,3/4/2011,17:00:00,0.232,0,2.91,
1931,3/4/2011,20:00:00,0.232,0,2.91,
1932,3/4/2011,23:00:00,0.343,0,2.91,
1933,3/5/2011,2:00:00,0.232,0,2.91,
1934,3/5/2011,5:00:00,0.232,0,2.91,
1935,3/5/2011,8:00:00,0.232,0,2.91,
1936,3/5/2011,11:00:00,0.232,0,2.91,
1937,3/5/2011,14:00:00,0.232,0,2.91,
1938,3/5/2011,17:00:00,0.232,0,2.91,
1939,3/5/2011,20:00:00,0.343,0,2.91,
1940,3/5/2011,23:00:00,0.232,0,2.91,
1941,3/6/2011,2:00:00,0.232,0,2.91,
1942,3/6/2011,5:00:00,0.232,0,2.91,
1943,3/6/2011,8:00:00,0.232,0,2.91,
1944,3/6/2011,11:00:00,0.232,0,2.91,
1945,3/6/2011,14:00:00,0.232,0,2.91,
1946,3/6/2011,17:00:00,0.232,0,2.91,
1947,3/6/2011,20:00:00,0.232,0,2.91,
1948,3/6/2011,23:00:00,0.232,0,2.91,
1949,3/7/2011,2:00:00,0.232,0,2.91,
1950,3/7/2011,5:00:00,0.232,0,2.91,
1951,3/7/2011,8:00:00,0.343,0,2.91,
1952,3/7/2011,11:00:00,0.343,0,2.91,
1953,3/7/2011,14:00:00,0.232,0,2.91,
1954,3/7/2011,17:00:00,0.343,0,2.91,
1955,3/7/2011,20:00:00,0.232,0,2.91,
1956,3/7/2011,23:00:00,0.232,0,2.91,
1957,3/8/2011,2:00:00,0.232,0,2.91,
1958,3/8/2011,5:00:00,0.232,0,2.91,
1959,3/8/2011,8:00:00,0.232,0,2.91,
1960,3/8/2011,11:00:00,0.232,0,2.91,
1961,3/8/2011,14:00:00,0.232,0,2.91,
1962,3/8/2011,17:00:00,0.232,0,2.91,
1963,3/8/2011,20:00:00,0.232,0,2.91,
1964,3/8/2011,23:00:00,0.232,0,2.91,
1965,3/9/2011,2:00:00,0.232,0,2.91,
1966,3/9/2011,5:00:00,0.232,0,2.91,
1967,3/9/2011,8:00:00,0.232,0,2.91,
1968,3/9/2011,11:00:00,0.232,0,2.91,
1969,3/9/2011,14:00:00,0.343,0,2.91,
1970,3/9/2011,17:00:00,0.343,0,2.91,
1971,3/9/2011,20:00:00,0.343,0,2.91,
1972,3/9/2011,23:00:00,0.343,0,2.91,
1973,3/10/2011,2:00:00,0.232,0,2.91,
1974,3/10/2011,5:00:00,0.343,0,2.91,
1975,3/10/2011,8:00:00,0.232,0,2.91,
1976,3/10/2011,11:00:00,0.343,0,2.91,
1977,3/10/2011,14:00:00,0.343,0,2.91,
1978,3/10/2011,17:00:00,0.232,0,2.91,
1979,3/10/2011,20:00:00,0.343,0,2.91,
1980,3/10/2011,23:00:00,0.343,0,2.91,
1981,3/11/2011,2:00:00,0.343,0,2.91,
1982,3/11/2011,5:00:00,0.343,0,2.91,
1983,3/11/2011,8:00:00,0.343,0,2.91,
1984,3/11/2011,11:00:00,0.343,0,2.91,
1985,3/11/2011,14:00:00,0.343,0,2.91,
1986,3/11/2011,17:00:00,0.343,0,2.91,
1987,3/11/2011,20:00:00,0.343,0,2.91,
1988,3/11/2011,23:00:00,0.343,0,2.91,
1989,3/12/2011,2:00:00,0.343,0,2.91,
1990,3/12/2011,5:00:00,0.343,0,2.91,
1991,3/12/2011,8:00:00,0.343,0,2.91,
1992,3/12/2011,11:00:00,0.343,0,2.91,
1993,3/12/2011,14:00:00,0.343,0,2.91,
1994,3/12/2011,17:00:00,0.343,0,2.91,
1995,3/12/2011,20:00:00,0.343,0,2.91,
1996,3/12/2011,23:00:00,0.343,0,2.91,
1997,3/13/2011,2:00:00,0.343,0,2.91,
1998,3/13/2011,5:00:00,0.343,0,2.91,
1999,3/13/2011,8:00:00,0.343,0,2.91,
2000,3/13/2011,11:00:00,0.343,0,2.91,
2001,3/13/2011,14:00:00,0.343,0,2.91,
2002,3/13/2011,17:00:00,0.343,0,2.91,
2003,3/13/2011,20:00:00,0.343,0,2.91,
2004,3/13/2011,23:00:00,0.343,0,2.91,
2005,3/14/2011,2:00:00,0.343,0,2.91,
2006,3/14/2011,5:00:00,0.343,0,2.91,
2007,3/14/2011,8:00:00,0.343,0,2.91,
2008,3/14/2011,11:00:00,0.343,0,2.91,
2009,3/14/2011,14:00:00,0.343,0,2.91,
2010,3/14/2011,17:00:00,0.343,0,2.91,
2011,3/14/2011,20:00:00,0.343,0,2.91,
2012,3/14/2011,23:00:00,0.343,0,2.91,
2013,3/15/2011,2:00:00,0.343,0,2.91,
2014,3/15/2011,5:00:00,0.343,0,2.91,
2015,3/15/2011,8:00:00,0.343,0,2.91,
2016,3/15/2011,11:00:00,0.343,0,2.91,
2017,3/15/2011,14:00:00,0.343,0,2.91,
2018,3/15/2011,17:00:00,0.343,0,2.91,
2019,3/15/2011,20:00:00,0.232,0,2.91,
2020,3/15/2011,23:00:00,0.232,0,2.91,
2021,3/16/2011,2:00:00,0.232,0,2.91,
2022,3/16/2011,5:00:00,0.232,0,2.91,
2023,3/16/2011,8:00:00,0.232,0,2.91,
2024,3/16/2011,11:00:00,0.343,86.1,2.91,
2025,3/16/2011,14:00:00,0.232,0,2.91,
2026,3/16/2011,17:00:00,0.232,0,2.91,
2027,3/16/2011,20:00:00,0.232,0,2.91,
2028,3/16/2011,23:00:00,0.232,0,2.91,
2029,3/17/2011,2:00:00,0.232,0,2.91,
2030,3/17/2011,5:00:00,0.232,0,2.91,
2031,3/17/2011,8:00:00,0.232,0,2.91,
2032,3/17/2011,11:00:00,0.343,150.7,2.91,
2033,3/17/2011,14:00:00,0.232,10.8,2.91,
2034,3/17/2011,17:00:00,0.232,0,2.91,
2035,3/17/2011,20:00:00,0.232,0,2.91,
2036,3/17/2011,23:00:00,0.232,0,2.91,
2037,3/18/2011,2:00:00,0.232,0,2.91,
2038,3/18/2011,5:00:00,0.232,0,2.91,
2039,3/18/2011,8:00:00,0.232,0,2.91,
2040,3/18/2011,11:00:00,0.343,129.2,2.91,
2041,3/18/2011,14:00:00,0.232,21.5,2.91,
2042,3/18/2011,17:00:00,0.232,0,2.91,
2043,3/18/2011,20:00:00,0.232,0,2.91,
2044,3/18/2011,23:00:00,0.232,0,2.91,
2045,3/19/2011,2:00:00,0.232,0,2.91,
2046,3/19/2011,5:00:00,0.232,0,2.91,
2047,3/19/2011,8:00:00,0.232,0,2.91,
2048,3/19/2011,11:00:00,0.453,624.3,2.91,
2049,3/19/2011,14:00:00,0.232,53.8,2.91,
2050,3/19/2011,17:00:00,0.232,10.8,2.91,
2051,3/19/2011,20:00:00,0.343,0,2.91,
2052,3/19/2011,23:00:00,0.232,0,2.91,
2053,3/20/2011,2:00:00,0.232,0,2.91,
2054,3/20/2011,5:00:00,0.232,0,2.91,
2055,3/20/2011,8:00:00,0.232,0,2.91,
2056,3/20/2011,11:00:00,0.563,764.2,2.91,
2057,3/20/2011,14:00:00,0.343,279.9,2.91,
2058,3/20/2011,17:00:00,0.343,139.9,2.91,
2059,3/20/2011,20:00:00,0.232,0,2.91,
2060,3/20/2011,23:00:00,0.232,0,2.91,
2061,3/21/2011,2:00:00,0.343,0,2.91,
2062,3/21/2011,5:00:00,0.343,0,2.91,
2063,3/21/2011,8:00:00,0.343,86.1,2.91,
2064,3/21/2011,11:00:00,0.674,1377.8,2.91,
2065,3/21/2011,14:00:00,0.563,355.2,2.91,
2066,3/21/2011,17:00:00,0.563,193.8,2.91,
2067,3/21/2011,20:00:00,0.453,0,2.91,
2068,3/21/2011,23:00:00,0.453,0,2.91,
2069,3/22/2011,2:00:00,0.453,0,2.91,
2070,3/22/2011,5:00:00,0.343,0,2.91,
2071,3/22/2011,8:00:00,0.453,21.5,2.91,
2072,3/22/2011,11:00:00,0.453,43.1,2.91,
2073,3/22/2011,14:00:00,0.453,96.9,2.91,
2074,3/22/2011,17:00:00,0.453,0,2.91,
2075,3/22/2011,20:00:00,0.343,0,2.91,
2076,3/22/2011,23:00:00,0.343,0,2.91,
2077,3/23/2011,2:00:00,0.343,0,2.91,
2078,3/23/2011,5:00:00,0.343,0,2.91,
2079,3/23/2011,8:00:00,0.121,0,2.91,
2080,3/23/2011,11:00:00,0.784,2066.7,2.91,
2081,3/23/2011,14:00:00,0.563,226,2.91,
2082,3/23/2011,17:00:00,0.563,0,2.91,
2083,3/23/2011,20:00:00,0.453,0,2.91,
2084,3/23/2011,23:00:00,0.232,0,2.91,
2085,3/24/2011,2:00:00,0.232,0,2.91,
2086,3/24/2011,5:00:00,0.343,0,2.91,
2087,3/24/2011,8:00:00,0.453,0,2.91,
2088,3/24/2011,11:00:00,1.221,2583.4,2.93,
2089,3/24/2011,14:00:00,0.784,559.7,2.93,
2090,3/24/2011,17:00:00,0.563,32.3,2.91,
2091,3/24/2011,20:00:00,0.453,0,2.91,
2092,3/24/2011,23:00:00,0.343,0,2.91,
2093,3/25/2011,2:00:00,0.232,0,2.91,
2094,3/25/2011,5:00:00,0.232,0,2.91,
2095,3/25/2011,8:00:00,0.232,21.5,2.91,
2096,3/25/2011,11:00:00,1.656,2497.2,2.93,
2097,3/25/2011,14:00:00,1.112,516.7,2.93,
2098,3/25/2011,17:00:00,0.893,344.4,2.93,
2099,3/25/2011,20:00:00,0.563,0,2.93,
2100,3/25/2011,23:00:00,0.563,0,2.91,
2101,3/26/2011,2:00:00,0.453,0,2.91,
2102,3/26/2011,5:00:00,0.343,0,2.91,
2103,3/26/2011,8:00:00,0.232,10.8,2.91,
2104,3/26/2011,11:00:00,2.517,1001,2.93,
2105,3/26/2011,14:00:00,1.221,269.1,2.93,
2106,3/26/2011,17:00:00,0.893,355.2,2.93,
2107,3/26/2011,20:00:00,0.784,0,2.93,
2108,3/26/2011,23:00:00,0.674,0,2.93,
2109,3/27/2011,2:00:00,0.674,0,2.93,
2110,3/27/2011,5:00:00,0.563,0,2.93,
2111,3/27/2011,8:00:00,0.563,215.3,2.93,
2112,3/27/2011,11:00:00,1.221,688.9,2.93,
2113,3/27/2011,14:00:00,1.33,775,2.93,
2114,3/27/2011,17:00:00,0.893,312.2,2.93,
2115,3/27/2011,20:00:00,0.674,0,2.93,
2116,3/27/2011,23:00:00,0.563,0,2.93,
2117,3/28/2011,2:00:00,0.563,0,2.93,
2118,3/28/2011,5:00:00,0.563,0,2.93,
2119,3/28/2011,8:00:00,0.563,96.9,2.93,
2120,3/28/2011,11:00:00,3.155,1808.3,2.93,
2121,3/28/2011,14:00:00,1.33,1141,2.93,
2122,3/28/2011,17:00:00,1.112,139.9,2.93,
2123,3/28/2011,20:00:00,1.003,0,2.93,
2124,3/28/2011,23:00:00,1.003,0,2.93,
2125,3/29/2011,2:00:00,0.893,0,2.93,
2126,3/29/2011,5:00:00,0.784,0,2.93,
2127,3/29/2011,8:00:00,0.674,172.2,2.93,
2128,3/29/2011,11:00:00,3.049,1894.5,2.93,
2129,3/29/2011,14:00:00,1.548,1463.9,2.93,
2130,3/29/2011,17:00:00,1.33,322.9,2.93,
2131,3/29/2011,20:00:00,1.221,0,2.93,
2132,3/29/2011,23:00:00,1.003,0,2.93,
2133,3/30/2011,2:00:00,1.003,0,2.93,
2134,3/30/2011,5:00:00,1.003,0,2.93,
2135,3/30/2011,8:00:00,1.003,538.2,2.93,
2136,3/30/2011,11:00:00,2.088,3961.1,2.93,
2137,3/30/2011,14:00:00,1.872,2411.1,2.93,
2138,3/30/2011,17:00:00,1.439,559.7,2.93,
2139,3/30/2011,20:00:00,1.33,0,2.93,
2140,3/30/2011,23:00:00,1.33,0,2.93,
2141,3/31/2011,2:00:00,1.221,0,2.93,
2142,3/31/2011,5:00:00,1.221,0,2.93,
2143,3/31/2011,8:00:00,1.221,172.2,2.93,
2144,3/31/2011,11:00:00,3.261,1722.2,2.93,
2145,3/31/2011,14:00:00,2.41,2927.8,2.93,
2146,3/31/2011,17:00:00,1.872,64.6,2.93,
2147,3/31/2011,20:00:00,1.764,0,2.93,
2148,3/31/2011,23:00:00,1.656,0,2.93,
2149,4/1/2011,2:00:00,1.548,0,2.93,
2150,4/1/2011,5:00:00,1.548,0,2.93,
2151,4/1/2011,8:00:00,1.548,75.3,2.93,
2152,4/1/2011,11:00:00,3.367,1302.4,2.93,
2153,4/1/2011,14:00:00,2.73,742.7,2.93,
2154,4/1/2011,17:00:00,2.195,53.8,2.93,
2155,4/1/2011,20:00:00,2.088,0,2.93,
2156,4/1/2011,23:00:00,1.98,0,2.93,
2157,4/2/2011,2:00:00,1.872,0,2.93,
2158,4/2/2011,5:00:00,1.872,0,2.93,
2159,4/2/2011,8:00:00,1.764,118.4,2.93,
2160,4/2/2011,11:00:00,3.788,2325,2.93,
2161,4/2/2011,14:00:00,3.261,1808.3,2.93,
2162,4/2/2011,17:00:00,3.049,656.6,2.93,
2163,4/2/2011,20:00:00,2.73,0,2.93,
2164,4/2/2011,23:00:00,2.624,0,2.93,
2165,4/3/2011,2:00:00,2.624,0,2.93,
2166,4/3/2011,5:00:00,2.624,0,2.93,
2167,4/3/2011,8:00:00,2.624,301.4,2.93,
2168,4/3/2011,11:00:00,2.837,914.9,2.93,
2169,4/3/2011,14:00:00,3.155,570.5,2.95,
2170,4/3/2011,17:00:00,3.049,215.3,2.95,
2171,4/3/2011,20:00:00,2.837,0,2.93,
2172,4/3/2011,23:00:00,2.517,0,2.93,
2173,4/4/2011,2:00:00,2.088,0,2.93,
2174,4/4/2011,5:00:00,1.764,0,2.93,
2175,4/4/2011,8:00:00,1.656,53.8,2.93,
2176,4/4/2011,11:00:00,3.472,1894.5,2.93,
2177,4/4/2011,14:00:00,3.049,1550,2.93,
2178,4/4/2011,17:00:00,2.624,64.6,2.93,
2179,4/4/2011,20:00:00,2.41,0,2.93,
2180,4/4/2011,23:00:00,2.195,0,2.93,
2181,4/5/2011,2:00:00,2.195,0,2.93,
2182,4/5/2011,5:00:00,2.088,0,2.93,
2183,4/5/2011,8:00:00,2.088,75.3,2.93,
2184,4/5/2011,11:00:00,4.102,1808.3,2.95,
2185,4/5/2011,14:00:00,3.683,344.4,2.95,
2186,4/5/2011,17:00:00,3.472,376.7,2.95,
2187,4/5/2011,20:00:00,3.155,0,2.95,
2188,4/5/2011,23:00:00,2.943,0,2.95,
2189,4/6/2011,2:00:00,2.73,0,2.95,
2190,4/6/2011,5:00:00,2.624,0,2.93,
2191,4/6/2011,8:00:00,2.517,129.2,2.93,
2192,4/6/2011,11:00:00,4.311,2669.5,2.95,
2193,4/6/2011,14:00:00,3.683,1636.1,2.95,
2194,4/6/2011,17:00:00,3.578,215.3,2.95,
2195,4/6/2011,20:00:00,3.261,0,2.95,
2196,4/6/2011,23:00:00,2.73,0,2.95,
2197,4/7/2011,2:00:00,2.837,0,2.95,
2198,4/7/2011,5:00:00,2.73,0,2.95,
2199,4/7/2011,8:00:00,2.303,139.9,2.93,
2200,4/7/2011,11:00:00,2.303,279.9,2.93,
2201,4/7/2011,14:00:00,2.517,462.9,2.93,
2202,4/7/2011,17:00:00,2.624,150.7,2.95,
2203,4/7/2011,20:00:00,2.517,0,2.93,
2204,4/7/2011,23:00:00,2.303,0,2.93,
2205,4/8/2011,2:00:00,2.088,0,2.93,
2206,4/8/2011,5:00:00,2.088,0,2.93,
2207,4/8/2011,8:00:00,2.088,129.2,2.93,
2208,4/8/2011,11:00:00,4.102,3444.5,2.95,
2209,4/8/2011,14:00:00,3.261,409,2.95,
2210,4/8/2011,17:00:00,3.049,129.2,2.95,
2211,4/8/2011,20:00:00,2.837,0,2.95,
2212,4/8/2011,23:00:00,2.624,0,2.95,
2213,4/9/2011,2:00:00,2.624,0,2.93,
2214,4/9/2011,5:00:00,2.517,0,2.93,
2215,4/9/2011,8:00:00,2.41,279.9,2.93,
2216,4/9/2011,11:00:00,2.837,785.8,2.95,
2217,4/9/2011,14:00:00,3.049,1808.3,2.95,
2218,4/9/2011,17:00:00,3.049,2411.1,2.95,
2219,4/9/2011,20:00:00,2.624,0,2.95,
2220,4/9/2011,23:00:00,1.98,0,2.93,
2221,4/10/2011,2:00:00,1.872,0,2.93,
2222,4/10/2011,5:00:00,1.656,0,2.93,
2223,4/10/2011,8:00:00,1.548,495.1,2.93,
2224,4/10/2011,11:00:00,3.472,10677.8,2.95,
2225,4/10/2011,14:00:00,2.517,3100,2.93,
2226,4/10/2011,17:00:00,2.41,1550,2.93,
2227,4/10/2011,20:00:00,2.088,0,2.93,
2228,4/10/2011,23:00:00,1.872,0,2.93,
2229,4/11/2011,2:00:00,1.656,0,2.93,
2230,4/11/2011,5:00:00,1.548,0,2.93,
2231,4/11/2011,8:00:00,1.439,538.2,2.93,
2232,4/11/2011,11:00:00,3.893,5511.1,2.95,
2233,4/11/2011,14:00:00,3.261,3616.7,2.95,
2234,4/11/2011,17:00:00,3.155,1980.6,2.95,
2235,4/11/2011,20:00:00,2.517,0,2.93,
2236,4/11/2011,23:00:00,2.303,0,2.93,
2237,4/12/2011,2:00:00,2.195,0,2.93,
2238,4/12/2011,5:00:00,2.088,0,2.93,
2239,4/12/2011,8:00:00,1.98,1636.1,2.93,
2240,4/12/2011,11:00:00,3.578,10677.8,2.95,
2241,4/12/2011,14:00:00,3.578,11711.2,2.95,
2242,4/12/2011,17:00:00,3.261,441.3,2.95,
2243,4/12/2011,20:00:00,2.837,0,2.95,
2244,4/12/2011,23:00:00,2.41,0,2.93,
2245,4/13/2011,2:00:00,2.41,0,2.93,
2246,4/13/2011,5:00:00,2.195,0,2.93,
2247,4/13/2011,8:00:00,1.98,678.1,2.93,
2248,4/13/2011,11:00:00,4.831,7577.8,2.93,
2249,4/13/2011,14:00:00,4.623,30311.3,2.95,
2250,4/13/2011,17:00:00,3.788,613.5,2.95,
2251,4/13/2011,20:00:00,3.261,0,2.95,
2252,4/13/2011,23:00:00,2.837,0,2.95,
2253,4/14/2011,2:00:00,2.517,0,2.95,
2254,4/14/2011,5:00:00,2.195,0,2.93,
2255,4/14/2011,8:00:00,1.98,2927.8,2.93,
2256,4/14/2011,11:00:00,4.311,8266.7,2.95,
2257,4/14/2011,14:00:00,3.683,8611.2,2.95,
2258,4/14/2011,17:00:00,3.049,527.4,2.95,
2259,4/14/2011,20:00:00,2.41,0,2.95,
2260,4/14/2011,23:00:00,1.98,0,2.93,
2261,4/15/2011,2:00:00,1.764,0,2.93,
2262,4/15/2011,5:00:00,1.548,0,2.93,
2263,4/15/2011,8:00:00,1.548,592,2.93,
2264,4/15/2011,11:00:00,4.207,8611.2,2.95,
2265,4/15/2011,14:00:00,3.472,3444.5,2.95,
2266,4/15/2011,17:00:00,3.155,430.6,2.95,
2267,4/15/2011,20:00:00,2.837,0,2.95,
2268,4/15/2011,23:00:00,2.41,0,2.95,
2269,4/16/2011,2:00:00,2.088,0,2.93,
2270,4/16/2011,5:00:00,1.872,0,2.93,
2271,4/16/2011,8:00:00,1.98,731.9,2.93,
2272,4/16/2011,11:00:00,4.519,12400.1,2.95,
2273,4/16/2011,14:00:00,4.415,7577.8,2.95,
2274,4/16/2011,17:00:00,3.893,559.7,2.95,
2275,4/16/2011,20:00:00,3.472,0,2.95,
2276,4/16/2011,23:00:00,3.049,0,2.95,
2277,4/17/2011,2:00:00,2.837,0,2.95,
2278,4/17/2011,5:00:00,2.624,0,2.95,
2279,4/17/2011,8:00:00,2.624,527.4,2.95,
2280,4/17/2011,11:00:00,5.552,11022.3,2.93,
2281,4/17/2011,14:00:00,5.45,13089,2.93,
2282,4/17/2011,17:00:00,4.831,495.1,2.93,
2283,4/17/2011,20:00:00,4.207,0,2.95,
2284,4/17/2011,23:00:00,3.893,0,2.95,
2285,4/18/2011,2:00:00,3.578,0,2.95,
2286,4/18/2011,5:00:00,3.367,0,2.95,
2287,4/18/2011,8:00:00,3.155,462.9,2.95,
2288,4/18/2011,11:00:00,6.268,10677.8,2.93,
2289,4/18/2011,14:00:00,5.655,13089,2.93,
2290,4/18/2011,17:00:00,5.141,1033.3,2.93,
2291,4/18/2011,20:00:00,4.519,0,2.95,
2292,4/18/2011,23:00:00,4.207,0,2.95,
2293,4/19/2011,2:00:00,3.893,0,2.95,
2294,4/19/2011,5:00:00,3.578,0,2.95,
2295,4/19/2011,8:00:00,3.049,215.3,2.95,
2296,4/19/2011,11:00:00,3.998,5166.7,2.95,
2297,4/19/2011,14:00:00,5.141,9644.5,2.93,
2298,4/19/2011,17:00:00,4.623,839.6,2.95,
2299,4/19/2011,20:00:00,3.998,0,2.95,
2300,4/19/2011,23:00:00,3.261,0,2.95,
2301,4/20/2011,2:00:00,3.049,0,2.95,
2302,4/20/2011,5:00:00,2.837,0,2.95,
2303,4/20/2011,8:00:00,2.73,538.2,2.95,
2304,4/20/2011,11:00:00,6.064,15155.7,2.93,
2305,4/20/2011,14:00:00,5.655,2755.6,2.95,
2306,4/20/2011,17:00:00,5.037,409,2.93,
2307,4/20/2011,20:00:00,4.415,0,2.95,
2308,4/20/2011,23:00:00,4.102,0,2.95,
2309,4/21/2011,2:00:00,3.683,0,2.95,
2310,4/21/2011,5:00:00,3.367,0,2.95,
2311,4/21/2011,8:00:00,3.155,462.9,2.95,
2312,4/21/2011,11:00:00,6.064,18600.1,2.93,
2313,4/21/2011,14:00:00,5.757,1722.2,2.95,
2314,4/21/2011,17:00:00,5.141,398.3,2.93,
2315,4/21/2011,20:00:00,4.519,0,2.95,
2316,4/21/2011,23:00:00,3.893,0,2.95,
2317,4/22/2011,2:00:00,3.578,0,2.95,
2318,4/22/2011,5:00:00,3.155,0,2.95,
2319,4/22/2011,8:00:00,2.837,387.5,2.95,
2320,4/22/2011,11:00:00,6.064,16533.4,2.95,
2321,4/22/2011,14:00:00,5.552,2927.8,2.95,
2322,4/22/2011,17:00:00,5.141,1894.5,2.93,
2323,4/22/2011,20:00:00,4.415,0,2.95,
2324,4/22/2011,23:00:00,3.683,0,2.95,
2325,4/23/2011,2:00:00,3.367,0,2.95,
2326,4/23/2011,5:00:00,3.155,0,2.95,
2327,4/23/2011,8:00:00,3.155,785.8,2.95,
2328,4/23/2011,11:00:00,3.788,6200,2.95,
2329,4/23/2011,14:00:00,4.102,3616.7,2.95,
2330,4/23/2011,17:00:00,3.893,1894.5,2.95,
2331,4/23/2011,20:00:00,3.472,0,2.95,
2332,4/23/2011,23:00:00,3.367,0,2.95,
2333,4/24/2011,2:00:00,3.155,0,2.95,
2334,4/24/2011,5:00:00,2.943,0,2.95,
2335,4/24/2011,8:00:00,3.049,1550,2.95,
2336,4/24/2011,11:00:00,3.578,2411.1,2.95,
2337,4/24/2011,14:00:00,4.727,6544.5,2.95,
2338,4/24/2011,17:00:00,3.578,118.4,2.95,
2339,4/24/2011,20:00:00,3.261,0,2.95,
2340,4/24/2011,23:00:00,3.049,0,2.95,
2341,4/25/2011,2:00:00,2.517,0,2.95,
2342,4/25/2011,5:00:00,2.41,0,2.95,
2343,4/25/2011,8:00:00,2.41,1270.1,2.95,
2344,4/25/2011,11:00:00,2.943,3100,2.95,
2345,4/25/2011,14:00:00,3.367,4650,2.95,
2346,4/25/2011,17:00:00,3.049,312.2,2.95,
2347,4/25/2011,20:00:00,2.73,0,2.95,
2348,4/25/2011,23:00:00,2.624,0,2.95,
2349,4/26/2011,2:00:00,2.41,0,2.95,
2350,4/26/2011,5:00:00,2.41,0,2.95,
2351,4/26/2011,8:00:00,2.303,904.2,2.95,
2352,4/26/2011,11:00:00,2.943,7233.4,2.95,
2353,4/26/2011,14:00:00,2.303,807.3,2.95,
2354,4/26/2011,17:00:00,2.195,990.3,2.95,
2355,4/26/2011,20:00:00,1.98,0,2.95,
2356,4/26/2011,23:00:00,1.656,0,2.93,
2357,4/27/2011,2:00:00,1.439,0,2.93,
2358,4/27/2011,5:00:00,1.221,0,2.93,
2359,4/27/2011,8:00:00,1.112,398.3,2.93,
2360,4/27/2011,11:00:00,3.472,5338.9,2.95,
2361,4/27/2011,14:00:00,3.261,1550,2.95,
2362,4/27/2011,17:00:00,2.837,344.4,2.95,
2363,4/27/2011,20:00:00,2.303,0,2.95,
2364,4/27/2011,23:00:00,1.872,0,2.93,
2365,4/28/2011,2:00:00,1.548,0,2.93,
2366,4/28/2011,5:00:00,1.221,0,2.93,
2367,4/28/2011,8:00:00,1.003,516.7,2.93,
2368,4/28/2011,11:00:00,4.831,82667.2,2.93,
2369,4/28/2011,14:00:00,4.311,6544.5,2.95,
2370,4/28/2011,17:00:00,3.683,850.4,2.95,
2371,4/28/2011,20:00:00,3.155,0,2.95,
2372,4/28/2011,23:00:00,2.624,0,2.95,
2373,4/29/2011,2:00:00,2.517,0,2.95,
2374,4/29/2011,5:00:00,2.303,0,2.95,
2375,4/29/2011,8:00:00,2.303,559.7,2.95,
2376,4/29/2011,11:00:00,5.962,115734.1,2.93,
2377,4/29/2011,14:00:00,5.655,3616.7,2.93,
2378,4/29/2011,17:00:00,5.037,1636.1,2.93,
2379,4/29/2011,20:00:00,4.207,0,2.95,
2380,4/29/2011,23:00:00,3.683,0,2.95,
2381,4/30/2011,2:00:00,2.943,0,2.95,
2382,4/30/2011,5:00:00,2.303,0,2.95,
2383,4/30/2011,8:00:00,1.98,1980.6,2.93,
2384,4/30/2011,11:00:00,4.934,88178.4,2.93,
2385,4/30/2011,14:00:00,4.623,1980.6,2.95,
2386,4/30/2011,17:00:00,3.788,452.1,2.95,
2387,4/30/2011,20:00:00,3.049,0,2.95,
2388,4/30/2011,23:00:00,2.41,0,2.95,
2389,5/1/2011,2:00:00,1.98,0,2.95,
2390,5/1/2011,5:00:00,1.764,0,2.93,
2391,5/1/2011,8:00:00,1.33,1184,2.93,
2392,5/1/2011,11:00:00,1.439,1227.1,2.93,
2393,5/1/2011,14:00:00,1.764,2927.8,2.93,
2394,5/1/2011,17:00:00,1.656,2238.9,2.93,
2395,5/1/2011,20:00:00,1.872,0,2.93,
2396,5/1/2011,23:00:00,2.088,0,2.93,
2397,5/2/2011,2:00:00,1.98,0,2.93,
2398,5/2/2011,5:00:00,1.872,0,2.93,
2399,5/2/2011,8:00:00,2.088,3272.2,2.93,
2400,5/2/2011,11:00:00,2.41,5166.7,2.95,
2401,5/2/2011,14:00:00,2.517,4477.8,2.95,
2402,5/2/2011,17:00:00,2.517,1205.6,2.95,
2403,5/2/2011,20:00:00,2.303,0,2.95,
2404,5/2/2011,23:00:00,1.872,0,2.93,
2405,5/3/2011,2:00:00,1.439,0,2.93,
2406,5/3/2011,5:00:00,1.439,0,2.93,
2407,5/3/2011,8:00:00,1.33,624.3,2.93,
2408,5/3/2011,11:00:00,3.998,74400.5,2.95,
2409,5/3/2011,14:00:00,3.788,5166.7,2.95,
2410,5/3/2011,17:00:00,3.049,495.1,2.95,
2411,5/3/2011,20:00:00,2.517,0,2.95,Logged
