Plot Title: 1153412,,,,,,,,,
#,"Date Time, GMT-07:00","Date Time, GMT-07:00","Abs Pres, Pa (LGR S/N: 1153412, SEN S/N: 1153412)","Temp, °C (LGR S/N: 1153412, SEN S/N: 1153412)","Batt, V (LGR S/N: 1153412, SEN S/N: 1153412)",Coupler Detached (LGR S/N: 1153412),Coupler Attached (LGR S/N: 1153412),Stopped (LGR S/N: 1153412),End Of File (LGR S/N: 1153412)
1,6/1/2010,9:30:00,75615,8.779,3.51,Logged,,,
2,6/1/2010,10:00:00,75630,8.879,3.51,,,,
3,6/1/2010,10:30:00,75611,9.077,3.51,,,,
4,6/1/2010,11:00:00,75593,9.275,3.51,,,,
5,6/1/2010,11:30:00,75576,9.373,3.51,,,,
6,6/1/2010,12:00:00,75527,9.571,3.51,,,,
7,6/1/2010,12:30:00,75525,9.669,3.48,,,,
8,6/1/2010,13:00:00,75507,9.866,3.48,,,,
9,6/1/2010,13:30:00,75473,10.063,3.48,,,,
10,6/1/2010,14:00:00,75439,10.259,3.51,,,,
11,6/1/2010,14:30:00,75406,10.455,3.51,,,,
12,6/1/2010,15:00:00,75387,10.651,3.51,,,,
13,6/1/2010,15:30:00,75370,10.748,3.51,,,,
14,6/1/2010,16:00:00,75384,10.944,3.51,,,,
15,6/1/2010,16:30:00,75351,11.041,3.51,,,,
16,6/1/2010,17:00:00,75334,11.139,3.51,,,,
17,6/1/2010,17:30:00,75334,11.139,3.51,,,,
18,6/1/2010,18:00:00,75301,11.236,3.51,,,,
19,6/1/2010,18:30:00,75333,11.236,3.51,,,,
20,6/1/2010,19:00:00,75332,11.334,3.51,,,,
21,6/1/2010,19:30:00,75332,11.334,3.51,,,,
22,6/1/2010,20:00:00,75347,11.334,3.51,,,,
23,6/1/2010,20:30:00,75347,11.334,3.51,,,,
24,6/1/2010,21:00:00,75347,11.334,3.51,,,,
25,6/1/2010,21:30:00,75364,11.236,3.51,,,,
26,6/1/2010,22:00:00,75395,11.236,3.51,,,,
27,6/1/2010,22:30:00,75380,11.236,3.51,,,,
28,6/1/2010,23:00:00,75381,11.139,3.51,,,,
29,6/1/2010,23:30:00,75381,11.139,3.51,,,,
30,6/2/2010,0:00:00,75398,11.041,3.51,,,,
31,6/2/2010,0:30:00,75398,11.041,3.51,,,,
32,6/2/2010,1:00:00,75398,11.041,3.51,,,,
33,6/2/2010,1:30:00,75399,10.944,3.51,,,,
34,6/2/2010,2:00:00,75416,10.846,3.51,,,,
35,6/2/2010,2:30:00,75417,10.748,3.51,,,,
36,6/2/2010,3:00:00,75417,10.748,3.51,,,,
37,6/2/2010,3:30:00,75434,10.651,3.51,,,,
38,6/2/2010,4:00:00,75436,10.553,3.51,,,,
39,6/2/2010,4:30:00,75453,10.455,3.51,,,,
40,6/2/2010,5:00:00,75485,10.357,3.51,,,,
41,6/2/2010,5:30:00,75502,10.259,3.51,,,,
42,6/2/2010,6:00:00,75488,10.161,3.51,,,,
43,6/2/2010,6:30:00,75472,10.161,3.51,,,,
44,6/2/2010,7:00:00,75489,10.063,3.51,,,,
45,6/2/2010,7:30:00,75520,10.063,3.51,,,,
46,6/2/2010,8:00:00,75520,10.063,3.51,,,,
47,6/2/2010,8:30:00,75489,10.063,3.51,,,,
48,6/2/2010,9:00:00,75505,10.063,3.51,,,,
49,6/2/2010,9:30:00,75505,10.063,3.51,,,,
50,6/2/2010,10:00:00,75506,9.965,3.51,,,,
51,6/2/2010,10:30:00,75489,10.063,3.51,,,,
52,6/2/2010,11:00:00,75458,10.063,3.51,,,,
53,6/2/2010,11:30:00,75442,10.063,3.51,,,,
54,6/2/2010,12:00:00,75425,10.161,3.51,,,,
55,6/2/2010,12:30:00,75409,10.161,3.51,,,,
56,6/2/2010,13:00:00,75392,10.259,3.51,,,,
57,6/2/2010,13:30:00,75359,10.455,3.51,,,,
58,6/2/2010,14:00:00,75357,10.553,3.51,,,,
59,6/2/2010,14:30:00,75339,10.748,3.51,,,,
60,6/2/2010,15:00:00,75337,10.944,3.51,,,,
61,6/2/2010,15:30:00,75320,11.041,3.51,,,,
62,6/2/2010,16:00:00,75318,11.139,3.51,,,,
63,6/2/2010,16:30:00,75333,11.236,3.51,,,,
64,6/2/2010,17:00:00,75316,11.334,3.51,,,,
65,6/2/2010,17:30:00,75363,11.334,3.51,,,,
66,6/2/2010,18:00:00,75362,11.431,3.51,,,,
67,6/2/2010,18:30:00,75409,11.431,3.51,,,,
68,6/2/2010,19:00:00,75409,11.431,3.51,,,,
69,6/2/2010,19:30:00,75424,11.431,3.51,,,,
70,6/2/2010,20:00:00,75424,11.431,3.51,,,,
71,6/2/2010,20:30:00,75424,11.431,3.51,,,,
72,6/2/2010,21:00:00,75440,11.431,3.51,,,,
73,6/2/2010,21:30:00,75473,11.334,3.51,,,,
74,6/2/2010,22:00:00,75473,11.334,3.51,,,,
75,6/2/2010,22:30:00,75458,11.236,3.51,,,,
76,6/2/2010,23:00:00,75474,11.236,3.51,,,,
77,6/2/2010,23:30:00,75474,11.236,3.51,,,,
78,6/3/2010,0:00:00,75475,11.139,3.51,,,,
79,6/3/2010,0:30:00,75492,11.041,3.51,,,,
80,6/3/2010,1:00:00,75492,11.041,3.51,,,,
81,6/3/2010,1:30:00,75478,10.944,3.51,,,,
82,6/3/2010,2:00:00,75463,10.846,3.51,,,,
83,6/3/2010,2:30:00,75448,10.846,3.51,,,,
84,6/3/2010,3:00:00,75449,10.748,3.51,,,,
85,6/3/2010,3:30:00,75450,10.651,3.51,,,,
86,6/3/2010,4:00:00,75467,10.553,3.51,,,,
87,6/3/2010,4:30:00,75451,10.553,3.51,,,,
88,6/3/2010,5:00:00,75468,10.455,3.51,,,,
89,6/3/2010,5:30:00,75485,10.357,3.51,,,,
90,6/3/2010,6:00:00,75518,10.259,3.51,,,,
91,6/3/2010,6:30:00,75550,10.161,3.51,,,,
92,6/3/2010,7:00:00,75550,10.161,3.51,,,,
93,6/3/2010,7:30:00,75552,10.063,3.51,,,,
94,6/3/2010,8:00:00,75552,10.063,3.51,,,,
95,6/3/2010,8:30:00,75552,10.063,3.51,,,,
96,6/3/2010,9:00:00,75536,10.063,3.51,,,,
97,6/3/2010,9:30:00,75519,10.161,3.51,,,,
98,6/3/2010,10:00:00,75505,10.063,3.51,,,,
99,6/3/2010,10:30:00,75519,10.161,3.51,,,,
100,6/3/2010,11:00:00,75488,10.161,3.51,,,,
101,6/3/2010,11:30:00,75503,10.161,3.51,,,,
102,6/3/2010,12:00:00,75471,10.259,3.51,,,,
103,6/3/2010,12:30:00,75438,10.357,3.51,,,,
104,6/3/2010,13:00:00,75390,10.455,3.51,,,,
105,6/3/2010,13:30:00,75387,10.651,3.51,,,,
106,6/3/2010,14:00:00,75370,10.748,3.51,,,,
107,6/3/2010,14:30:00,75368,10.944,3.51,,,,
108,6/3/2010,15:00:00,75334,11.139,3.51,,,,
109,6/3/2010,15:30:00,75317,11.236,3.51,,,,
110,6/3/2010,16:00:00,75315,11.431,3.51,,,,
111,6/3/2010,16:30:00,75298,11.528,3.51,,,,
112,6/3/2010,17:00:00,75282,11.528,3.51,,,,
113,6/3/2010,17:30:00,75312,11.625,3.51,,,,
114,6/3/2010,18:00:00,75312,11.625,3.51,,,,
115,6/3/2010,18:30:00,75326,11.722,3.51,,,,
116,6/3/2010,19:00:00,75342,11.722,3.51,,,,
117,6/3/2010,19:30:00,75358,11.722,3.51,,,,
118,6/3/2010,20:00:00,75373,11.722,3.51,,,,
119,6/3/2010,20:30:00,75405,11.722,3.51,,,,
120,6/3/2010,21:00:00,75452,11.722,3.51,,,,
121,6/3/2010,21:30:00,75484,11.625,3.51,,,,
122,6/3/2010,22:00:00,75469,11.625,3.51,,,,
123,6/3/2010,22:30:00,75453,11.625,3.51,,,,
124,6/3/2010,23:00:00,75470,11.528,3.51,,,,
125,6/3/2010,23:30:00,75470,11.528,3.51,,,,
126,6/4/2010,0:00:00,75456,11.431,3.51,,,,
127,6/4/2010,0:30:00,75440,11.431,3.51,,,,
128,6/4/2010,1:00:00,75440,11.431,3.51,,,,
129,6/4/2010,1:30:00,75441,11.334,3.51,,,,
130,6/4/2010,2:00:00,75457,11.334,3.51,,,,
131,6/4/2010,2:30:00,75474,11.236,3.51,,,,
132,6/4/2010,3:00:00,75474,11.236,3.51,,,,
133,6/4/2010,3:30:00,75475,11.139,3.51,,,,
134,6/4/2010,4:00:00,75475,11.139,3.51,,,,
135,6/4/2010,4:30:00,75476,11.041,3.51,,,,
136,6/4/2010,5:00:00,75525,10.944,3.51,,,,
137,6/4/2010,5:30:00,75540,10.944,3.51,,,,
138,6/4/2010,6:00:00,75573,10.846,3.51,,,,
139,6/4/2010,6:30:00,75574,10.748,3.51,,,,
140,6/4/2010,7:00:00,75605,10.748,3.51,,,,
141,6/4/2010,7:30:00,75622,10.651,3.51,,,,
142,6/4/2010,8:00:00,75607,10.651,3.51,,,,
143,6/4/2010,8:30:00,75622,10.651,3.51,,,,
144,6/4/2010,9:00:00,75622,10.651,3.51,,,,
145,6/4/2010,9:30:00,75607,10.651,3.51,,,,
146,6/4/2010,10:00:00,75591,10.651,3.51,,,,
147,6/4/2010,10:30:00,75591,10.651,3.51,,,,
148,6/4/2010,11:00:00,75591,10.651,3.51,,,,
149,6/4/2010,11:30:00,75543,10.748,3.51,,,,
150,6/4/2010,12:00:00,75526,10.846,3.51,,,,
151,6/4/2010,12:30:00,75525,10.944,3.51,,,,
152,6/4/2010,13:00:00,75492,11.041,3.51,,,,
153,6/4/2010,13:30:00,75458,11.236,3.51,,,,
154,6/4/2010,14:00:00,75456,11.431,3.51,,,,
155,6/4/2010,14:30:00,75437,11.625,3.51,,,,
156,6/4/2010,15:00:00,75435,11.819,3.51,,,,
157,6/4/2010,15:30:00,75449,11.916,3.51,,,,
158,6/4/2010,16:00:00,75431,12.11,3.51,,,,
159,6/4/2010,16:30:00,75446,12.207,3.51,,,,
160,6/4/2010,17:00:00,75444,12.304,3.51,,,,
161,6/4/2010,17:30:00,75443,12.401,3.51,,,,
162,6/4/2010,18:00:00,75459,12.401,3.51,,,,
163,6/4/2010,18:30:00,75506,12.401,3.51,,,,
164,6/4/2010,19:00:00,75520,12.497,3.51,,,,
165,6/4/2010,19:30:00,75520,12.497,3.51,,,,
166,6/4/2010,20:00:00,75536,12.497,3.51,,,,
167,6/4/2010,20:30:00,75567,12.497,3.51,,,,
168,6/4/2010,21:00:00,75600,12.401,3.51,,,,
169,6/4/2010,21:30:00,75615,12.401,3.51,,,,
170,6/4/2010,22:00:00,75631,12.401,3.51,,,,
171,6/4/2010,22:30:00,75615,12.401,3.51,,,,
172,6/4/2010,23:00:00,75632,12.304,3.51,,,,
173,6/4/2010,23:30:00,75632,12.304,3.51,,,,
174,6/5/2010,0:00:00,75634,12.207,3.51,,,,
175,6/5/2010,0:30:00,75634,12.207,3.51,,,,
176,6/5/2010,1:00:00,75650,12.11,3.51,,,,
177,6/5/2010,1:30:00,75650,12.11,3.51,,,,
178,6/5/2010,2:00:00,75620,12.013,3.51,,,,
179,6/5/2010,2:30:00,75605,12.013,3.51,,,,
180,6/5/2010,3:00:00,75622,11.916,3.51,,,,
181,6/5/2010,3:30:00,75606,11.916,3.51,,,,
182,6/5/2010,4:00:00,75623,11.819,3.51,,,,
183,6/5/2010,4:30:00,75592,11.819,3.51,,,,
184,6/5/2010,5:00:00,75608,11.722,3.51,,,,
185,6/5/2010,5:30:00,75624,11.722,3.51,,,,
186,6/5/2010,6:00:00,75641,11.625,3.51,,,,
187,6/5/2010,6:30:00,75688,11.625,3.51,,,,
188,6/5/2010,7:00:00,75674,11.528,3.51,,,,
189,6/5/2010,7:30:00,75721,11.528,3.51,,,,
190,6/5/2010,8:00:00,75752,11.528,3.51,,,,
191,6/5/2010,8:30:00,75736,11.528,3.51,,,,
192,6/5/2010,9:00:00,75768,11.528,3.51,,,,
193,6/5/2010,9:30:00,75768,11.528,3.51,,,,
194,6/5/2010,10:00:00,75783,11.528,3.51,,,,
195,6/5/2010,10:30:00,75752,11.528,3.51,,,,
196,6/5/2010,11:00:00,75768,11.528,3.51,,,,
197,6/5/2010,11:30:00,75766,11.625,3.51,,,,
198,6/5/2010,12:00:00,75765,11.722,3.51,,,,
199,6/5/2010,12:30:00,75748,11.819,3.51,,,,
200,6/5/2010,13:00:00,75763,11.916,3.51,,,,
201,6/5/2010,13:30:00,75729,12.11,3.51,,,,
202,6/5/2010,14:00:00,75711,12.304,3.51,,,,
203,6/5/2010,14:30:00,75692,12.497,3.51,,,,
204,6/5/2010,15:00:00,75706,12.69,3.54,,,,
205,6/5/2010,15:30:00,75719,12.883,3.54,,,,
206,6/5/2010,16:00:00,75718,12.98,3.54,,,,
207,6/5/2010,16:30:00,75701,13.076,3.54,,,,
208,6/5/2010,17:00:00,75715,13.173,3.54,,,,
209,6/5/2010,17:30:00,75714,13.269,3.54,,,,
210,6/5/2010,18:00:00,75714,13.269,3.54,,,,
211,6/5/2010,18:30:00,75728,13.365,3.54,,,,
212,6/5/2010,19:00:00,75760,13.365,3.54,,,,
213,6/5/2010,19:30:00,75775,13.365,3.54,,,,
214,6/5/2010,20:00:00,75822,13.365,3.54,,,,
215,6/5/2010,20:30:00,75822,13.365,3.54,,,,
216,6/5/2010,21:00:00,75855,13.269,3.54,,,,
217,6/5/2010,21:30:00,75902,13.269,3.54,,,,
218,6/5/2010,22:00:00,75902,13.269,3.54,,,,
219,6/5/2010,22:30:00,75902,13.269,3.54,,,,
220,6/5/2010,23:00:00,75903,13.173,3.54,,,,
221,6/5/2010,23:30:00,75919,13.173,3.54,,,,
222,6/6/2010,0:00:00,75904,13.076,3.54,,,,
223,6/6/2010,0:30:00,75920,13.076,3.54,,,,
224,6/6/2010,1:00:00,75937,12.98,3.54,,,,
225,6/6/2010,1:30:00,75953,12.98,3.54,,,,
226,6/6/2010,2:00:00,75954,12.883,3.54,,,,
227,6/6/2010,2:30:00,75955,12.787,3.54,,,,
228,6/6/2010,3:00:00,75986,12.787,3.54,,,,
229,6/6/2010,3:30:00,75988,12.69,3.54,,,,
230,6/6/2010,4:00:00,75988,12.69,3.54,,,,
231,6/6/2010,4:30:00,76020,12.594,3.54,,,,
232,6/6/2010,5:00:00,76037,12.497,3.54,,,,
233,6/6/2010,5:30:00,76053,12.497,3.54,,,,
234,6/6/2010,6:00:00,76085,12.401,3.54,,,,
235,6/6/2010,6:30:00,76102,12.304,3.51,,,,
236,6/6/2010,7:00:00,76102,12.304,3.51,,,,
237,6/6/2010,7:30:00,76135,12.207,3.51,,,,
238,6/6/2010,8:00:00,76119,12.207,3.51,,,,
239,6/6/2010,8:30:00,76135,12.207,3.51,,,,
240,6/6/2010,9:00:00,76135,12.207,3.51,,,,
241,6/6/2010,9:30:00,76104,12.207,3.51,,,,
242,6/6/2010,10:00:00,76088,12.207,3.51,,,,
243,6/6/2010,10:30:00,76088,12.207,3.51,,,,
244,6/6/2010,11:00:00,76088,12.207,3.51,,,,
245,6/6/2010,11:30:00,76057,12.207,3.51,,,,
246,6/6/2010,12:00:00,76071,12.304,3.51,,,,
247,6/6/2010,12:30:00,76087,12.304,3.51,,,,
248,6/6/2010,13:00:00,76054,12.401,3.51,,,,
249,6/6/2010,13:30:00,76038,12.401,3.51,,,,
250,6/6/2010,14:00:00,76037,12.497,3.51,,,,
251,6/6/2010,14:30:00,75990,12.497,3.54,,,,
252,6/6/2010,15:00:00,75959,12.497,3.54,,,,
253,6/6/2010,15:30:00,75927,12.497,3.54,,,,
254,6/6/2010,16:00:00,75911,12.594,3.54,,,,
255,6/6/2010,16:30:00,75879,12.594,3.54,,,,
256,6/6/2010,17:00:00,75848,12.594,3.54,,,,
257,6/6/2010,17:30:00,75815,12.69,3.54,,,,
258,6/6/2010,18:00:00,75973,12.594,3.54,,,,
259,6/6/2010,18:30:00,76036,12.594,3.54,,,,
260,6/6/2010,19:00:00,76005,12.594,3.54,,,,
261,6/6/2010,19:30:00,76020,12.594,3.54,,,,
262,6/6/2010,20:00:00,76005,12.594,3.54,,,,
263,6/6/2010,20:30:00,76005,12.594,3.54,,,,
264,6/6/2010,21:00:00,76036,12.594,3.54,,,,
265,6/6/2010,21:30:00,76005,12.594,3.54,,,,
266,6/6/2010,22:00:00,76036,12.594,3.54,,,,
267,6/6/2010,22:30:00,75943,12.497,3.54,,,,
268,6/6/2010,23:00:00,75912,12.497,3.54,,,,
269,6/6/2010,23:30:00,75912,12.497,3.54,,,,
270,6/7/2010,0:00:00,75897,12.401,3.54,,,,
271,6/7/2010,0:30:00,75960,12.401,3.54,,,,
272,6/7/2010,1:00:00,75991,12.401,3.51,,,,
273,6/7/2010,1:30:00,76008,12.304,3.51,,,,
274,6/7/2010,2:00:00,75993,12.304,3.51,,,,
275,6/7/2010,2:30:00,76010,12.207,3.51,,,,
276,6/7/2010,3:00:00,76025,12.207,3.51,,,,
277,6/7/2010,3:30:00,76025,12.207,3.51,,,,
278,6/7/2010,4:00:00,76042,12.11,3.51,,,,
279,6/7/2010,4:30:00,76042,12.11,3.51,,,,
280,6/7/2010,5:00:00,76012,12.013,3.51,,,,
281,6/7/2010,5:30:00,76012,12.013,3.51,,,,
282,6/7/2010,6:00:00,76029,11.916,3.51,,,,
283,6/7/2010,6:30:00,75998,11.916,3.51,,,,
284,6/7/2010,7:00:00,76014,11.819,3.51,,,,
285,6/7/2010,7:30:00,76030,11.819,3.51,,,,
286,6/7/2010,8:00:00,76014,11.819,3.51,,,,
287,6/7/2010,8:30:00,75967,11.819,3.51,,,,
288,6/7/2010,9:00:00,75953,11.722,3.51,,,,
289,6/7/2010,9:30:00,75906,11.722,3.51,,,,
290,6/7/2010,10:00:00,75906,11.722,3.51,,,,
291,6/7/2010,10:30:00,75890,11.722,3.51,,,,
292,6/7/2010,11:00:00,75859,11.722,3.51,,,,
293,6/7/2010,11:30:00,75811,11.819,3.51,,,,
294,6/7/2010,12:00:00,75795,11.819,3.51,,,,
295,6/7/2010,12:30:00,75763,11.916,3.51,,,,
296,6/7/2010,13:00:00,75713,12.11,3.51,,,,
297,6/7/2010,13:30:00,75649,12.207,3.51,,,,
298,6/7/2010,14:00:00,75631,12.401,3.51,,,,
299,6/7/2010,14:30:00,75598,12.497,3.51,,,,
300,6/7/2010,15:00:00,75566,12.594,3.54,,,,
301,6/7/2010,15:30:00,75518,12.69,3.54,,,,
302,6/7/2010,16:00:00,75548,12.787,3.54,,,,
303,6/7/2010,16:30:00,75593,12.883,3.54,,,,
304,6/7/2010,17:00:00,75545,12.98,3.54,,,,
305,6/7/2010,17:30:00,75545,12.98,3.54,,,,
306,6/7/2010,18:00:00,75560,13.076,3.54,,,,
307,6/7/2010,18:30:00,75544,13.076,3.54,,,,
308,6/7/2010,19:00:00,75560,13.076,3.54,,,,
309,6/7/2010,19:30:00,75560,13.076,3.54,,,,
310,6/7/2010,20:00:00,75575,13.076,3.54,,,,
311,6/7/2010,20:30:00,75622,13.076,3.54,,,,
312,6/7/2010,21:00:00,75669,13.076,3.54,,,,
313,6/7/2010,21:30:00,75669,13.076,3.54,,,,
314,6/7/2010,22:00:00,75686,12.98,3.54,,,,
315,6/7/2010,22:30:00,75702,12.98,3.54,,,,
316,6/7/2010,23:00:00,75702,12.98,3.54,,,,
317,6/7/2010,23:30:00,75672,12.883,3.54,,,,
318,6/8/2010,0:00:00,75687,12.883,3.54,,,,
319,6/8/2010,0:30:00,75673,12.787,3.54,,,,
320,6/8/2010,1:00:00,75657,12.787,3.54,,,,
321,6/8/2010,1:30:00,75674,12.69,3.54,,,,
322,6/8/2010,2:00:00,75643,12.69,3.54,,,,
323,6/8/2010,2:30:00,75660,12.594,3.54,,,,
324,6/8/2010,3:00:00,75629,12.594,3.54,,,,
325,6/8/2010,3:30:00,75630,12.497,3.54,,,,
326,6/8/2010,4:00:00,75630,12.497,3.54,,,,
327,6/8/2010,4:30:00,75600,12.401,3.54,,,,
328,6/8/2010,5:00:00,75632,12.304,3.54,,,,
329,6/8/2010,5:30:00,75632,12.304,3.51,,,,
330,6/8/2010,6:00:00,75649,12.207,3.51,,,,
331,6/8/2010,6:30:00,75666,12.11,3.51,,,,
332,6/8/2010,7:00:00,75697,12.11,3.51,,,,
333,6/8/2010,7:30:00,75730,12.013,3.51,,,,
334,6/8/2010,8:00:00,75730,12.013,3.51,,,,
335,6/8/2010,8:30:00,75730,12.013,3.51,,,,
336,6/8/2010,9:00:00,75699,12.013,3.51,,,,
337,6/8/2010,9:30:00,75699,12.013,3.51,,,,
338,6/8/2010,10:00:00,75667,12.013,3.51,,,,
339,6/8/2010,10:30:00,75683,12.013,3.51,,,,
340,6/8/2010,11:00:00,75667,12.013,3.51,,,,
341,6/8/2010,11:30:00,75652,12.013,3.51,,,,
342,6/8/2010,12:00:00,75635,12.11,3.51,,,,
343,6/8/2010,12:30:00,75634,12.207,3.51,,,,
344,6/8/2010,13:00:00,75585,12.304,3.51,,,,
345,6/8/2010,13:30:00,75583,12.497,3.54,,,,
346,6/8/2010,14:00:00,75549,12.69,3.54,,,,
347,6/8/2010,14:30:00,75531,12.883,3.54,,,,
348,6/8/2010,15:00:00,75513,13.076,3.54,,,,
349,6/8/2010,15:30:00,75511,13.173,3.54,,,,
350,6/8/2010,16:00:00,75493,13.365,3.54,,,,
351,6/8/2010,16:30:00,75492,13.461,3.54,,,,
352,6/8/2010,17:00:00,75491,13.558,3.54,,,,
353,6/8/2010,17:30:00,75491,13.558,3.54,,,,
354,6/8/2010,18:00:00,75521,13.654,3.54,,,,
355,6/8/2010,18:30:00,75537,13.654,3.54,,,,
356,6/8/2010,19:00:00,75568,13.654,3.54,,,,
357,6/8/2010,19:30:00,75584,13.654,3.54,,,,
358,6/8/2010,20:00:00,75599,13.654,3.54,,,,
359,6/8/2010,20:30:00,75615,13.654,3.54,,,,
360,6/8/2010,21:00:00,75646,13.654,3.54,,,,
361,6/8/2010,21:30:00,75694,13.558,3.54,,,,
362,6/8/2010,22:00:00,75726,13.558,3.54,,,,
363,6/8/2010,22:30:00,75743,13.461,3.54,,,,
364,6/8/2010,23:00:00,75758,13.461,3.54,,,,
365,6/8/2010,23:30:00,75744,13.365,3.54,,,,
366,6/9/2010,0:00:00,75760,13.365,3.54,,,,
367,6/9/2010,0:30:00,75730,13.269,3.54,,,,
368,6/9/2010,1:00:00,75730,13.269,3.54,,,,
369,6/9/2010,1:30:00,75731,13.173,3.54,,,,
370,6/9/2010,2:00:00,75732,13.076,3.54,,,,
371,6/9/2010,2:30:00,75732,13.076,3.54,,,,
372,6/9/2010,3:00:00,75702,12.98,3.54,,,,
373,6/9/2010,3:30:00,75719,12.883,3.54,,,,
374,6/9/2010,4:00:00,75719,12.883,3.54,,,,
375,6/9/2010,4:30:00,75736,12.787,3.54,,,,
376,6/9/2010,5:00:00,75721,12.69,3.54,,,,
377,6/9/2010,5:30:00,75738,12.594,3.54,,,,
378,6/9/2010,6:00:00,75754,12.594,3.54,,,,
379,6/9/2010,6:30:00,75771,12.497,3.54,,,,
380,6/9/2010,7:00:00,75772,12.401,3.54,,,,
381,6/9/2010,7:30:00,75788,12.401,3.54,,,,
382,6/9/2010,8:00:00,75788,12.401,3.54,,,,
383,6/9/2010,8:30:00,75773,12.304,3.54,,,,
384,6/9/2010,9:00:00,75789,12.304,3.54,,,,
385,6/9/2010,9:30:00,75742,12.304,3.54,,,,
386,6/9/2010,10:00:00,75758,12.304,3.54,,,,
387,6/9/2010,10:30:00,75758,12.304,3.54,,,,
388,6/9/2010,11:00:00,75742,12.304,3.54,,,,
389,6/9/2010,11:30:00,75709,12.401,3.54,,,,
390,6/9/2010,12:00:00,75692,12.497,3.54,,,,
391,6/9/2010,12:30:00,75660,12.594,3.54,,,,
392,6/9/2010,13:00:00,75627,12.69,3.54,,,,
393,6/9/2010,13:30:00,75593,12.883,3.54,,,,
394,6/9/2010,14:00:00,75560,13.076,3.54,,,,
395,6/9/2010,14:30:00,75526,13.269,3.54,,,,
396,6/9/2010,15:00:00,75493,13.365,3.54,,,,
397,6/9/2010,15:30:00,75445,13.461,3.54,,,,
398,6/9/2010,16:00:00,75411,13.654,3.54,,,,
399,6/9/2010,16:30:00,75379,13.75,3.54,,,,
400,6/9/2010,17:00:00,75394,13.75,3.54,,,,
401,6/9/2010,17:30:00,75377,13.846,3.54,,,,
402,6/9/2010,18:00:00,75377,13.846,3.54,,,,
403,6/9/2010,18:30:00,75409,13.846,3.54,,,,
404,6/9/2010,19:00:00,75409,13.846,3.54,,,,
405,6/9/2010,19:30:00,75439,13.942,3.54,,,,
406,6/9/2010,20:00:00,75456,13.846,3.54,,,,
407,6/9/2010,20:30:00,75487,13.846,3.54,,,,
408,6/9/2010,21:00:00,75518,13.846,3.54,,,,
409,6/9/2010,21:30:00,75534,13.846,3.54,,,,
410,6/9/2010,22:00:00,75535,13.75,3.54,,,,
411,6/9/2010,22:30:00,75535,13.75,3.54,,,,
412,6/9/2010,23:00:00,75505,13.654,3.54,,,,
413,6/9/2010,23:30:00,75490,13.654,3.54,,,,
414,6/10/2010,0:00:00,75475,13.558,3.54,,,,
415,6/10/2010,0:30:00,75475,13.558,3.54,,,,
416,6/10/2010,1:00:00,75445,13.461,3.54,,,,
417,6/10/2010,1:30:00,75445,13.461,3.54,,,,
418,6/10/2010,2:00:00,75415,13.365,3.54,,,,
419,6/10/2010,2:30:00,75400,13.269,3.54,,,,
420,6/10/2010,3:00:00,75402,13.173,3.54,,,,
421,6/10/2010,3:30:00,75402,13.173,3.54,,,,
422,6/10/2010,4:00:00,75419,13.076,3.54,,,,
423,6/10/2010,4:30:00,75404,12.98,3.54,,,,
424,6/10/2010,5:00:00,75421,12.883,3.54,,,,
425,6/10/2010,5:30:00,75422,12.787,3.54,,,,
426,6/10/2010,6:00:00,75391,12.787,3.54,,,,
427,6/10/2010,6:30:00,75377,12.69,3.54,,,,
428,6/10/2010,7:00:00,75394,12.594,3.54,,,,
429,6/10/2010,7:30:00,75378,12.594,3.54,,,,
430,6/10/2010,8:00:00,75378,12.594,3.54,,,,
431,6/10/2010,8:30:00,75363,12.497,3.54,,,,
432,6/10/2010,9:00:00,75332,12.497,3.54,,,,
433,6/10/2010,9:30:00,75332,12.497,3.54,,,,
434,6/10/2010,10:00:00,75301,12.497,3.54,,,,
435,6/10/2010,10:30:00,75316,12.497,3.54,,,,
436,6/10/2010,11:00:00,75285,12.497,3.54,,,,
437,6/10/2010,11:30:00,75268,12.594,3.54,,,,
438,6/10/2010,12:00:00,75253,12.594,3.54,,,,
439,6/10/2010,12:30:00,75204,12.69,3.54,,,,
440,6/10/2010,13:00:00,75170,12.883,3.54,,,,
441,6/10/2010,13:30:00,75138,12.98,3.54,,,,
442,6/10/2010,14:00:00,75120,13.173,3.54,,,,
443,6/10/2010,14:30:00,75086,13.365,3.54,,,,
444,6/10/2010,15:00:00,75068,13.558,3.54,,,,
445,6/10/2010,15:30:00,75051,13.654,3.54,,,,
446,6/10/2010,16:00:00,75034,13.75,3.54,,,,
447,6/10/2010,16:30:00,75017,13.846,3.54,,,,
448,6/10/2010,17:00:00,74984,13.942,3.54,,,,
449,6/10/2010,17:30:00,75000,13.942,3.54,,,,
450,6/10/2010,18:00:00,74969,13.942,3.54,,,,
451,6/10/2010,18:30:00,74999,14.038,3.54,,,,
452,6/10/2010,19:00:00,75016,13.942,3.54,,,,
453,6/10/2010,19:30:00,75016,13.942,3.54,,,,
454,6/10/2010,20:00:00,75031,13.942,3.54,,,,
455,6/10/2010,20:30:00,75047,13.942,3.54,,,,
456,6/10/2010,21:00:00,75063,13.942,3.54,,,,
457,6/10/2010,21:30:00,75064,13.846,3.54,,,,
458,6/10/2010,22:00:00,75080,13.846,3.54,,,,
459,6/10/2010,22:30:00,75081,13.75,3.54,,,,
460,6/10/2010,23:00:00,75081,13.75,3.54,,,,
461,6/10/2010,23:30:00,75082,13.654,3.54,,,,
462,6/11/2010,0:00:00,75113,13.654,3.54,,,,
463,6/11/2010,0:30:00,75099,13.558,3.54,,,,
464,6/11/2010,1:00:00,75068,13.558,3.54,,,,
465,6/11/2010,1:30:00,75085,13.461,3.54,,,,
466,6/11/2010,2:00:00,75086,13.365,3.54,,,,
467,6/11/2010,2:30:00,75086,13.365,3.54,,,,
468,6/11/2010,3:00:00,75087,13.269,3.54,,,,
469,6/11/2010,3:30:00,75134,13.269,3.54,,,,
470,6/11/2010,4:00:00,75120,13.173,3.54,,,,
471,6/11/2010,4:30:00,75121,13.076,3.54,,,,
472,6/11/2010,5:00:00,75122,12.98,3.54,,,,
473,6/11/2010,5:30:00,75138,12.98,3.54,,,,
474,6/11/2010,6:00:00,75123,12.883,3.54,,,,
475,6/11/2010,6:30:00,75156,12.787,3.54,,,,
476,6/11/2010,7:00:00,75157,12.69,3.54,,,,
477,6/11/2010,7:30:00,75173,12.69,3.54,,,,
478,6/11/2010,8:00:00,75189,12.69,3.54,,,,
479,6/11/2010,8:30:00,75206,12.594,3.54,,,,
480,6/11/2010,9:00:00,75206,12.594,3.54,,,,
481,6/11/2010,9:30:00,75190,12.594,3.54,,,,
482,6/11/2010,10:00:00,75174,12.594,3.54,,,,
483,6/11/2010,10:30:00,75159,12.594,3.54,,,,
484,6/11/2010,11:00:00,75127,12.594,3.54,,,,
485,6/11/2010,11:30:00,75127,12.594,3.54,,,,
486,6/11/2010,12:00:00,75095,12.69,3.54,,,,
487,6/11/2010,12:30:00,75109,12.787,3.54,,,,
488,6/11/2010,13:00:00,75076,12.883,3.54,,,,
489,6/11/2010,13:30:00,75074,13.076,3.54,,,,
490,6/11/2010,14:00:00,75040,13.269,3.54,,,,
491,6/11/2010,14:30:00,75039,13.365,3.54,,,,
492,6/11/2010,15:00:00,75005,13.558,3.54,,,,
493,6/11/2010,15:30:00,74988,13.654,3.54,,,,
494,6/11/2010,16:00:00,74954,13.846,3.54,,,,
495,6/11/2010,16:30:00,74954,13.846,3.54,,,,
496,6/11/2010,17:00:00,74937,13.942,3.54,,,,
497,6/11/2010,17:30:00,74953,13.942,3.54,,,,
498,6/11/2010,18:00:00,74936,14.038,3.54,,,,
499,6/11/2010,18:30:00,74936,14.038,3.54,,,,
500,6/11/2010,19:00:00,74983,14.038,3.54,,,,
501,6/11/2010,19:30:00,74984,13.942,3.54,,,,
502,6/11/2010,20:00:00,75000,13.942,3.54,,,,
503,6/11/2010,20:30:00,75031,13.942,3.54,,,,
504,6/11/2010,21:00:00,75031,13.942,3.54,,,,
505,6/11/2010,21:30:00,75048,13.846,3.54,,,,
506,6/11/2010,22:00:00,75064,13.846,3.54,,,,
507,6/11/2010,22:30:00,75080,13.846,3.54,,,,
508,6/11/2010,23:00:00,75081,13.75,3.54,,,,
509,6/11/2010,23:30:00,75098,13.654,3.54,,,,
510,6/12/2010,0:00:00,75113,13.654,3.54,,,,
511,6/12/2010,0:30:00,75099,13.558,3.54,,,,
512,6/12/2010,1:00:00,75036,13.558,3.54,,,,
513,6/12/2010,1:30:00,75085,13.461,3.54,,,,
514,6/12/2010,2:00:00,75086,13.365,3.54,,,,
515,6/12/2010,2:30:00,75087,13.269,3.54,,,,
516,6/12/2010,3:00:00,75041,13.173,3.54,,,,
517,6/12/2010,3:30:00,75088,13.173,3.54,,,,
518,6/12/2010,4:00:00,75121,13.076,3.54,,,,
519,6/12/2010,4:30:00,75122,12.98,3.54,,,,
520,6/12/2010,5:00:00,75108,12.883,3.54,,,,
521,6/12/2010,5:30:00,75140,12.787,3.54,,,,
522,6/12/2010,6:00:00,75140,12.787,3.54,,,,
523,6/12/2010,6:30:00,75126,12.69,3.54,,,,
524,6/12/2010,7:00:00,75174,12.594,3.54,,,,
525,6/12/2010,7:30:00,75174,12.594,3.54,,,,
526,6/12/2010,8:00:00,75159,12.594,3.54,,,,
527,6/12/2010,8:30:00,75143,12.594,3.54,,,,
528,6/12/2010,9:00:00,75160,12.497,3.54,,,,
529,6/12/2010,9:30:00,75175,12.497,3.54,,,,
530,6/12/2010,10:00:00,75207,12.497,3.54,,,,
531,6/12/2010,10:30:00,75144,12.497,3.54,,,,
532,6/12/2010,11:00:00,75175,12.497,3.54,,,,
533,6/12/2010,11:30:00,75160,12.497,3.54,,,,
534,6/12/2010,12:00:00,75127,12.594,3.54,,,,
535,6/12/2010,12:30:00,75110,12.69,3.54,,,,
536,6/12/2010,13:00:00,75062,12.787,3.54,,,,
537,6/12/2010,13:30:00,75061,12.883,3.54,,,,
538,6/12/2010,14:00:00,75043,13.076,3.54,,,,
539,6/12/2010,14:30:00,75056,13.269,3.54,,,,
540,6/12/2010,15:00:00,75038,13.461,3.54,,,,
541,6/12/2010,15:30:00,75021,13.558,3.54,,,,
542,6/12/2010,16:00:00,75035,13.654,3.54,,,,
543,6/12/2010,16:30:00,75049,13.75,3.54,,,,
544,6/12/2010,17:00:00,75048,13.846,3.54,,,,
545,6/12/2010,17:30:00,75064,13.846,3.54,,,,
546,6/12/2010,18:00:00,75095,13.846,3.54,,,,
547,6/12/2010,18:30:00,75111,13.846,3.54,,,,
548,6/12/2010,19:00:00,75142,13.846,3.54,,,,
549,6/12/2010,19:30:00,75142,13.846,3.54,,,,
550,6/12/2010,20:00:00,75191,13.75,3.54,,,,
551,6/12/2010,20:30:00,75206,13.75,3.54,,,,
552,6/12/2010,21:00:00,75253,13.75,3.54,,,,
553,6/12/2010,21:30:00,75301,13.654,3.54,,,,
554,6/12/2010,22:00:00,75333,13.654,3.54,,,,
555,6/12/2010,22:30:00,75318,13.558,3.54,,,,
556,6/12/2010,23:00:00,75318,13.558,3.54,,,,
557,6/12/2010,23:30:00,75335,13.461,3.54,,,,
558,6/13/2010,0:00:00,75305,13.365,3.54,,,,
559,6/13/2010,0:30:00,75306,13.269,3.54,,,,
560,6/13/2010,1:00:00,75323,13.173,3.54,,,,
561,6/13/2010,1:30:00,75308,13.173,3.54,,,,
562,6/13/2010,2:00:00,75325,13.076,3.54,,,,
563,6/13/2010,2:30:00,75311,12.883,3.54,,,,
564,6/13/2010,3:00:00,75328,12.787,3.54,,,,
565,6/13/2010,3:30:00,75330,12.69,3.54,,,,
566,6/13/2010,4:00:00,75331,12.594,3.54,,,,
567,6/13/2010,4:30:00,75316,12.497,3.54,,,,
568,6/13/2010,5:00:00,75349,12.401,3.54,,,,
569,6/13/2010,5:30:00,75382,12.304,3.54,,,,
570,6/13/2010,6:00:00,75399,12.207,3.54,,,,
571,6/13/2010,6:30:00,75400,12.11,3.54,,,,
572,6/13/2010,7:00:00,75417,12.013,3.51,,,,
573,6/13/2010,7:30:00,75449,11.916,3.51,,,,
574,6/13/2010,8:00:00,75418,11.916,3.51,,,,
575,6/13/2010,8:30:00,75449,11.916,3.51,,,,
576,6/13/2010,9:00:00,75434,11.916,3.51,,,,
577,6/13/2010,9:30:00,75434,11.916,3.51,,,,
578,6/13/2010,10:00:00,75434,11.916,3.51,,,,
579,6/13/2010,10:30:00,75434,11.916,3.51,,,,
580,6/13/2010,11:00:00,75434,11.916,3.51,,,,
581,6/13/2010,11:30:00,75434,11.916,3.51,,,,
582,6/13/2010,12:00:00,75432,12.013,3.51,,,,
583,6/13/2010,12:30:00,75415,12.11,3.51,,,,
584,6/13/2010,13:00:00,75383,12.207,3.54,,,,
585,6/13/2010,13:30:00,75350,12.304,3.54,,,,
586,6/13/2010,14:00:00,75363,12.497,3.54,,,,
587,6/13/2010,14:30:00,75361,12.69,3.54,,,,
588,6/13/2010,15:00:00,75311,12.883,3.54,,,,
589,6/13/2010,15:30:00,75310,12.98,3.54,,,,
590,6/13/2010,16:00:00,75293,13.076,3.54,,,,
591,6/13/2010,16:30:00,75308,13.173,3.54,,,,
592,6/13/2010,17:00:00,75339,13.173,3.54,,,,
593,6/13/2010,17:30:00,75338,13.269,3.54,,,,
594,6/13/2010,18:00:00,75353,13.269,3.54,,,,
595,6/13/2010,18:30:00,75369,13.269,3.54,,,,
596,6/13/2010,19:00:00,75385,13.269,3.54,,,,
597,6/13/2010,19:30:00,75402,13.173,3.54,,,,
598,6/13/2010,20:00:00,75417,13.173,3.54,,,,
599,6/13/2010,20:30:00,75466,13.076,3.54,,,,
600,6/13/2010,21:00:00,75466,13.076,3.54,,,,
601,6/13/2010,21:30:00,75483,12.98,3.54,,,,
602,6/13/2010,22:00:00,75483,12.98,3.54,,,,
603,6/13/2010,22:30:00,75468,12.883,3.54,,,,
604,6/13/2010,23:00:00,75485,12.787,3.54,,,,
605,6/13/2010,23:30:00,75471,12.69,3.54,,,,
606,6/14/2010,0:00:00,75456,12.594,3.54,,,,
607,6/14/2010,0:30:00,75426,12.497,3.54,,,,
608,6/14/2010,1:00:00,75443,12.401,3.54,,,,
609,6/14/2010,1:30:00,75429,12.304,3.54,,,,
610,6/14/2010,2:00:00,75446,12.207,3.54,,,,
611,6/14/2010,2:30:00,75431,12.11,3.54,,,,
612,6/14/2010,3:00:00,75464,12.013,3.54,,,,
613,6/14/2010,3:30:00,75418,11.916,3.51,,,,
614,6/14/2010,4:00:00,75435,11.819,3.51,,,,
615,6/14/2010,4:30:00,75436,11.722,3.51,,,,
616,6/14/2010,5:00:00,75437,11.625,3.51,,,,
617,6/14/2010,5:30:00,75454,11.528,3.51,,,,
618,6/14/2010,6:00:00,75456,11.431,3.51,,,,
619,6/14/2010,6:30:00,75457,11.334,3.51,,,,
620,6/14/2010,7:00:00,75488,11.334,3.51,,,,
621,6/14/2010,7:30:00,75505,11.236,3.51,,,,
622,6/14/2010,8:00:00,75489,11.236,3.51,,,,
623,6/14/2010,8:30:00,75504,11.334,3.51,,,,
624,6/14/2010,9:00:00,75488,11.334,3.51,,,,
625,6/14/2010,9:30:00,75457,11.334,3.51,,,,
626,6/14/2010,10:00:00,75457,11.334,3.51,,,,
627,6/14/2010,10:30:00,75426,11.334,3.51,,,,
628,6/14/2010,11:00:00,75426,11.334,3.51,,,,
629,6/14/2010,11:30:00,75426,11.334,3.51,,,,
630,6/14/2010,12:00:00,75393,11.431,3.51,,,,
631,6/14/2010,12:30:00,75392,11.528,3.51,,,,
632,6/14/2010,13:00:00,75373,11.722,3.51,,,,
633,6/14/2010,13:30:00,75357,11.819,3.51,,,,
634,6/14/2010,14:00:00,75323,12.013,3.51,,,,
635,6/14/2010,14:30:00,75352,12.207,3.51,,,,
636,6/14/2010,15:00:00,75319,12.304,3.54,,,,
637,6/14/2010,15:30:00,75301,12.497,3.54,,,,
638,6/14/2010,16:00:00,75284,12.594,3.54,,,,
639,6/14/2010,16:30:00,75284,12.594,3.54,,,,
640,6/14/2010,17:00:00,75267,12.69,3.54,,,,
641,6/14/2010,17:30:00,75267,12.69,3.54,,,,
642,6/14/2010,18:00:00,75267,12.69,3.54,,,,
643,6/14/2010,18:30:00,75314,12.69,3.54,,,,
644,6/14/2010,19:00:00,75314,12.69,3.54,,,,
645,6/14/2010,19:30:00,75345,12.69,3.54,,,,
646,6/14/2010,20:00:00,75377,12.69,3.54,,,,
647,6/14/2010,20:30:00,75394,12.594,3.54,,,,
648,6/14/2010,21:00:00,75409,12.594,3.54,,,,
649,6/14/2010,21:30:00,75457,12.497,3.54,,,,
650,6/14/2010,22:00:00,75489,12.497,3.54,,,,
651,6/14/2010,22:30:00,75474,12.401,3.54,,,,
652,6/14/2010,23:00:00,75459,12.401,3.54,,,,
653,6/14/2010,23:30:00,75476,12.304,3.54,,,,
654,6/15/2010,0:00:00,75508,12.207,3.54,,,,
655,6/15/2010,0:30:00,75477,12.207,3.54,,,,
656,6/15/2010,1:00:00,75462,12.11,3.51,,,,
657,6/15/2010,1:30:00,75479,12.013,3.51,,,,
658,6/15/2010,2:00:00,75449,11.916,3.51,,,,
659,6/15/2010,2:30:00,75451,11.819,3.51,,,,
660,6/15/2010,3:00:00,75483,11.722,3.51,,,,
661,6/15/2010,3:30:00,75484,11.625,3.51,,,,
662,6/15/2010,4:00:00,75486,11.528,3.51,,,,
663,6/15/2010,4:30:00,75487,11.431,3.51,,,,
664,6/15/2010,5:00:00,75519,11.334,3.51,,,,
665,6/15/2010,5:30:00,75552,11.236,3.51,,,,
666,6/15/2010,6:00:00,75552,11.236,3.51,,,,
667,6/15/2010,6:30:00,75553,11.139,3.51,,,,
668,6/15/2010,7:00:00,75570,11.041,3.51,,,,
669,6/15/2010,7:30:00,75586,11.041,3.51,,,,
670,6/15/2010,8:00:00,75602,11.041,3.51,,,,
671,6/15/2010,8:30:00,75586,11.041,3.51,,,,
672,6/15/2010,9:00:00,75570,11.041,3.51,,,,
673,6/15/2010,9:30:00,75569,11.139,3.51,,,,
674,6/15/2010,10:00:00,75569,11.139,3.51,,,,
675,6/15/2010,10:30:00,75553,11.139,3.51,,,,
676,6/15/2010,11:00:00,75553,11.139,3.51,,,,
677,6/15/2010,11:30:00,75553,11.139,3.51,,,,
678,6/15/2010,12:00:00,75521,11.236,3.51,,,,
679,6/15/2010,12:30:00,75503,11.431,3.51,,,,
680,6/15/2010,13:00:00,75501,11.528,3.51,,,,
681,6/15/2010,13:30:00,75469,11.625,3.51,,,,
682,6/15/2010,14:00:00,75451,11.819,3.51,,,,
683,6/15/2010,14:30:00,75417,12.013,3.51,,,,
684,6/15/2010,15:00:00,75414,12.207,3.51,,,,
685,6/15/2010,15:30:00,75397,12.304,3.54,,,,
686,6/15/2010,16:00:00,75396,12.401,3.54,,,,
687,6/15/2010,16:30:00,75395,12.497,3.54,,,,
688,6/15/2010,17:00:00,75378,12.594,3.54,,,,
689,6/15/2010,17:30:00,75378,12.594,3.54,,,,
690,6/15/2010,18:00:00,75408,12.69,3.54,,,,
691,6/15/2010,18:30:00,75377,12.69,3.54,,,,
692,6/15/2010,19:00:00,75392,12.69,3.54,,,,
693,6/15/2010,19:30:00,75425,12.594,3.54,,,,
694,6/15/2010,20:00:00,75441,12.594,3.54,,,,
695,6/15/2010,20:30:00,75425,12.594,3.54,,,,
696,6/15/2010,21:00:00,75456,12.594,3.54,,,,
697,6/15/2010,21:30:00,75489,12.497,3.54,,,,
698,6/15/2010,22:00:00,75473,12.497,3.54,,,,
699,6/15/2010,22:30:00,75457,12.497,3.54,,,,
700,6/15/2010,23:00:00,75459,12.401,3.54,,,,
701,6/15/2010,23:30:00,75443,12.401,3.54,,,,
702,6/16/2010,0:00:00,75444,12.304,3.54,,,,
703,6/16/2010,0:30:00,75430,12.207,3.54,,,,
704,6/16/2010,1:00:00,75430,12.207,3.54,,,,
705,6/16/2010,1:30:00,75415,12.11,3.54,,,,
706,6/16/2010,2:00:00,75448,12.013,3.51,,,,
707,6/16/2010,2:30:00,75448,12.013,3.51,,,,
708,6/16/2010,3:00:00,75496,11.916,3.51,,,,
709,6/16/2010,3:30:00,75498,11.819,3.51,,,,
710,6/16/2010,4:00:00,75499,11.722,3.51,,,,
711,6/16/2010,4:30:00,75514,11.722,3.51,,,,
712,6/16/2010,5:00:00,75547,11.625,3.51,,,,
713,6/16/2010,5:30:00,75564,11.528,3.51,,,,
714,6/16/2010,6:00:00,75581,11.431,3.51,,,,
715,6/16/2010,6:30:00,75581,11.431,3.51,,,,
716,6/16/2010,7:00:00,75598,11.334,3.51,,,,
717,6/16/2010,7:30:00,75629,11.334,3.51,,,,
718,6/16/2010,8:00:00,75613,11.334,3.51,,,,
719,6/16/2010,8:30:00,75613,11.334,3.51,,,,
720,6/16/2010,9:00:00,75598,11.334,3.51,,,,
721,6/16/2010,9:30:00,75566,11.334,3.51,,,,
722,6/16/2010,10:00:00,75551,11.334,3.51,,,,
723,6/16/2010,10:30:00,75535,11.334,3.51,,,,
724,6/16/2010,11:00:00,75519,11.334,3.51,,,,
725,6/16/2010,11:30:00,75487,11.431,3.51,,,,
726,6/16/2010,12:00:00,75486,11.528,3.51,,,,
727,6/16/2010,12:30:00,75453,11.625,3.51,,,,
728,6/16/2010,13:00:00,75419,11.819,3.51,,,,
729,6/16/2010,13:30:00,75401,12.013,3.51,,,,
730,6/16/2010,14:00:00,75352,12.207,3.51,,,,
731,6/16/2010,14:30:00,75318,12.401,3.54,,,,
732,6/16/2010,15:00:00,75300,12.594,3.54,,,,
733,6/16/2010,15:30:00,75251,12.69,3.54,,,,
734,6/16/2010,16:00:00,75217,12.883,3.54,,,,
735,6/16/2010,16:30:00,75185,12.98,3.54,,,,
736,6/16/2010,17:00:00,75138,12.98,3.54,,,,
737,6/16/2010,17:30:00,75137,13.076,3.54,,,,
738,6/16/2010,18:00:00,75105,13.076,3.54,,,,
739,6/16/2010,18:30:00,75121,13.076,3.54,,,,
740,6/16/2010,19:00:00,75152,13.076,3.54,,,,
741,6/16/2010,19:30:00,75152,13.076,3.54,,,,
742,6/16/2010,20:00:00,75215,13.076,3.54,,,,
743,6/16/2010,20:30:00,75246,13.076,3.54,,,,
744,6/16/2010,21:00:00,75309,13.076,3.54,,,,
745,6/16/2010,21:30:00,75342,12.98,3.54,,,,
746,6/16/2010,22:00:00,75373,12.98,3.54,,,,
747,6/16/2010,22:30:00,75373,12.98,3.54,,,,
748,6/16/2010,23:00:00,75374,12.883,3.54,,,,
749,6/16/2010,23:30:00,75374,12.883,3.54,,,,
750,6/17/2010,0:00:00,75344,12.787,3.54,,,,
751,6/17/2010,0:30:00,75344,12.787,3.54,,,,
752,6/17/2010,1:00:00,75345,12.69,3.54,,,,
753,6/17/2010,1:30:00,75345,12.69,3.54,,,,
754,6/17/2010,2:00:00,75394,12.594,3.54,,,,
755,6/17/2010,2:30:00,75473,12.497,3.54,,,,
756,6/17/2010,3:00:00,75473,12.497,3.54,,,,
757,6/17/2010,3:30:00,75412,12.401,3.54,,,,
758,6/17/2010,4:00:00,75444,12.304,3.54,,,,
759,6/17/2010,4:30:00,75476,12.304,3.54,,,,
760,6/17/2010,5:00:00,75508,12.207,3.54,,,,
761,6/17/2010,5:30:00,75462,12.11,3.54,,,,
762,6/17/2010,6:00:00,75432,12.013,3.51,,,,
763,6/17/2010,6:30:00,75464,12.013,3.51,,,,
764,6/17/2010,7:00:00,75496,11.916,3.51,,,,
765,6/17/2010,7:30:00,75496,11.916,3.51,,,,
766,6/17/2010,8:00:00,75513,11.819,3.51,,,,
767,6/17/2010,8:30:00,75545,11.819,3.51,,,,
768,6/17/2010,9:00:00,75529,11.819,3.51,,,,
769,6/17/2010,9:30:00,75513,11.819,3.51,,,,
770,6/17/2010,10:00:00,75513,11.819,3.51,,,,
771,6/17/2010,10:30:00,75513,11.819,3.51,,,,
772,6/17/2010,11:00:00,75498,11.819,3.51,,,,
773,6/17/2010,11:30:00,75496,11.916,3.51,,,,
774,6/17/2010,12:00:00,75479,12.013,3.51,,,,
775,6/17/2010,12:30:00,75462,12.11,3.51,,,,
776,6/17/2010,13:00:00,75444,12.304,3.54,,,,
777,6/17/2010,13:30:00,75443,12.401,3.54,,,,
778,6/17/2010,14:00:00,75425,12.594,3.54,,,,
779,6/17/2010,14:30:00,75391,12.787,3.54,,,,
780,6/17/2010,15:00:00,75389,12.98,3.54,,,,
781,6/17/2010,15:30:00,75402,13.173,3.54,,,,
782,6/17/2010,16:00:00,75385,13.269,3.54,,,,
783,6/17/2010,16:30:00,75399,13.365,3.54,,,,
784,6/17/2010,17:00:00,75384,13.365,3.54,,,,
785,6/17/2010,17:30:00,75382,13.461,3.54,,,,
786,6/17/2010,18:00:00,75382,13.461,3.54,,,,
787,6/17/2010,18:30:00,75398,13.461,3.54,,,,
788,6/17/2010,19:00:00,75414,13.461,3.54,,,,
789,6/17/2010,19:30:00,75414,13.461,3.54,,,,
790,6/17/2010,20:00:00,75462,13.365,3.54,,,,
791,6/17/2010,20:30:00,75478,13.365,3.54,,,,
792,6/17/2010,21:00:00,75510,13.269,3.54,,,,
793,6/17/2010,21:30:00,75526,13.269,3.54,,,,
794,6/17/2010,22:00:00,75543,13.173,3.54,,,,
795,6/17/2010,22:30:00,75527,13.173,3.54,,,,
796,6/17/2010,23:00:00,75528,13.076,3.54,,,,
797,6/17/2010,23:30:00,75513,13.076,3.54,,,,
798,6/18/2010,0:00:00,75514,12.98,3.54,,,,
799,6/18/2010,0:30:00,75499,12.883,3.54,,,,
800,6/18/2010,1:00:00,75501,12.787,3.54,,,,
801,6/18/2010,1:30:00,75516,12.787,3.54,,,,
802,6/18/2010,2:00:00,75533,12.69,3.54,,,,
803,6/18/2010,2:30:00,75535,12.594,3.54,,,,
804,6/18/2010,3:00:00,75551,12.497,3.54,,,,
805,6/18/2010,3:30:00,75584,12.401,3.54,,,,
806,6/18/2010,4:00:00,75585,12.304,3.54,,,,
807,6/18/2010,4:30:00,75602,12.207,3.54,,,,
808,6/18/2010,5:00:00,75603,12.11,3.54,,,,
809,6/18/2010,5:30:00,75620,12.013,3.54,,,,
810,6/18/2010,6:00:00,75653,11.916,3.51,,,,
811,6/18/2010,6:30:00,75623,11.819,3.51,,,,
812,6/18/2010,7:00:00,75623,11.819,3.51,,,,
813,6/18/2010,7:30:00,75655,11.722,3.51,,,,
814,6/18/2010,8:00:00,75655,11.722,3.51,,,,
815,6/18/2010,8:30:00,75671,11.722,3.51,,,,
816,6/18/2010,9:00:00,75655,11.722,3.51,,,,
817,6/18/2010,9:30:00,75671,11.722,3.51,,,,
818,6/18/2010,10:00:00,75671,11.722,3.51,,,,
819,6/18/2010,10:30:00,75687,11.722,3.51,,,,
820,6/18/2010,11:00:00,75654,11.819,3.51,,,,
821,6/18/2010,11:30:00,75639,11.819,3.51,,,,
822,6/18/2010,12:00:00,75637,11.916,3.51,,,,
823,6/18/2010,12:30:00,75620,12.013,3.51,,,,
824,6/18/2010,13:00:00,75571,12.207,3.54,,,,
825,6/18/2010,13:30:00,75553,12.401,3.54,,,,
826,6/18/2010,14:00:00,75550,12.594,3.54,,,,
827,6/18/2010,14:30:00,75532,12.787,3.54,,,,
828,6/18/2010,15:00:00,75497,13.076,3.54,,,,
829,6/18/2010,15:30:00,75464,13.173,3.54,,,,
830,6/18/2010,16:00:00,75447,13.269,3.54,,,,
831,6/18/2010,16:30:00,75431,13.365,3.54,,,,
832,6/18/2010,17:00:00,75445,13.461,3.54,,,,
833,6/18/2010,17:30:00,75398,13.461,3.54,,,,
834,6/18/2010,18:00:00,75397,13.558,3.54,,,,
835,6/18/2010,18:30:00,75412,13.558,3.54,,,,
836,6/18/2010,19:00:00,75461,13.461,3.54,,,,
837,6/18/2010,19:30:00,75461,13.461,3.54,,,,
838,6/18/2010,20:00:00,75476,13.461,3.54,,,,
839,6/18/2010,20:30:00,75508,13.461,3.54,,,,
840,6/18/2010,21:00:00,75509,13.365,3.54,,,,
841,6/18/2010,21:30:00,75540,13.365,3.54,,,,
842,6/18/2010,22:00:00,75557,13.269,3.54,,,,
843,6/18/2010,22:30:00,75573,13.269,3.54,,,,
844,6/18/2010,23:00:00,75574,13.173,3.54,,,,
845,6/18/2010,23:30:00,75621,13.173,3.54,,,,
846,6/19/2010,0:00:00,75607,13.076,3.54,,,,
847,6/19/2010,0:30:00,75624,12.98,3.54,,,,
848,6/19/2010,1:00:00,75625,12.883,3.54,,,,
849,6/19/2010,1:30:00,75625,12.883,3.54,,,,
850,6/19/2010,2:00:00,75642,12.787,3.54,,,,
851,6/19/2010,2:30:00,75659,12.69,3.54,,,,
852,6/19/2010,3:00:00,75660,12.594,3.54,,,,
853,6/19/2010,3:30:00,75677,12.497,3.54,,,,
854,6/19/2010,4:00:00,75694,12.401,3.54,,,,
855,6/19/2010,4:30:00,75694,12.401,3.54,,,,
856,6/19/2010,5:00:00,75742,12.304,3.54,,,,
857,6/19/2010,5:30:00,75743,12.207,3.54,,,,
858,6/19/2010,6:00:00,75776,12.11,3.54,,,,
859,6/19/2010,6:30:00,75777,12.013,3.54,,,,
860,6/19/2010,7:00:00,75810,11.916,3.51,,,,
861,6/19/2010,7:30:00,75825,11.916,3.51,,,,
862,6/19/2010,8:00:00,75841,11.916,3.51,,,,
863,6/19/2010,8:30:00,75825,11.916,3.51,,,,
864,6/19/2010,9:00:00,75841,11.916,3.51,,,,
865,6/19/2010,9:30:00,75810,11.916,3.51,,,,
866,6/19/2010,10:00:00,75810,11.916,3.51,,,,
867,6/19/2010,10:30:00,75794,11.916,3.51,,,,
868,6/19/2010,11:00:00,75794,11.916,3.51,,,,
869,6/19/2010,11:30:00,75746,12.013,3.51,,,,
870,6/19/2010,12:00:00,75729,12.11,3.54,,,,
871,6/19/2010,12:30:00,75712,12.207,3.54,,,,
872,6/19/2010,13:00:00,75678,12.401,3.54,,,,
873,6/19/2010,13:30:00,75660,12.594,3.54,,,,
874,6/19/2010,14:00:00,75642,12.787,3.54,,,,
875,6/19/2010,14:30:00,75639,12.98,3.54,,,,
876,6/19/2010,15:00:00,75604,13.269,3.54,,,,
877,6/19/2010,15:30:00,75603,13.365,3.54,,,,
878,6/19/2010,16:00:00,75586,13.461,3.54,,,,
879,6/19/2010,16:30:00,75553,13.558,3.54,,,,
880,6/19/2010,17:00:00,75537,13.654,3.54,,,,
881,6/19/2010,17:30:00,75537,13.654,3.54,,,,
882,6/19/2010,18:00:00,75521,13.654,3.54,,,,
883,6/19/2010,18:30:00,75552,13.654,3.54,,,,
884,6/19/2010,19:00:00,75568,13.654,3.54,,,,
885,6/19/2010,19:30:00,75584,13.654,3.54,,,,
886,6/19/2010,20:00:00,75631,13.654,3.54,,,,
887,6/19/2010,20:30:00,75615,13.654,3.54,,,,
888,6/19/2010,21:00:00,75646,13.654,3.54,,,,
889,6/19/2010,21:30:00,75679,13.558,3.54,,,,
890,6/19/2010,22:00:00,75679,13.558,3.54,,,,
891,6/19/2010,22:30:00,75663,13.558,3.54,,,,
892,6/19/2010,23:00:00,75696,13.461,3.54,,,,
893,6/19/2010,23:30:00,75666,13.365,3.54,,,,
894,6/20/2010,0:00:00,75666,13.365,3.54,,,,
895,6/20/2010,0:30:00,75651,13.269,3.54,,,,
896,6/20/2010,1:00:00,75651,13.269,3.54,,,,
897,6/20/2010,1:30:00,75668,13.173,3.54,,,,
898,6/20/2010,2:00:00,75669,13.076,3.54,,,,
899,6/20/2010,2:30:00,75671,12.98,3.54,,,,
900,6/20/2010,3:00:00,75671,12.98,3.54,,,,
901,6/20/2010,3:30:00,75687,12.883,3.54,,,,
902,6/20/2010,4:00:00,75720,12.787,3.54,,,,
903,6/20/2010,4:30:00,75706,12.69,3.54,,,,
904,6/20/2010,5:00:00,75723,12.594,3.54,,,,
905,6/20/2010,5:30:00,75755,12.497,3.54,,,,
906,6/20/2010,6:00:00,75756,12.401,3.54,,,,
907,6/20/2010,6:30:00,75773,12.304,3.54,,,,
908,6/20/2010,7:00:00,75773,12.304,3.54,,,,
909,6/20/2010,7:30:00,75775,12.207,3.54,,,,
910,6/20/2010,8:00:00,75775,12.207,3.54,,,,
911,6/20/2010,8:30:00,75743,12.207,3.54,,,,
912,6/20/2010,9:00:00,75728,12.207,3.54,,,,
913,6/20/2010,9:30:00,75696,12.207,3.54,,,,
914,6/20/2010,10:00:00,75681,12.207,3.54,,,,
915,6/20/2010,10:30:00,75681,12.207,3.54,,,,
916,6/20/2010,11:00:00,75665,12.207,3.54,,,,
917,6/20/2010,11:30:00,75664,12.304,3.54,,,,
918,6/20/2010,12:00:00,75615,12.401,3.54,,,,
919,6/20/2010,12:30:00,75614,12.497,3.54,,,,
920,6/20/2010,13:00:00,75612,12.69,3.54,,,,
921,6/20/2010,13:30:00,75562,12.883,3.54,,,,
922,6/20/2010,14:00:00,75544,13.076,3.54,,,,
923,6/20/2010,14:30:00,75494,13.269,3.54,,,,
924,6/20/2010,15:00:00,75461,13.461,3.54,,,,
925,6/20/2010,15:30:00,75427,13.654,3.54,,,,
926,6/20/2010,16:00:00,75441,13.75,3.54,,,,
927,6/20/2010,16:30:00,75424,13.846,3.54,,,,
928,6/20/2010,17:00:00,75377,13.846,3.54,,,,
929,6/20/2010,17:30:00,75423,13.942,3.54,,,,
930,6/20/2010,18:00:00,75439,13.942,3.54,,,,
931,6/20/2010,18:30:00,75407,13.942,3.54,,,,
932,6/20/2010,19:00:00,75407,13.942,3.54,,,,
933,6/20/2010,19:30:00,75423,13.942,3.54,,,,
934,6/20/2010,20:00:00,75439,13.942,3.54,,,,
935,6/20/2010,20:30:00,75471,13.846,3.54,,,,
936,6/20/2010,21:00:00,75503,13.846,3.54,,,,
937,6/20/2010,21:30:00,75535,13.75,3.54,,,,
938,6/20/2010,22:00:00,75551,13.75,3.54,,,,
939,6/20/2010,22:30:00,75537,13.654,3.54,,,,
940,6/20/2010,23:00:00,75537,13.654,3.54,,,,
941,6/20/2010,23:30:00,75522,13.558,3.54,,,,
942,6/21/2010,0:00:00,75538,13.558,3.54,,,,
943,6/21/2010,0:30:00,75539,13.461,3.54,,,,
944,6/21/2010,1:00:00,75540,13.365,3.54,,,,
945,6/21/2010,1:30:00,75541,13.269,3.54,,,,
946,6/21/2010,2:00:00,75557,13.269,3.54,,,,
947,6/21/2010,2:30:00,75527,13.173,3.54,,,,
948,6/21/2010,3:00:00,75528,13.076,3.54,,,,
949,6/21/2010,3:30:00,75561,12.98,3.54,,,,
950,6/21/2010,4:00:00,75562,12.883,3.54,,,,
951,6/21/2010,4:30:00,75609,12.883,3.54,,,,
952,6/21/2010,5:00:00,75595,12.787,3.54,,,,
953,6/21/2010,5:30:00,75627,12.69,3.54,,,,
954,6/21/2010,6:00:00,75644,12.594,3.54,,,,
955,6/21/2010,6:30:00,75645,12.497,3.54,,,,
956,6/21/2010,7:00:00,75645,12.497,3.54,,,,
957,6/21/2010,7:30:00,75647,12.401,3.54,,,,
958,6/21/2010,8:00:00,75631,12.401,3.54,,,,
959,6/21/2010,8:30:00,75647,12.401,3.54,,,,
960,6/21/2010,9:00:00,75631,12.401,3.54,,,,
961,6/21/2010,9:30:00,75647,12.401,3.54,,,,
962,6/21/2010,10:00:00,75647,12.401,3.54,,,,
963,6/21/2010,10:30:00,75615,12.401,3.54,,,,
964,6/21/2010,11:00:00,75600,12.401,3.54,,,,
965,6/21/2010,11:30:00,75614,12.497,3.54,,,,
966,6/21/2010,12:00:00,75597,12.594,3.54,,,,
967,6/21/2010,12:30:00,75580,12.69,3.54,,,,
968,6/21/2010,13:00:00,75562,12.883,3.54,,,,
969,6/21/2010,13:30:00,75513,13.076,3.54,,,,
970,6/21/2010,14:00:00,75510,13.269,3.54,,,,
971,6/21/2010,14:30:00,75476,13.461,3.54,,,,
972,6/21/2010,15:00:00,75474,13.654,3.54,,,,
973,6/21/2010,15:30:00,75457,13.75,3.54,,,,
974,6/21/2010,16:00:00,75471,13.846,3.54,,,,
975,6/21/2010,16:30:00,75454,13.942,3.54,,,,
976,6/21/2010,17:00:00,75422,14.038,3.54,,,,
977,6/21/2010,17:30:00,75453,14.038,3.54,,,,
978,6/21/2010,18:00:00,75453,14.038,3.54,,,,
979,6/21/2010,18:30:00,75453,14.038,3.54,,,,
980,6/21/2010,19:00:00,75453,14.038,3.54,,,,
981,6/21/2010,19:30:00,75438,14.038,3.54,,,,
982,6/21/2010,20:00:00,75454,13.942,3.54,,,,
983,6/21/2010,20:30:00,75486,13.942,3.54,,,,
984,6/21/2010,21:00:00,75517,13.942,3.54,,,,
985,6/21/2010,21:30:00,75518,13.846,3.54,,,,
986,6/21/2010,22:00:00,75565,13.846,3.54,,,,
987,6/21/2010,22:30:00,75535,13.75,3.54,,,,
988,6/21/2010,23:00:00,75551,13.75,3.54,,,,
989,6/21/2010,23:30:00,75552,13.654,3.54,,,,
990,6/22/2010,0:00:00,75537,13.654,3.54,,,,
991,6/22/2010,0:30:00,75538,13.558,3.54,,,,
992,6/22/2010,1:00:00,75539,13.461,3.54,,,,
993,6/22/2010,1:30:00,75555,13.461,3.54,,,,
994,6/22/2010,2:00:00,75540,13.365,3.54,,,,
995,6/22/2010,2:30:00,75541,13.269,3.54,,,,
996,6/22/2010,3:00:00,75558,13.173,3.54,,,,
997,6/22/2010,3:30:00,75574,13.173,3.54,,,,
998,6/22/2010,4:00:00,75575,13.076,3.54,,,,
999,6/22/2010,4:30:00,75592,12.98,3.54,,,,
1000,6/22/2010,5:00:00,75609,12.883,3.54,,,,
1001,6/22/2010,5:30:00,75656,12.883,3.54,,,,
1002,6/22/2010,6:00:00,75673,12.787,3.54,,,,
1003,6/22/2010,6:30:00,75706,12.69,3.54,,,,
1004,6/22/2010,7:00:00,75737,12.69,3.54,,,,
1005,6/22/2010,7:30:00,75723,12.594,3.54,,,,
1006,6/22/2010,8:00:00,75770,12.594,3.54,,,,
1007,6/22/2010,8:30:00,75770,12.594,3.54,,,,
1008,6/22/2010,9:00:00,75785,12.594,3.54,,,,
1009,6/22/2010,9:30:00,75785,12.594,3.54,,,,
1010,6/22/2010,10:00:00,75770,12.594,3.54,,,,
1011,6/22/2010,10:30:00,75738,12.594,3.54,,,,
1012,6/22/2010,11:00:00,75707,12.594,3.54,,,,
1013,6/22/2010,11:30:00,75706,12.69,3.54,,,,
1014,6/22/2010,12:00:00,75673,12.787,3.54,,,,
1015,6/22/2010,12:30:00,75672,12.883,3.54,,,,
1016,6/22/2010,13:00:00,75638,13.076,3.54,,,,
1017,6/22/2010,13:30:00,75651,13.269,3.54,,,,
1018,6/22/2010,14:00:00,75633,13.461,3.54,,,,
1019,6/22/2010,14:30:00,75615,13.654,3.54,,,,
1020,6/22/2010,15:00:00,75582,13.75,3.54,,,,
1021,6/22/2010,15:30:00,75581,13.846,3.54,,,,
1022,6/22/2010,16:00:00,75580,13.942,3.54,,,,
1023,6/22/2010,16:30:00,75579,14.038,3.54,,,,
1024,6/22/2010,17:00:00,75547,14.038,3.54,,,,
1025,6/22/2010,17:30:00,75563,14.038,3.54,,,,
1026,6/22/2010,18:00:00,75532,14.038,3.54,,,,
1027,6/22/2010,18:30:00,75579,14.038,3.54,,,,
1028,6/22/2010,19:00:00,75579,14.038,3.54,,,,
1029,6/22/2010,19:30:00,75594,14.038,3.54,,,,
1030,6/22/2010,20:00:00,75594,14.038,3.54,,,,
1031,6/22/2010,20:30:00,75610,14.038,3.54,,,,
1032,6/22/2010,21:00:00,75674,13.942,3.54,,,,
1033,6/22/2010,21:30:00,75705,13.942,3.54,,,,
1034,6/22/2010,22:00:00,75738,13.846,3.54,,,,
1035,6/22/2010,22:30:00,75738,13.846,3.54,,,,
1036,6/22/2010,23:00:00,75739,13.75,3.54,,,,
1037,6/22/2010,23:30:00,75756,13.654,3.54,,,,
1038,6/23/2010,0:00:00,75740,13.654,3.54,,,,
1039,6/23/2010,0:30:00,75726,13.558,3.54,,,,
1040,6/23/2010,1:00:00,75758,13.461,3.54,,,,
1041,6/23/2010,1:30:00,75760,13.365,3.54,,,,
1042,6/23/2010,2:00:00,75761,13.269,3.54,,,,
1043,6/23/2010,2:30:00,75762,13.173,3.54,,,,
1044,6/23/2010,3:00:00,75762,13.173,3.54,,,,
1045,6/23/2010,3:30:00,75795,13.076,3.54,,,,
1046,6/23/2010,4:00:00,75780,12.98,3.54,,,,
1047,6/23/2010,4:30:00,75813,12.883,3.54,,,,
1048,6/23/2010,5:00:00,75845,12.787,3.54,,,,
1049,6/23/2010,5:30:00,75862,12.69,3.54,,,,
1050,6/23/2010,6:00:00,75848,12.594,3.54,,,,
1051,6/23/2010,6:30:00,75865,12.497,3.54,,,,
1052,6/23/2010,7:00:00,75865,12.497,3.54,,,,
1053,6/23/2010,7:30:00,75882,12.401,3.54,,,,
1054,6/23/2010,8:00:00,75897,12.401,3.54,,,,
1055,6/23/2010,8:30:00,75897,12.401,3.54,,,,
1056,6/23/2010,9:00:00,75866,12.401,3.54,,,,
1057,6/23/2010,9:30:00,75865,12.497,3.54,,,,
1058,6/23/2010,10:00:00,75865,12.497,3.54,,,,
1059,6/23/2010,10:30:00,75880,12.497,3.54,,,,
1060,6/23/2010,11:00:00,75865,12.497,3.54,,,,
1061,6/23/2010,11:30:00,75848,12.594,3.54,,,,
1062,6/23/2010,12:00:00,75831,12.69,3.54,,,,
1063,6/23/2010,12:30:00,75798,12.787,3.54,,,,
1064,6/23/2010,13:00:00,75765,12.98,3.54,,,,
1065,6/23/2010,13:30:00,75762,13.173,3.54,,,,
1066,6/23/2010,14:00:00,75744,13.365,3.54,,,,
1067,6/23/2010,14:30:00,75709,13.654,3.54,,,,
1068,6/23/2010,15:00:00,75659,13.846,3.54,,,,
1069,6/23/2010,15:30:00,75627,13.942,3.54,,,,
1070,6/23/2010,16:00:00,75657,14.038,3.54,,,,
1071,6/23/2010,16:30:00,75671,14.134,3.54,,,,
1072,6/23/2010,17:00:00,75670,14.23,3.54,,,,
1073,6/23/2010,17:30:00,75654,14.23,3.54,,,,
1074,6/23/2010,18:00:00,75623,14.23,3.54,,,,
1075,6/23/2010,18:30:00,75686,14.23,3.54,,,,
1076,6/23/2010,19:00:00,75749,14.23,3.54,,,,
1077,6/23/2010,19:30:00,75811,14.23,3.54,,,,
1078,6/23/2010,20:00:00,75875,14.134,3.54,,,,
1079,6/23/2010,20:30:00,75922,14.134,3.54,,,,
1080,6/23/2010,21:00:00,75985,14.134,3.54,,,,
1081,6/23/2010,21:30:00,76017,14.038,3.54,,,,
1082,6/23/2010,22:00:00,76049,14.038,3.54,,,,
1083,6/23/2010,22:30:00,76066,13.942,3.54,,,,
1084,6/23/2010,23:00:00,76034,13.942,3.54,,,,
1085,6/23/2010,23:30:00,76036,13.846,3.54,,,,
1086,6/24/2010,0:00:00,76020,13.846,3.54,,,,
1087,6/24/2010,0:30:00,76052,13.75,3.54,,,,
1088,6/24/2010,1:00:00,76038,13.654,3.54,,,,
1089,6/24/2010,1:30:00,75991,13.654,3.54,,,,
1090,6/24/2010,2:00:00,75977,13.558,3.54,,,,
1091,6/24/2010,2:30:00,75931,13.461,3.54,,,,
1092,6/24/2010,3:00:00,75931,13.461,3.54,,,,
1093,6/24/2010,3:30:00,75948,13.365,3.54,,,,
1094,6/24/2010,4:00:00,75949,13.269,3.54,,,,
1095,6/24/2010,4:30:00,75997,13.173,3.54,,,,
1096,6/24/2010,5:00:00,75997,13.173,3.54,,,,
1097,6/24/2010,5:30:00,76014,13.076,3.54,,,,
1098,6/24/2010,6:00:00,76031,12.98,3.54,,,,
1099,6/24/2010,6:30:00,76017,12.883,3.54,,,,
1100,6/24/2010,7:00:00,76017,12.883,3.54,,,,
1101,6/24/2010,7:30:00,76017,12.883,3.54,,,,
1102,6/24/2010,8:00:00,76018,12.787,3.54,,,,
1103,6/24/2010,8:30:00,76018,12.787,3.54,,,,
1104,6/24/2010,9:00:00,76002,12.787,3.54,,,,
1105,6/24/2010,9:30:00,75971,12.787,3.54,,,,
1106,6/24/2010,10:00:00,75955,12.787,3.54,,,,
1107,6/24/2010,10:30:00,75939,12.787,3.54,,,,
1108,6/24/2010,11:00:00,75908,12.787,3.54,,,,
1109,6/24/2010,11:30:00,75907,12.883,3.54,,,,
1110,6/24/2010,12:00:00,75859,12.98,3.54,,,,
1111,6/24/2010,12:30:00,75873,13.076,3.54,,,,
1112,6/24/2010,13:00:00,75792,13.269,3.54,,,,
1113,6/24/2010,13:30:00,75758,13.461,3.54,,,,
1114,6/24/2010,14:00:00,75725,13.654,3.54,,,,
1115,6/24/2010,14:30:00,75705,13.942,3.54,,,,
1116,6/24/2010,15:00:00,75703,14.134,3.54,,,,
1117,6/24/2010,15:30:00,75717,14.23,3.54,,,,
1118,6/24/2010,16:00:00,75700,14.325,3.54,,,,
1119,6/24/2010,16:30:00,75668,14.421,3.54,,,,
1120,6/24/2010,17:00:00,75666,14.517,3.54,,,,
1121,6/24/2010,17:30:00,75651,14.517,3.54,,,,
1122,6/24/2010,18:00:00,75651,14.517,3.54,,,,
1123,6/24/2010,18:30:00,75666,14.517,3.54,,,,
1124,6/24/2010,19:00:00,75682,14.517,3.54,,,,
1125,6/24/2010,19:30:00,75698,14.517,3.54,,,,
1126,6/24/2010,20:00:00,75762,14.421,3.54,,,,
1127,6/24/2010,20:30:00,75777,14.421,3.54,,,,
1128,6/24/2010,21:00:00,75840,14.421,3.54,,,,
1129,6/24/2010,21:30:00,75810,14.325,3.54,,,,
1130,6/24/2010,22:00:00,75810,14.325,3.54,,,,
1131,6/24/2010,22:30:00,75826,14.325,3.54,,,,
1132,6/24/2010,23:00:00,75827,14.23,3.54,,,,
1133,6/24/2010,23:30:00,75827,14.23,3.54,,,,
1134,6/25/2010,0:00:00,75828,14.134,3.54,,,,
1135,6/25/2010,0:30:00,75812,14.134,3.54,,,,
1136,6/25/2010,1:00:00,75814,14.038,3.54,,,,
1137,6/25/2010,1:30:00,75768,13.942,3.54,,,,
1138,6/25/2010,2:00:00,75752,13.942,3.54,,,,
1139,6/25/2010,2:30:00,75753,13.846,3.54,,,,
1140,6/25/2010,3:00:00,75770,13.75,3.54,,,,
1141,6/25/2010,3:30:00,75755,13.75,3.54,,,,
1142,6/25/2010,4:00:00,75787,13.654,3.54,,,,
1143,6/25/2010,4:30:00,75804,13.558,3.54,,,,
1144,6/25/2010,5:00:00,75788,13.558,3.54,,,,
1145,6/25/2010,5:30:00,75790,13.461,3.54,,,,
1146,6/25/2010,6:00:00,75807,13.365,3.54,,,,
1147,6/25/2010,6:30:00,75824,13.269,3.54,,,,
1148,6/25/2010,7:00:00,75808,13.269,3.54,,,,
1149,6/25/2010,7:30:00,75825,13.173,3.54,,,,
1150,6/25/2010,8:00:00,75793,13.173,3.54,,,,
1151,6/25/2010,8:30:00,75809,13.173,3.54,,,,
1152,6/25/2010,9:00:00,75762,13.173,3.54,,,,
1153,6/25/2010,9:30:00,75746,13.173,3.54,,,,
1154,6/25/2010,10:00:00,75746,13.173,3.54,,,,
1155,6/25/2010,10:30:00,75715,13.173,3.54,,,,
1156,6/25/2010,11:00:00,75699,13.173,3.54,,,,
1157,6/25/2010,11:30:00,75698,13.269,3.54,,,,
1158,6/25/2010,12:00:00,75667,13.269,3.54,,,,
1159,6/25/2010,12:30:00,75587,13.365,3.54,,,,
1160,6/25/2010,13:00:00,75570,13.461,3.54,,,,
1161,6/25/2010,13:30:00,75538,13.558,3.54,,,,
1162,6/25/2010,14:00:00,75505,13.654,3.54,,,,
1163,6/25/2010,14:30:00,75487,13.846,3.54,,,,
1164,6/25/2010,15:00:00,75470,13.942,3.54,,,,
1165,6/25/2010,15:30:00,75436,14.134,3.54,,,,
1166,6/25/2010,16:00:00,75405,14.134,3.54,,,,
1167,6/25/2010,16:30:00,75404,14.23,3.54,,,,
1168,6/25/2010,17:00:00,75388,14.23,3.54,,,,
1169,6/25/2010,17:30:00,75609,14.134,3.54,,,,
1170,6/25/2010,18:00:00,75720,14.038,3.54,,,,
1171,6/25/2010,18:30:00,75765,14.134,3.54,,,,
1172,6/25/2010,19:00:00,75718,14.134,3.54,,,,
1173,6/25/2010,19:30:00,75718,14.134,3.54,,,,
1174,6/25/2010,20:00:00,75750,14.134,3.54,,,,
1175,6/25/2010,20:30:00,75814,14.038,3.54,,,,
1176,6/25/2010,21:00:00,75829,14.038,3.54,,,,
1177,6/25/2010,21:30:00,75829,14.038,3.54,,,,
1178,6/25/2010,22:00:00,75815,13.942,3.54,,,,
1179,6/25/2010,22:30:00,75768,13.942,3.54,,,,
1180,6/25/2010,23:00:00,75738,13.846,3.54,,,,
1181,6/25/2010,23:30:00,75722,13.846,3.54,,,,
1182,6/26/2010,0:00:00,75723,13.75,3.54,,,,
1183,6/26/2010,0:30:00,75676,13.75,3.54,,,,
1184,6/26/2010,1:00:00,75646,13.654,3.54,,,,
1185,6/26/2010,1:30:00,75632,13.558,3.54,,,,
1186,6/26/2010,2:00:00,75600,13.558,3.54,,,,
1187,6/26/2010,2:30:00,75586,13.461,3.54,,,,
1188,6/26/2010,3:00:00,75572,13.365,3.54,,,,
1189,6/26/2010,3:30:00,75556,13.365,3.54,,,,
1190,6/26/2010,4:00:00,75573,13.269,3.54,,,,
1191,6/26/2010,4:30:00,75558,13.173,3.54,,,,
1192,6/26/2010,5:00:00,75544,13.076,3.54,,,,
1193,6/26/2010,5:30:00,75513,13.076,3.54,,,,
1194,6/26/2010,6:00:00,75530,12.98,3.54,,,,
1195,6/26/2010,6:30:00,75562,12.883,3.54,,,,
1196,6/26/2010,7:00:00,75562,12.883,3.54,,,,
1197,6/26/2010,7:30:00,75563,12.787,3.54,,,,
1198,6/26/2010,8:00:00,75548,12.787,3.54,,,,
1199,6/26/2010,8:30:00,75563,12.787,3.54,,,,
1200,6/26/2010,9:00:00,75532,12.787,3.54,,,,
1201,6/26/2010,9:30:00,75532,12.787,3.54,,,,
1202,6/26/2010,10:00:00,75485,12.787,3.54,,,,
1203,6/26/2010,10:30:00,75501,12.787,3.54,,,,
1204,6/26/2010,11:00:00,75485,12.787,3.54,,,,
1205,6/26/2010,11:30:00,75469,12.787,3.54,,,,
1206,6/26/2010,12:00:00,75438,12.787,3.54,,,,
1207,6/26/2010,12:30:00,75422,12.787,3.54,,,,
1208,6/26/2010,13:00:00,75390,12.883,3.54,,,,
1209,6/26/2010,13:30:00,75342,12.98,3.54,,,,
1210,6/26/2010,14:00:00,75325,13.076,3.54,,,,
1211,6/26/2010,14:30:00,75308,13.173,3.54,,,,
1212,6/26/2010,15:00:00,75275,13.269,3.54,,,,
1213,6/26/2010,15:30:00,75259,13.269,3.54,,,,
1214,6/26/2010,16:00:00,75274,13.365,3.54,,,,
1215,6/26/2010,16:30:00,75258,13.365,3.54,,,,
1216,6/26/2010,17:00:00,75273,13.461,3.54,,,,
1217,6/26/2010,17:30:00,75257,13.461,3.54,,,,
1218,6/26/2010,18:00:00,75226,13.461,3.54,,,,
1219,6/26/2010,18:30:00,75194,13.461,3.54,,,,
1220,6/26/2010,19:00:00,75209,13.558,3.54,,,,
1221,6/26/2010,19:30:00,75209,13.558,3.54,,,,
1222,6/26/2010,20:00:00,75257,13.461,3.54,,,,
1223,6/26/2010,20:30:00,75288,13.461,3.54,,,,
1224,6/26/2010,21:00:00,75320,13.461,3.54,,,,
1225,6/26/2010,21:30:00,75335,13.461,3.54,,,,
1226,6/26/2010,22:00:00,75337,13.365,3.54,,,,
1227,6/26/2010,22:30:00,75337,13.365,3.54,,,,
1228,6/26/2010,23:00:00,75368,13.365,3.54,,,,
1229,6/26/2010,23:30:00,75353,13.269,3.54,,,,
1230,6/27/2010,0:00:00,75353,13.269,3.54,,,,
1231,6/27/2010,0:30:00,75339,13.173,3.54,,,,
1232,6/27/2010,1:00:00,75340,13.076,3.54,,,,
1233,6/27/2010,1:30:00,75340,13.076,3.54,,,,
1234,6/27/2010,2:00:00,75310,12.98,3.54,,,,
1235,6/27/2010,2:30:00,75296,12.883,3.54,,,,
1236,6/27/2010,3:00:00,75311,12.883,3.54,,,,
1237,6/27/2010,3:30:00,75328,12.787,3.54,,,,
1238,6/27/2010,4:00:00,75345,12.69,3.54,,,,
1239,6/27/2010,4:30:00,75347,12.594,3.54,,,,
1240,6/27/2010,5:00:00,75347,12.594,3.54,,,,
1241,6/27/2010,5:30:00,75363,12.497,3.54,,,,
1242,6/27/2010,6:00:00,75349,12.401,3.54,,,,
1243,6/27/2010,6:30:00,75380,12.401,3.54,,,,
1244,6/27/2010,7:00:00,75397,12.304,3.54,,,,
1245,6/27/2010,7:30:00,75397,12.304,3.54,,,,
1246,6/27/2010,8:00:00,75382,12.304,3.54,,,,
1247,6/27/2010,8:30:00,75397,12.304,3.54,,,,
1248,6/27/2010,9:00:00,75397,12.304,3.54,,,,
1249,6/27/2010,9:30:00,75382,12.304,3.54,,,,
1250,6/27/2010,10:00:00,75397,12.304,3.54,,,,
1251,6/27/2010,10:30:00,75429,12.304,3.54,,,,
1252,6/27/2010,11:00:00,75702,11.722,3.51,,,,
1253,6/27/2010,11:30:00,75778,11.916,3.54,,,,
1254,6/27/2010,12:00:00,75684,11.916,3.54,,,,
1255,6/27/2010,12:30:00,75622,11.916,3.51,,,,
1256,6/27/2010,13:00:00,75512,11.916,3.51,,,,
1257,6/27/2010,13:30:00,75512,11.916,3.51,,,,
1258,6/27/2010,14:00:00,75496,11.916,3.51,,,,
1259,6/27/2010,14:30:00,75432,12.013,3.51,,,,
1260,6/27/2010,15:00:00,75384,12.11,3.54,,,,
1261,6/27/2010,15:30:00,75367,12.207,3.54,,,,
1262,6/27/2010,16:00:00,75352,12.207,3.54,,,,
1263,6/27/2010,16:30:00,75366,12.304,3.54,,,,
1264,6/27/2010,17:00:00,75476,12.304,3.54,,,,
1265,6/27/2010,17:30:00,75396,12.401,3.54,,,,
1266,6/27/2010,18:00:00,75380,12.401,3.54,,,,
1267,6/27/2010,18:30:00,75365,12.401,3.54,,,,
1268,6/27/2010,19:00:00,75365,12.401,3.54,,,,
1269,6/27/2010,19:30:00,75380,12.401,3.54,,,,
1270,6/27/2010,20:00:00,75412,12.401,3.54,,,,
1271,6/27/2010,20:30:00,75444,12.304,3.54,,,,
1272,6/27/2010,21:00:00,75476,12.304,3.54,,,,
1273,6/27/2010,21:30:00,75507,12.304,3.54,,,,
1274,6/27/2010,22:00:00,75508,12.207,3.54,,,,
1275,6/27/2010,22:30:00,75524,12.207,3.54,,,,
1276,6/27/2010,23:00:00,75525,12.11,3.54,,,,
1277,6/27/2010,23:30:00,75511,12.013,3.54,,,,
1278,6/28/2010,0:00:00,75479,12.013,3.51,,,,
1279,6/28/2010,0:30:00,75465,11.916,3.51,,,,
1280,6/28/2010,1:00:00,75482,11.819,3.51,,,,
1281,6/28/2010,1:30:00,75466,11.819,3.51,,,,
1282,6/28/2010,2:00:00,75452,11.722,3.51,,,,
1283,6/28/2010,2:30:00,75469,11.625,3.51,,,,
1284,6/28/2010,3:00:00,75469,11.625,3.51,,,,
1285,6/28/2010,3:30:00,75517,11.528,3.51,,,,
1286,6/28/2010,4:00:00,75550,11.431,3.51,,,,
1287,6/28/2010,4:30:00,75551,11.334,3.51,,,,
1288,6/28/2010,5:00:00,75551,11.334,3.51,,,,
1289,6/28/2010,5:30:00,75583,11.236,3.51,,,,
1290,6/28/2010,6:00:00,75599,11.236,3.51,,,,
1291,6/28/2010,6:30:00,75632,11.139,3.51,,,,
1292,6/28/2010,7:00:00,75632,11.139,3.51,,,,
1293,6/28/2010,7:30:00,75649,11.041,3.51,,,,
1294,6/28/2010,8:00:00,75649,11.041,3.51,,,,
1295,6/28/2010,8:30:00,75632,11.139,3.51,,,,
1296,6/28/2010,9:00:00,75632,11.139,3.51,,,,
1297,6/28/2010,9:30:00,75632,11.139,3.51,,,,
1298,6/28/2010,10:00:00,75647,11.139,3.51,,,,
1299,6/28/2010,10:30:00,75632,11.139,3.51,,,,
1300,6/28/2010,11:00:00,75615,11.236,3.51,,,,
1301,6/28/2010,11:30:00,75646,11.236,3.51,,,,
1302,6/28/2010,12:00:00,75660,11.334,3.51,,,,
1303,6/28/2010,12:30:00,75629,11.334,3.51,,,,
1304,6/28/2010,13:00:00,75645,11.334,3.51,,,,
1305,6/28/2010,13:30:00,75629,11.334,3.51,,,,
1306,6/28/2010,14:00:00,75692,11.334,3.51,,,,
1307,6/28/2010,14:30:00,75660,11.334,3.51,,,,
1308,6/28/2010,15:00:00,75660,11.334,3.51,,,,
1309,6/28/2010,15:30:00,75628,11.431,3.51,,,,
1310,6/28/2010,16:00:00,75597,11.431,3.51,,,,
1311,6/28/2010,16:30:00,75628,11.431,3.51,,,,
1312,6/28/2010,17:00:00,75628,11.431,3.51,,,,
1313,6/28/2010,17:30:00,75628,11.431,3.51,,,,
1314,6/28/2010,18:00:00,75644,11.431,3.51,,,,
1315,6/28/2010,18:30:00,75675,11.431,3.51,,,,
1316,6/28/2010,19:00:00,75675,11.431,3.51,,,,
1317,6/28/2010,19:30:00,75706,11.431,3.51,,,,
1318,6/28/2010,20:00:00,75738,11.431,3.51,,,,
1319,6/28/2010,20:30:00,75738,11.431,3.51,,,,
1320,6/28/2010,21:00:00,75753,11.431,3.51,,,,
1321,6/28/2010,21:30:00,75754,11.334,3.51,,,,
1322,6/28/2010,22:00:00,75739,11.334,3.51,,,,
1323,6/28/2010,22:30:00,75739,11.334,3.51,,,,
1324,6/28/2010,23:00:00,75756,11.236,3.51,,,,
1325,6/28/2010,23:30:00,75740,11.236,3.51,,,,
1326,6/29/2010,0:00:00,75757,11.139,3.51,,,,
1327,6/29/2010,0:30:00,75773,11.139,3.51,,,,
1328,6/29/2010,1:00:00,75790,11.041,3.51,,,,
1329,6/29/2010,1:30:00,75805,11.041,3.51,,,,
1330,6/29/2010,2:00:00,75790,11.041,3.51,,,,
1331,6/29/2010,2:30:00,75791,10.944,3.51,,,,
1332,6/29/2010,3:00:00,75775,10.944,3.51,,,,
1333,6/29/2010,3:30:00,75791,10.944,3.51,,,,
1334,6/29/2010,4:00:00,75761,10.846,3.51,,,,
1335,6/29/2010,4:30:00,75792,10.846,3.51,,,,
1336,6/29/2010,5:00:00,75793,10.748,3.51,,,,
1337,6/29/2010,5:30:00,75809,10.748,3.51,,,,
1338,6/29/2010,6:00:00,75793,10.748,3.51,,,,
1339,6/29/2010,6:30:00,75810,10.651,3.51,,,,
1340,6/29/2010,7:00:00,75826,10.651,3.51,,,,
1341,6/29/2010,7:30:00,75826,10.651,3.51,,,,
1342,6/29/2010,8:00:00,75842,10.651,3.51,,,,
1343,6/29/2010,8:30:00,75842,10.651,3.51,,,,
1344,6/29/2010,9:00:00,75842,10.651,3.51,,,,
1345,6/29/2010,9:30:00,75826,10.651,3.51,,,,
1346,6/29/2010,10:00:00,75856,10.748,3.51,,,,
1347,6/29/2010,10:30:00,75840,10.748,3.51,,,,
1348,6/29/2010,11:00:00,75856,10.748,3.51,,,,
1349,6/29/2010,11:30:00,75840,10.748,3.51,,,,
1350,6/29/2010,12:00:00,75823,10.846,3.51,,,,
1351,6/29/2010,12:30:00,75806,10.944,3.51,,,,
1352,6/29/2010,13:00:00,75790,11.041,3.51,,,,
1353,6/29/2010,13:30:00,75773,11.139,3.51,,,,
1354,6/29/2010,14:00:00,75739,11.334,3.51,,,,
1355,6/29/2010,14:30:00,75721,11.528,3.51,,,,
1356,6/29/2010,15:00:00,75688,11.625,3.51,,,,
1357,6/29/2010,15:30:00,75670,11.819,3.51,,,,
1358,6/29/2010,16:00:00,75669,11.916,3.51,,,,
1359,6/29/2010,16:30:00,75667,12.013,3.51,,,,
1360,6/29/2010,17:00:00,75666,12.11,3.51,,,,
1361,6/29/2010,17:30:00,75649,12.207,3.51,,,,
1362,6/29/2010,18:00:00,75665,12.207,3.51,,,,
1363,6/29/2010,18:30:00,75681,12.207,3.51,,,,
1364,6/29/2010,19:00:00,75696,12.207,3.54,,,,
1365,6/29/2010,19:30:00,75712,12.207,3.54,,,,
1366,6/29/2010,20:00:00,75743,12.207,3.54,,,,
1367,6/29/2010,20:30:00,75759,12.207,3.54,,,,
1368,6/29/2010,21:00:00,75790,12.207,3.54,,,,
1369,6/29/2010,21:30:00,75806,12.207,3.54,,,,
1370,6/29/2010,22:00:00,75854,12.11,3.51,,,,
1371,6/29/2010,22:30:00,75838,12.11,3.51,,,,
1372,6/29/2010,23:00:00,75854,12.11,3.51,,,,
1373,6/29/2010,23:30:00,75824,12.013,3.51,,,,
1374,6/30/2010,0:00:00,75840,12.013,3.51,,,,
1375,6/30/2010,0:30:00,75824,12.013,3.51,,,,
1376,6/30/2010,1:00:00,75825,11.916,3.51,,,,
1377,6/30/2010,1:30:00,75841,11.916,3.51,,,,
1378,6/30/2010,2:00:00,75825,11.916,3.51,,,,
1379,6/30/2010,2:30:00,75826,11.819,3.51,,,,
1380,6/30/2010,3:00:00,75811,11.819,3.51,,,,
1381,6/30/2010,3:30:00,75826,11.819,3.51,,,,
1382,6/30/2010,4:00:00,75812,11.722,3.51,,,,
1383,6/30/2010,4:30:00,75812,11.722,3.51,,,,
1384,6/30/2010,5:00:00,75828,11.722,3.51,,,,
1385,6/30/2010,5:30:00,75829,11.625,3.51,,,,
1386,6/30/2010,6:00:00,75845,11.625,3.51,,,,
1387,6/30/2010,6:30:00,75860,11.625,3.51,,,,
1388,6/30/2010,7:00:00,75862,11.528,3.51,,,,
1389,6/30/2010,7:30:00,75893,11.528,3.51,,,,
1390,6/30/2010,8:00:00,75893,11.528,3.51,,,,
1391,6/30/2010,8:30:00,75893,11.528,3.51,,,,
1392,6/30/2010,9:00:00,75909,11.528,3.51,,,,
1393,6/30/2010,9:30:00,75878,11.431,3.51,,,,
1394,6/30/2010,10:00:00,75878,11.431,3.51,,,,
1395,6/30/2010,10:30:00,75847,11.431,3.51,,,,
1396,6/30/2010,11:00:00,75832,11.431,3.51,,,,
1397,6/30/2010,11:30:00,75815,11.528,3.51,,,,
1398,6/30/2010,12:00:00,75782,11.625,3.51,,,,
1399,6/30/2010,12:30:00,75749,11.722,3.51,,,,
1400,6/30/2010,13:00:00,75731,11.916,3.51,,,,
1401,6/30/2010,13:30:00,75713,12.11,3.51,,,,
1402,6/30/2010,14:00:00,75695,12.304,3.51,,,,
1403,6/30/2010,14:30:00,75677,12.497,3.54,,,,
1404,6/30/2010,15:00:00,75643,12.69,3.54,,,,
1405,6/30/2010,15:30:00,75626,12.787,3.54,,,,
1406,6/30/2010,16:00:00,75625,12.883,3.54,,,,
1407,6/30/2010,16:30:00,75592,12.98,3.54,,,,
1408,6/30/2010,17:00:00,75607,13.076,3.54,,,,
1409,6/30/2010,17:30:00,75607,13.076,3.54,,,,
1410,6/30/2010,18:00:00,75622,13.076,3.54,,,,
1411,6/30/2010,18:30:00,75622,13.076,3.54,,,,
1412,6/30/2010,19:00:00,75654,13.076,3.54,,,,
1413,6/30/2010,19:30:00,75685,13.076,3.54,,,,
1414,6/30/2010,20:00:00,75685,13.076,3.54,,,,
1415,6/30/2010,20:30:00,75702,12.98,3.54,,,,
1416,6/30/2010,21:00:00,75749,12.98,3.54,,,,
1417,6/30/2010,21:30:00,75749,12.98,3.54,,,,
1418,6/30/2010,22:00:00,75797,12.883,3.54,,,,
1419,6/30/2010,22:30:00,75766,12.883,3.54,,,,
1420,6/30/2010,23:00:00,75798,12.787,3.54,,,,
1421,6/30/2010,23:30:00,75783,12.787,3.54,,,,
1422,7/1/2010,0:00:00,75784,12.69,3.54,,,,
1423,7/1/2010,0:30:00,75768,12.69,3.54,,,,
1424,7/1/2010,1:00:00,75754,12.594,3.54,,,,
1425,7/1/2010,1:30:00,75738,12.594,3.54,,,,
1426,7/1/2010,2:00:00,75739,12.497,3.54,,,,
1427,7/1/2010,2:30:00,75724,12.497,3.54,,,,
1428,7/1/2010,3:00:00,75741,12.401,3.54,,,,
1429,7/1/2010,3:30:00,75725,12.401,3.54,,,,
1430,7/1/2010,4:00:00,75709,12.401,3.54,,,,
1431,7/1/2010,4:30:00,75742,12.304,3.54,,,,
1432,7/1/2010,5:00:00,75742,12.304,3.54,,,,
1433,7/1/2010,5:30:00,75759,12.207,3.54,,,,
1434,7/1/2010,6:00:00,75743,12.207,3.54,,,,
1435,7/1/2010,6:30:00,75759,12.207,3.54,,,,
1436,7/1/2010,7:00:00,75776,12.11,3.54,,,,
1437,7/1/2010,7:30:00,75776,12.11,3.54,,,,
1438,7/1/2010,8:00:00,75776,12.11,3.54,,,,
1439,7/1/2010,8:30:00,75776,12.11,3.54,,,,
1440,7/1/2010,9:00:00,75776,12.11,3.54,,,,
1441,7/1/2010,9:30:00,75760,12.11,3.51,,,,
1442,7/1/2010,10:00:00,75760,12.11,3.54,,,,
1443,7/1/2010,10:30:00,75729,12.11,3.54,,,,
1444,7/1/2010,11:00:00,75743,12.207,3.54,,,,
1445,7/1/2010,11:30:00,75728,12.207,3.54,,,,
1446,7/1/2010,12:00:00,75695,12.304,3.54,,,,
1447,7/1/2010,12:30:00,75678,12.401,3.54,,,,
1448,7/1/2010,13:00:00,75645,12.497,3.54,,,,
1449,7/1/2010,13:30:00,75613,12.594,3.54,,,,
1450,7/1/2010,14:00:00,75580,12.69,3.54,,,,
1451,7/1/2010,14:30:00,75563,12.787,3.54,,,,
1452,7/1/2010,15:00:00,75531,12.883,3.54,,,,
1453,7/1/2010,15:30:00,75498,12.98,3.54,,,,
1454,7/1/2010,16:00:00,75497,13.076,3.54,,,,
1455,7/1/2010,16:30:00,75480,13.173,3.54,,,,
1456,7/1/2010,17:00:00,75463,13.269,3.54,,,,
1457,7/1/2010,17:30:00,75479,13.269,3.54,,,,
1458,7/1/2010,18:00:00,75479,13.269,3.54,,,,
1459,7/1/2010,18:30:00,75479,13.269,3.54,,,,
1460,7/1/2010,19:00:00,75479,13.269,3.54,,,,
1461,7/1/2010,19:30:00,75494,13.269,3.54,,,,
1462,7/1/2010,20:00:00,75494,13.269,3.54,,,,
1463,7/1/2010,20:30:00,75573,13.269,3.54,,,,
1464,7/1/2010,21:00:00,75605,13.173,3.54,,,,
1465,7/1/2010,21:30:00,75621,13.173,3.54,,,,
1466,7/1/2010,22:00:00,75590,13.173,3.54,,,,
1467,7/1/2010,22:30:00,75607,13.076,3.54,,,,
1468,7/1/2010,23:00:00,75591,13.076,3.54,,,,
1469,7/1/2010,23:30:00,75591,13.076,3.54,,,,
1470,7/2/2010,0:00:00,75577,12.98,3.54,,,,
1471,7/2/2010,0:30:00,75561,12.98,3.54,,,,
1472,7/2/2010,1:00:00,75561,12.98,3.54,,,,
1473,7/2/2010,1:30:00,75546,12.883,3.54,,,,
1474,7/2/2010,2:00:00,75531,12.883,3.54,,,,
1475,7/2/2010,2:30:00,75546,12.883,3.54,,,,
1476,7/2/2010,3:00:00,75516,12.787,3.54,,,,
1477,7/2/2010,3:30:00,75516,12.787,3.54,,,,
1478,7/2/2010,4:00:00,75501,12.787,3.54,,,,
1479,7/2/2010,4:30:00,75502,12.69,3.54,,,,
1480,7/2/2010,5:00:00,75502,12.69,3.54,,,,
1481,7/2/2010,5:30:00,75471,12.69,3.54,,,,
1482,7/2/2010,6:00:00,75488,12.594,3.54,,,,
1483,7/2/2010,6:30:00,75519,12.594,3.54,,,,
1484,7/2/2010,7:00:00,75535,12.594,3.54,,,,
1485,7/2/2010,7:30:00,75520,12.497,3.54,,,,
1486,7/2/2010,8:00:00,75504,12.497,3.54,,,,
1487,7/2/2010,8:30:00,75504,12.497,3.54,,,,
1488,7/2/2010,9:00:00,75473,12.497,3.54,,,,
1489,7/2/2010,9:30:00,75473,12.497,3.54,,,,
1490,7/2/2010,10:00:00,75457,12.497,3.54,,,,
1491,7/2/2010,10:30:00,75426,12.497,3.54,,,,
1492,7/2/2010,11:00:00,75425,12.594,3.54,,,,
1493,7/2/2010,11:30:00,75392,12.69,3.54,,,,
1494,7/2/2010,12:00:00,75360,12.787,3.54,,,,
1495,7/2/2010,12:30:00,75296,12.883,3.54,,,,
1496,7/2/2010,13:00:00,75310,12.98,3.54,,,,
1497,7/2/2010,13:30:00,75293,13.076,3.54,,,,
1498,7/2/2010,14:00:00,75306,13.269,3.54,,,,
1499,7/2/2010,14:30:00,75526,13.269,3.54,,,,
1500,7/2/2010,15:00:00,75416,13.269,3.54,,,,
1501,7/2/2010,15:30:00,75305,13.365,3.54,,,,
1502,7/2/2010,16:00:00,75257,13.461,3.54,,,,
1503,7/2/2010,16:30:00,75321,13.365,3.54,,,,
1504,7/2/2010,17:00:00,75241,13.461,3.54,,,,
1505,7/2/2010,17:30:00,75194,13.461,3.54,,,,
1506,7/2/2010,18:00:00,75163,13.461,3.54,,,,
1507,7/2/2010,18:30:00,75146,13.558,3.54,,,,
1508,7/2/2010,19:00:00,75177,13.558,3.54,,,,
1509,7/2/2010,19:30:00,75177,13.558,3.54,,,,
1510,7/2/2010,20:00:00,75210,13.461,3.54,,,,
1511,7/2/2010,20:30:00,75210,13.461,3.54,,,,
1512,7/2/2010,21:00:00,75273,13.461,3.54,,,,
1513,7/2/2010,21:30:00,75257,13.461,3.54,,,,
1514,7/2/2010,22:00:00,75290,13.365,3.54,,,,
1515,7/2/2010,22:30:00,75258,13.365,3.54,,,,
1516,7/2/2010,23:00:00,75274,13.365,3.54,,,,
1517,7/2/2010,23:30:00,75243,13.365,3.54,,,,
1518,7/3/2010,0:00:00,75275,13.269,3.54,,,,
1519,7/3/2010,0:30:00,75212,13.269,3.54,,,,
1520,7/3/2010,1:00:00,75390,12.883,3.54,,,,
1521,7/3/2010,1:30:00,75567,12.497,3.54,,,,
1522,7/3/2010,2:00:00,75421,12.883,3.54,,,,
1523,7/3/2010,2:30:00,75327,12.883,3.54,,,,
1524,7/3/2010,3:00:00,75391,12.787,3.54,,,,
1525,7/3/2010,3:30:00,75390,12.883,3.54,,,,
1526,7/3/2010,4:00:00,75358,12.883,3.54,,,,
1527,7/3/2010,4:30:00,75327,12.883,3.54,,,,
1528,7/3/2010,5:00:00,75280,12.883,3.54,,,,
1529,7/3/2010,5:30:00,75296,12.883,3.54,,,,
1530,7/3/2010,6:00:00,75313,12.787,3.54,,,,
1531,7/3/2010,6:30:00,75297,12.787,3.54,,,,
1532,7/3/2010,7:00:00,75297,12.787,3.54,,,,
1533,7/3/2010,7:30:00,75281,12.787,3.54,,,,
1534,7/3/2010,8:00:00,75267,12.69,3.54,,,,
1535,7/3/2010,8:30:00,75283,12.69,3.54,,,,
1536,7/3/2010,9:00:00,75251,12.69,3.54,,,,
1537,7/3/2010,9:30:00,75219,12.787,3.54,,,,
1538,7/3/2010,10:00:00,75219,12.787,3.54,,,,
1539,7/3/2010,10:30:00,75203,12.787,3.54,,,,
1540,7/3/2010,11:00:00,75203,12.787,3.54,,,,
1541,7/3/2010,11:30:00,75219,12.787,3.54,,,,
1542,7/3/2010,12:00:00,75172,12.787,3.54,,,,
1543,7/3/2010,12:30:00,75172,12.787,3.54,,,,
1544,7/3/2010,13:00:00,75108,12.883,3.54,,,,
1545,7/3/2010,13:30:00,75075,12.98,3.54,,,,
1546,7/3/2010,14:00:00,75044,12.98,3.54,,,,
1547,7/3/2010,14:30:00,75169,12.98,3.54,,,,
1548,7/3/2010,15:00:00,75137,13.076,3.54,,,,
1549,7/3/2010,15:30:00,75090,13.076,3.54,,,,
1550,7/3/2010,16:00:00,75073,13.173,3.54,,,,
1551,7/3/2010,16:30:00,75057,13.173,3.54,,,,
1552,7/3/2010,17:00:00,75010,13.173,3.54,,,,
1553,7/3/2010,17:30:00,74993,13.269,3.54,,,,
1554,7/3/2010,18:00:00,74977,13.269,3.54,,,,
1555,7/3/2010,18:30:00,74993,13.269,3.54,,,,
1556,7/3/2010,19:00:00,74977,13.269,3.54,,,,
1557,7/3/2010,19:30:00,75024,13.269,3.54,,,,
1558,7/3/2010,20:00:00,75024,13.269,3.54,,,,
1559,7/3/2010,20:30:00,75073,13.173,3.54,,,,
1560,7/3/2010,21:00:00,75120,13.173,3.54,,,,
1561,7/3/2010,21:30:00,75120,13.173,3.54,,,,
1562,7/3/2010,22:00:00,75135,13.173,3.54,,,,
1563,7/3/2010,22:30:00,75121,13.076,3.54,,,,
1564,7/3/2010,23:00:00,75105,13.076,3.54,,,,
1565,7/3/2010,23:30:00,75122,12.98,3.54,,,,
1566,7/4/2010,0:00:00,75138,12.98,3.54,,,,
1567,7/4/2010,0:30:00,75170,12.883,3.54,,,,
1568,7/4/2010,1:00:00,75123,12.883,3.54,,,,
1569,7/4/2010,1:30:00,75125,12.787,3.54,,,,
1570,7/4/2010,2:00:00,75126,12.69,3.54,,,,
1571,7/4/2010,2:30:00,75110,12.69,3.54,,,,
1572,7/4/2010,3:00:00,75096,12.594,3.54,,,,
1573,7/4/2010,3:30:00,75128,12.497,3.54,,,,
1574,7/4/2010,4:00:00,75130,12.401,3.54,,,,
1575,7/4/2010,4:30:00,75147,12.304,3.54,,,,
1576,7/4/2010,5:00:00,75178,12.304,3.54,,,,
1577,7/4/2010,5:30:00,75179,12.207,3.54,,,,
1578,7/4/2010,6:00:00,75196,12.11,3.54,,,,
1579,7/4/2010,6:30:00,75196,12.11,3.54,,,,
1580,7/4/2010,7:00:00,75197,12.013,3.54,,,,
1581,7/4/2010,7:30:00,75182,12.013,3.51,,,,
1582,7/4/2010,8:00:00,75182,12.013,3.51,,,,
1583,7/4/2010,8:30:00,75197,12.013,3.51,,,,
1584,7/4/2010,9:00:00,75166,12.013,3.51,,,,
1585,7/4/2010,9:30:00,75166,12.013,3.51,,,,
1586,7/4/2010,10:00:00,75182,12.013,3.51,,,,
1587,7/4/2010,10:30:00,75182,12.013,3.51,,,,
1588,7/4/2010,11:00:00,75150,12.013,3.51,,,,
1589,7/4/2010,11:30:00,75150,12.013,3.51,,,,
1590,7/4/2010,12:00:00,75149,12.11,3.54,,,,
1591,7/4/2010,12:30:00,75132,12.207,3.54,,,,
1592,7/4/2010,13:00:00,75114,12.401,3.54,,,,
1593,7/4/2010,13:30:00,75081,12.497,3.54,,,,
1594,7/4/2010,14:00:00,75093,12.787,3.54,,,,
1595,7/4/2010,14:30:00,75075,12.98,3.54,,,,
1596,7/4/2010,15:00:00,75041,13.173,3.54,,,,
1597,7/4/2010,15:30:00,75040,13.269,3.54,,,,
1598,7/4/2010,16:00:00,75039,13.365,3.54,,,,
1599,7/4/2010,16:30:00,75006,13.461,3.54,,,,
1600,7/4/2010,17:00:00,75005,13.558,3.54,,,,
1601,7/4/2010,17:30:00,74989,13.558,3.54,,,,
1602,7/4/2010,18:00:00,75004,13.654,3.54,,,,
1603,7/4/2010,18:30:00,75019,13.654,3.54,,,,
1604,7/4/2010,19:00:00,75035,13.654,3.54,,,,
1605,7/4/2010,19:30:00,75066,13.654,3.54,,,,
1606,7/4/2010,20:00:00,75098,13.654,3.54,,,,
1607,7/4/2010,20:30:00,75099,13.558,3.54,,,,
1608,7/4/2010,21:00:00,75130,13.558,3.54,,,,
1609,7/4/2010,21:30:00,75130,13.558,3.54,,,,
1610,7/4/2010,22:00:00,75147,13.461,3.54,,,,
1611,7/4/2010,22:30:00,75163,13.461,3.54,,,,
1612,7/4/2010,23:00:00,75164,13.365,3.54,,,,
1613,7/4/2010,23:30:00,75148,13.365,3.54,,,,
1614,7/5/2010,0:00:00,75165,13.269,3.54,,,,
1615,7/5/2010,0:30:00,75165,13.269,3.54,,,,
1616,7/5/2010,1:00:00,75135,13.173,3.54,,,,
1617,7/5/2010,1:30:00,75168,13.076,3.54,,,,
1618,7/5/2010,2:00:00,75121,13.076,3.54,,,,
1619,7/5/2010,2:30:00,75153,12.98,3.54,,,,
1620,7/5/2010,3:00:00,75138,12.98,3.54,,,,
1621,7/5/2010,3:30:00,75155,12.883,3.54,,,,
1622,7/5/2010,4:00:00,75172,12.787,3.54,,,,
1623,7/5/2010,4:30:00,75173,12.69,3.54,,,,
1624,7/5/2010,5:00:00,75157,12.69,3.54,,,,
1625,7/5/2010,5:30:00,75190,12.594,3.54,,,,
1626,7/5/2010,6:00:00,75238,12.497,3.54,,,,
1627,7/5/2010,6:30:00,75271,12.401,3.54,,,,
1628,7/5/2010,7:00:00,75256,12.304,3.54,,,,
1629,7/5/2010,7:30:00,75256,12.304,3.54,,,,
1630,7/5/2010,8:00:00,75272,12.304,3.54,,,,
1631,7/5/2010,8:30:00,75288,12.304,3.54,,,,
1632,7/5/2010,9:00:00,75241,12.304,3.54,,,,
1633,7/5/2010,9:30:00,75241,12.304,3.54,,,,
1634,7/5/2010,10:00:00,75272,12.304,3.54,,,,
1635,7/5/2010,10:30:00,75289,12.207,3.54,,,,
1636,7/5/2010,11:00:00,75258,12.207,3.54,,,,
1637,7/5/2010,11:30:00,75272,12.304,3.54,,,,
1638,7/5/2010,12:00:00,75255,12.401,3.54,,,,
1639,7/5/2010,12:30:00,75222,12.497,3.54,,,,
1640,7/5/2010,13:00:00,75189,12.69,3.54,,,,
1641,7/5/2010,13:30:00,75170,12.883,3.54,,,,
1642,7/5/2010,14:00:00,75137,13.076,3.54,,,,
1643,7/5/2010,14:30:00,75134,13.269,3.54,,,,
1644,7/5/2010,15:00:00,75147,13.461,3.54,,,,
1645,7/5/2010,15:30:00,75146,13.558,3.54,,,,
1646,7/5/2010,16:00:00,75129,13.654,3.54,,,,
1647,7/5/2010,16:30:00,75112,13.75,3.54,,,,
1648,7/5/2010,17:00:00,75111,13.846,3.54,,,,
1649,7/5/2010,17:30:00,75127,13.846,3.54,,,,
1650,7/5/2010,18:00:00,75174,13.846,3.54,,,,
1651,7/5/2010,18:30:00,75189,13.846,3.54,,,,
1652,7/5/2010,19:00:00,75205,13.846,3.54,,,,
1653,7/5/2010,19:30:00,75205,13.846,3.54,,,,
1654,7/5/2010,20:00:00,75222,13.75,3.54,,,,
1655,7/5/2010,20:30:00,75238,13.75,3.54,,,,
1656,7/5/2010,21:00:00,75286,13.654,3.54,,,,
1657,7/5/2010,21:30:00,75301,13.654,3.54,,,,
1658,7/5/2010,22:00:00,75318,13.558,3.54,,,,
1659,7/5/2010,22:30:00,75303,13.558,3.54,,,,
1660,7/5/2010,23:00:00,75320,13.461,3.54,,,,
1661,7/5/2010,23:30:00,75304,13.461,3.54,,,,
1662,7/6/2010,0:00:00,75305,13.365,3.54,,,,
1663,7/6/2010,0:30:00,75322,13.269,3.54,,,,
1664,7/6/2010,1:00:00,75308,13.173,3.54,,,,
1665,7/6/2010,1:30:00,75309,13.076,3.54,,,,
1666,7/6/2010,2:00:00,75310,12.98,3.54,,,,
1667,7/6/2010,2:30:00,75310,12.98,3.54,,,,
1668,7/6/2010,3:00:00,75296,12.883,3.54,,,,
1669,7/6/2010,3:30:00,75313,12.787,3.54,,,,
1670,7/6/2010,4:00:00,75330,12.69,3.54,,,,
1671,7/6/2010,4:30:00,75314,12.69,3.54,,,,
1672,7/6/2010,5:00:00,75347,12.594,3.54,,,,
1673,7/6/2010,5:30:00,75363,12.497,3.54,,,,
1674,7/6/2010,6:00:00,75396,12.401,3.54,,,,
1675,7/6/2010,6:30:00,75396,12.401,3.54,,,,
1676,7/6/2010,7:00:00,75429,12.304,3.54,,,,
1677,7/6/2010,7:30:00,75429,12.304,3.54,,,,
1678,7/6/2010,8:00:00,75444,12.304,3.54,,,,
1679,7/6/2010,8:30:00,75444,12.304,3.54,,,,
1680,7/6/2010,9:00:00,75444,12.304,3.54,,,,
1681,7/6/2010,9:30:00,75429,12.304,3.54,,,,
1682,7/6/2010,10:00:00,75397,12.304,3.54,,,,
1683,7/6/2010,10:30:00,75397,12.304,3.54,,,,
1684,7/6/2010,11:00:00,75366,12.304,3.54,,,,
1685,7/6/2010,11:30:00,75366,12.304,3.54,,,,
1686,7/6/2010,12:00:00,75333,12.401,3.54,,,,
1687,7/6/2010,12:30:00,75316,12.497,3.54,,,,
1688,7/6/2010,13:00:00,75268,12.594,3.54,,,,
1689,7/6/2010,13:30:00,75234,12.787,3.54,,,,
1690,7/6/2010,14:00:00,75201,12.98,3.54,,,,
1691,7/6/2010,14:30:00,75151,13.173,3.54,,,,
1692,7/6/2010,15:00:00,75133,13.365,3.54,,,,
1693,7/6/2010,15:30:00,75099,13.558,3.54,,,,
1694,7/6/2010,16:00:00,75098,13.654,3.54,,,,
1695,7/6/2010,16:30:00,75112,13.75,3.54,,,,
1696,7/6/2010,17:00:00,75112,13.75,3.54,,,,
1697,7/6/2010,17:30:00,75095,13.846,3.54,,,,
1698,7/6/2010,18:00:00,75142,13.846,3.54,,,,
1699,7/6/2010,18:30:00,75127,13.846,3.54,,,,
1700,7/6/2010,19:00:00,75142,13.846,3.54,,,,
1701,7/6/2010,19:30:00,75189,13.846,3.54,,,,
1702,7/6/2010,20:00:00,75222,13.75,3.54,,,,
1703,7/6/2010,20:30:00,75253,13.75,3.54,,,,
1704,7/6/2010,21:00:00,75316,13.75,3.54,,,,
1705,7/6/2010,21:30:00,75348,13.654,3.54,,,,
1706,7/6/2010,22:00:00,75348,13.654,3.54,,,,
1707,7/6/2010,22:30:00,75350,13.558,3.54,,,,
1708,7/6/2010,23:00:00,75350,13.558,3.54,,,,
1709,7/6/2010,23:30:00,75367,13.461,3.54,,,,
1710,7/7/2010,0:00:00,75367,13.461,3.54,,,,
1711,7/7/2010,0:30:00,75352,13.365,3.54,,,,
1712,7/7/2010,1:00:00,75337,13.365,3.54,,,,
1713,7/7/2010,1:30:00,75306,13.269,3.54,,,,
1714,7/7/2010,2:00:00,75322,13.269,3.54,,,,
1715,7/7/2010,2:30:00,75276,13.173,3.54,,,,
1716,7/7/2010,3:00:00,75308,13.173,3.54,,,,
1717,7/7/2010,3:30:00,75309,13.076,3.54,,,,
1718,7/7/2010,4:00:00,75326,12.98,3.54,,,,
1719,7/7/2010,4:30:00,75343,12.883,3.54,,,,
1720,7/7/2010,5:00:00,75374,12.883,3.54,,,,
1721,7/7/2010,5:30:00,75375,12.787,3.54,,,,
1722,7/7/2010,6:00:00,75375,12.787,3.54,,,,
1723,7/7/2010,6:30:00,75424,12.69,3.54,,,,
1724,7/7/2010,7:00:00,75425,12.594,3.54,,,,
1725,7/7/2010,7:30:00,75456,12.594,3.54,,,,
1726,7/7/2010,8:00:00,75472,12.594,3.54,,,,
1727,7/7/2010,8:30:00,75456,12.594,3.54,,,,
1728,7/7/2010,9:00:00,75456,12.594,3.54,,,,
1729,7/7/2010,9:30:00,75456,12.594,3.54,,,,
1730,7/7/2010,10:00:00,75456,12.594,3.54,,,,
1731,7/7/2010,10:30:00,75472,12.594,3.54,,,,
1732,7/7/2010,11:00:00,75472,12.594,3.54,,,,
1733,7/7/2010,11:30:00,75456,12.594,3.54,,,,
1734,7/7/2010,12:00:00,75456,12.594,3.54,,,,
1735,7/7/2010,12:30:00,75472,12.594,3.54,,,,
1736,7/7/2010,13:00:00,75488,12.594,3.54,,,,
1737,7/7/2010,13:30:00,75634,12.207,3.54,,,,
1738,7/7/2010,14:00:00,75664,12.304,3.54,,,,
1739,7/7/2010,14:30:00,75694,12.401,3.54,,,,
1740,7/7/2010,15:00:00,75709,12.401,3.54,,,,
1741,7/7/2010,15:30:00,75630,12.497,3.54,,,,
1742,7/7/2010,16:00:00,75755,12.497,3.54,,,,
1743,7/7/2010,16:30:00,75803,12.401,3.54,,,,
1744,7/7/2010,17:00:00,75835,12.401,3.54,,,,
1745,7/7/2010,17:30:00,75786,12.497,3.54,,,,
1746,7/7/2010,18:00:00,75678,12.401,3.54,,,,
1747,7/7/2010,18:30:00,75694,12.401,3.54,,,,
1748,7/7/2010,19:00:00,75709,12.401,3.54,,,,
1749,7/7/2010,19:30:00,75709,12.401,3.54,,,,
1750,7/7/2010,20:00:00,75726,12.304,3.54,,,,
1751,7/7/2010,20:30:00,75742,12.304,3.54,,,,
1752,7/7/2010,21:00:00,75790,12.207,3.54,,,,
1753,7/7/2010,21:30:00,75775,12.207,3.54,,,,
1754,7/7/2010,22:00:00,75807,12.11,3.54,,,,
1755,7/7/2010,22:30:00,75807,12.11,3.54,,,,
1756,7/7/2010,23:00:00,75777,12.013,3.51,,,,
1757,7/7/2010,23:30:00,75746,12.013,3.51,,,,
1758,7/8/2010,0:00:00,75763,11.916,3.51,,,,
1759,7/8/2010,0:30:00,75731,11.916,3.51,,,,
1760,7/8/2010,1:00:00,75748,11.819,3.51,,,,
1761,7/8/2010,1:30:00,75733,11.819,3.51,,,,
1762,7/8/2010,2:00:00,75734,11.722,3.51,,,,
1763,7/8/2010,2:30:00,75734,11.722,3.51,,,,
1764,7/8/2010,3:00:00,75735,11.625,3.51,,,,
1765,7/8/2010,3:30:00,75719,11.625,3.51,,,,
1766,7/8/2010,4:00:00,75721,11.528,3.51,,,,
1767,7/8/2010,4:30:00,75753,11.431,3.51,,,,
1768,7/8/2010,5:00:00,75769,11.431,3.51,,,,
1769,7/8/2010,5:30:00,75786,11.334,3.51,,,,
1770,7/8/2010,6:00:00,75770,11.334,3.51,,,,
1771,7/8/2010,6:30:00,75803,11.236,3.51,,,,
1772,7/8/2010,7:00:00,75834,11.236,3.51,,,,
1773,7/8/2010,7:30:00,75865,11.236,3.51,,,,
1774,7/8/2010,8:00:00,75850,11.236,3.51,,,,
1775,7/8/2010,8:30:00,75850,11.236,3.51,,,,
1776,7/8/2010,9:00:00,75834,11.236,3.51,,,,
1777,7/8/2010,9:30:00,75818,11.236,3.51,,,,
1778,7/8/2010,10:00:00,75818,11.236,3.51,,,,
1779,7/8/2010,10:30:00,75818,11.236,3.51,,,,
1780,7/8/2010,11:00:00,75786,11.334,3.51,,,,
1781,7/8/2010,11:30:00,75754,11.334,3.51,,,,
1782,7/8/2010,12:00:00,75753,11.431,3.51,,,,
1783,7/8/2010,12:30:00,75721,11.528,3.51,,,,
1784,7/8/2010,13:00:00,75719,11.625,3.51,,,,
1785,7/8/2010,13:30:00,75717,11.819,3.51,,,,
1786,7/8/2010,14:00:00,75716,11.916,3.51,,,,
1787,7/8/2010,14:30:00,75713,12.11,3.51,,,,
1788,7/8/2010,15:00:00,75696,12.207,3.51,,,,
1789,7/8/2010,15:30:00,75696,12.207,3.54,,,,
1790,7/8/2010,16:00:00,75664,12.304,3.54,,,,
1791,7/8/2010,16:30:00,75679,12.304,3.54,,,,
1792,7/8/2010,17:00:00,75679,12.304,3.54,,,,
1793,7/8/2010,17:30:00,75662,12.401,3.54,,,,
1794,7/8/2010,18:00:00,75662,12.401,3.54,,,,
1795,7/8/2010,18:30:00,75662,12.401,3.54,,,,
1796,7/8/2010,19:00:00,75694,12.401,3.54,,,,
1797,7/8/2010,19:30:00,75694,12.401,3.54,,,,
1798,7/8/2010,20:00:00,75741,12.401,3.54,,,,
1799,7/8/2010,20:30:00,75788,12.401,3.54,,,,
1800,7/8/2010,21:00:00,75803,12.401,3.54,,,,
1801,7/8/2010,21:30:00,75850,12.401,3.54,,,,
1802,7/8/2010,22:00:00,75882,12.401,3.54,,,,
1803,7/8/2010,22:30:00,75897,12.401,3.54,,,,
1804,7/8/2010,23:00:00,75883,12.304,3.54,,,,
1805,7/8/2010,23:30:00,75883,12.304,3.54,,,,
1806,7/9/2010,0:00:00,75883,12.304,3.54,,,,
1807,7/9/2010,0:30:00,75883,12.304,3.54,,,,
1808,7/9/2010,1:00:00,75869,12.207,3.54,,,,
1809,7/9/2010,1:30:00,75869,12.207,3.54,,,,
1810,7/9/2010,2:00:00,75853,12.207,3.54,,,,
1811,7/9/2010,2:30:00,75822,12.207,3.54,,,,
1812,7/9/2010,3:00:00,75823,12.11,3.51,,,,
1813,7/9/2010,3:30:00,75838,12.11,3.51,,,,
1814,7/9/2010,4:00:00,75854,12.11,3.51,,,,
1815,7/9/2010,4:30:00,75854,12.11,3.51,,,,
1816,7/9/2010,5:00:00,75855,12.013,3.51,,,,
1817,7/9/2010,5:30:00,75855,12.013,3.51,,,,
1818,7/9/2010,6:00:00,75872,11.916,3.51,,,,
1819,7/9/2010,6:30:00,75888,11.916,3.51,,,,
1820,7/9/2010,7:00:00,75888,11.916,3.51,,,,
1821,7/9/2010,7:30:00,75872,11.916,3.51,,,,
1822,7/9/2010,8:00:00,75889,11.819,3.51,,,,
1823,7/9/2010,8:30:00,75858,11.819,3.51,,,,
1824,7/9/2010,9:00:00,75841,11.916,3.51,,,,
1825,7/9/2010,9:30:00,75857,11.916,3.51,,,,
1826,7/9/2010,10:00:00,75841,11.916,3.51,,,,
1827,7/9/2010,10:30:00,75825,11.916,3.51,,,,
1828,7/9/2010,11:00:00,75825,11.916,3.51,,,,
1829,7/9/2010,11:30:00,75825,11.916,3.51,,,,
1830,7/9/2010,12:00:00,75793,12.013,3.51,,,,
1831,7/9/2010,12:30:00,75777,12.013,3.51,,,,
1832,7/9/2010,13:00:00,75776,12.11,3.51,,,,
1833,7/9/2010,13:30:00,75870,12.11,3.51,,,,
1834,7/9/2010,14:00:00,75791,12.11,3.51,,,,
1835,7/9/2010,14:30:00,75775,12.207,3.51,,,,
1836,7/9/2010,15:00:00,75743,12.207,3.51,,,,
1837,7/9/2010,15:30:00,75695,12.304,3.54,,,,
1838,7/9/2010,16:00:00,75695,12.304,3.54,,,,
1839,7/9/2010,16:30:00,75647,12.401,3.54,,,,
1840,7/9/2010,17:00:00,75631,12.401,3.54,,,,
1841,7/9/2010,17:30:00,75645,12.497,3.54,,,,
1842,7/9/2010,18:00:00,75645,12.497,3.54,,,,
1843,7/9/2010,18:30:00,75645,12.497,3.54,,,,
1844,7/9/2010,19:00:00,75677,12.497,3.54,,,,
1845,7/9/2010,19:30:00,75707,12.594,3.54,,,,
1846,7/9/2010,20:00:00,75723,12.594,3.54,,,,
1847,7/9/2010,20:30:00,75785,12.594,3.54,,,,
1848,7/9/2010,21:00:00,75817,12.594,3.54,,,,
1849,7/9/2010,21:30:00,75817,12.594,3.54,,,,
1850,7/9/2010,22:00:00,75818,12.497,3.54,,,,
1851,7/9/2010,22:30:00,75849,12.497,3.54,,,,
1852,7/9/2010,23:00:00,75818,12.497,3.54,,,,
1853,7/9/2010,23:30:00,75833,12.497,3.54,,,,
1854,7/10/2010,0:00:00,75833,12.497,3.54,,,,
1855,7/10/2010,0:30:00,75835,12.401,3.54,,,,
1856,7/10/2010,1:00:00,75788,12.401,3.54,,,,
1857,7/10/2010,1:30:00,75788,12.401,3.54,,,,
1858,7/10/2010,2:00:00,75772,12.401,3.54,,,,
1859,7/10/2010,2:30:00,75788,12.401,3.54,,,,
1860,7/10/2010,3:00:00,75711,12.304,3.54,,,,
1861,7/10/2010,3:30:00,75758,12.304,3.54,,,,
1862,7/10/2010,4:00:00,75742,12.304,3.54,,,,
1863,7/10/2010,4:30:00,75743,12.207,3.54,,,,
1864,7/10/2010,5:00:00,75759,12.207,3.54,,,,
1865,7/10/2010,5:30:00,75776,12.11,3.54,,,,
1866,7/10/2010,6:00:00,75776,12.11,3.54,,,,
1867,7/10/2010,6:30:00,75791,12.11,3.51,,,,
1868,7/10/2010,7:00:00,75808,12.013,3.51,,,,
1869,7/10/2010,7:30:00,75777,12.013,3.51,,,,
1870,7/10/2010,8:00:00,75777,12.013,3.51,,,,
1871,7/10/2010,8:30:00,75746,12.013,3.51,,,,
1872,7/10/2010,9:00:00,75746,12.013,3.51,,,,
1873,7/10/2010,9:30:00,75746,12.013,3.51,,,,
1874,7/10/2010,10:00:00,75714,12.013,3.51,,,,
1875,7/10/2010,10:30:00,75729,12.11,3.51,,,,
1876,7/10/2010,11:00:00,75713,12.11,3.51,,,,
1877,7/10/2010,11:30:00,75682,12.11,3.51,,,,
1878,7/10/2010,12:00:00,75665,12.207,3.54,,,,
1879,7/10/2010,12:30:00,75632,12.304,3.54,,,,
1880,7/10/2010,13:00:00,75615,12.401,3.54,,,,
1881,7/10/2010,13:30:00,75551,12.497,3.54,,,,
1882,7/10/2010,14:00:00,75519,12.594,3.54,,,,
1883,7/10/2010,14:30:00,75485,12.787,3.54,,,,
1884,7/10/2010,15:00:00,75468,12.883,3.54,,,,
1885,7/10/2010,15:30:00,75434,13.076,3.54,,,,
1886,7/10/2010,16:00:00,75402,13.173,3.54,,,,
1887,7/10/2010,16:30:00,75370,13.173,3.54,,,,
1888,7/10/2010,17:00:00,75369,13.269,3.54,,,,
1889,7/10/2010,17:30:00,75369,13.269,3.54,,,,
1890,7/10/2010,18:00:00,75352,13.365,3.54,,,,
1891,7/10/2010,18:30:00,75368,13.365,3.54,,,,
1892,7/10/2010,19:00:00,75399,13.365,3.54,,,,
1893,7/10/2010,19:30:00,75415,13.365,3.54,,,,
1894,7/10/2010,20:00:00,75446,13.365,3.54,,,,
1895,7/10/2010,20:30:00,75446,13.365,3.54,,,,
1896,7/10/2010,21:00:00,75462,13.365,3.54,,,,
1897,7/10/2010,21:30:00,75462,13.365,3.54,,,,
1898,7/10/2010,22:00:00,75494,13.269,3.54,,,,
1899,7/10/2010,22:30:00,75479,13.269,3.54,,,,
1900,7/10/2010,23:00:00,75463,13.269,3.54,,,,
1901,7/10/2010,23:30:00,75494,13.269,3.54,,,,
1902,7/11/2010,0:00:00,75479,13.269,3.54,,,,
1903,7/11/2010,0:30:00,75480,13.173,3.54,,,,
1904,7/11/2010,1:00:00,75449,13.173,3.54,,,,
1905,7/11/2010,1:30:00,75449,13.173,3.54,,,,
1906,7/11/2010,2:00:00,75464,13.173,3.54,,,,
1907,7/11/2010,2:30:00,75449,13.173,3.54,,,,
1908,7/11/2010,3:00:00,75434,13.076,3.54,,,,
1909,7/11/2010,3:30:00,75419,13.076,3.54,,,,
1910,7/11/2010,4:00:00,75419,13.076,3.54,,,,
1911,7/11/2010,4:30:00,75420,12.98,3.54,,,,
1912,7/11/2010,5:00:00,75436,12.98,3.54,,,,
1913,7/11/2010,5:30:00,75420,12.98,3.54,,,,
1914,7/11/2010,6:00:00,75452,12.883,3.54,,,,
1915,7/11/2010,6:30:00,75484,12.883,3.54,,,,
1916,7/11/2010,7:00:00,75468,12.883,3.54,,,,
1917,7/11/2010,7:30:00,75469,12.787,3.54,,,,
1918,7/11/2010,8:00:00,75469,12.787,3.54,,,,
1919,7/11/2010,8:30:00,75469,12.787,3.54,,,,
1920,7/11/2010,9:00:00,75454,12.787,3.54,,,,
1921,7/11/2010,9:30:00,75438,12.787,3.54,,,,
1922,7/11/2010,10:00:00,75438,12.787,3.54,,,,
1923,7/11/2010,10:30:00,75438,12.787,3.54,,,,
1924,7/11/2010,11:00:00,75407,12.787,3.54,,,,
1925,7/11/2010,11:30:00,75407,12.787,3.54,,,,
1926,7/11/2010,12:00:00,75391,12.787,3.54,,,,
1927,7/11/2010,12:30:00,75391,12.787,3.54,,,,
1928,7/11/2010,13:00:00,75422,12.787,3.54,,,,
1929,7/11/2010,13:30:00,75390,12.883,3.54,,,,
1930,7/11/2010,14:00:00,75358,12.883,3.54,,,,
1931,7/11/2010,14:30:00,75311,12.883,3.54,,,,
1932,7/11/2010,15:00:00,75280,12.883,3.54,,,,
1933,7/11/2010,15:30:00,75264,12.883,3.54,,,,
1934,7/11/2010,16:00:00,75248,12.98,3.54,,,,
1935,7/11/2010,16:30:00,75248,12.98,3.54,,,,
1936,7/11/2010,17:00:00,75201,12.98,3.54,,,,
1937,7/11/2010,17:30:00,75169,12.98,3.54,,,,
1938,7/11/2010,18:00:00,75152,13.076,3.54,,,,
1939,7/11/2010,18:30:00,75184,13.076,3.54,,,,
1940,7/11/2010,19:00:00,75215,13.076,3.54,,,,
1941,7/11/2010,19:30:00,75215,13.076,3.54,,,,
1942,7/11/2010,20:00:00,75199,13.076,3.54,,,,
1943,7/11/2010,20:30:00,75248,12.98,3.54,,,,
1944,7/11/2010,21:00:00,75279,12.98,3.54,,,,
1945,7/11/2010,21:30:00,75279,12.98,3.54,,,,
1946,7/11/2010,22:00:00,75279,12.98,3.54,,,,
1947,7/11/2010,22:30:00,75279,12.98,3.54,,,,
1948,7/11/2010,23:00:00,75296,12.883,3.54,,,,
1949,7/11/2010,23:30:00,75249,12.883,3.54,,,,
1950,7/12/2010,0:00:00,75264,12.883,3.54,,,,
1951,7/12/2010,0:30:00,75219,12.787,3.54,,,,
1952,7/12/2010,1:00:00,75219,12.787,3.54,,,,
1953,7/12/2010,1:30:00,75220,12.69,3.54,,,,
1954,7/12/2010,2:00:00,75189,12.69,3.54,,,,
1955,7/12/2010,2:30:00,75174,12.594,3.54,,,,
1956,7/12/2010,3:00:00,75174,12.594,3.54,,,,
1957,7/12/2010,3:30:00,75191,12.497,3.54,,,,
1958,7/12/2010,4:00:00,75191,12.497,3.54,,,,
1959,7/12/2010,4:30:00,75192,12.401,3.54,,,,
1960,7/12/2010,5:00:00,75192,12.401,3.54,,,,
1961,7/12/2010,5:30:00,75209,12.304,3.54,,,,
1962,7/12/2010,6:00:00,75242,12.207,3.54,,,,
1963,7/12/2010,6:30:00,75226,12.207,3.54,,,,
1964,7/12/2010,7:00:00,75243,12.11,3.54,,,,
1965,7/12/2010,7:30:00,75259,12.11,3.54,,,,
1966,7/12/2010,8:00:00,75290,12.11,3.54,,,,
1967,7/12/2010,8:30:00,75290,12.11,3.51,,,,
1968,7/12/2010,9:00:00,75290,12.11,3.54,,,,
1969,7/12/2010,9:30:00,75306,12.11,3.54,,,,
1970,7/12/2010,10:00:00,75321,12.11,3.54,,,,
1971,7/12/2010,10:30:00,75290,12.11,3.54,,,,
1972,7/12/2010,11:00:00,75290,12.11,3.54,,,,
1973,7/12/2010,11:30:00,75258,12.207,3.54,,,,
1974,7/12/2010,12:00:00,75258,12.207,3.54,,,,
1975,7/12/2010,12:30:00,75255,12.401,3.54,,,,
1976,7/12/2010,13:00:00,75207,12.497,3.54,,,,
1977,7/12/2010,13:30:00,75173,12.69,3.54,,,,
1978,7/12/2010,14:00:00,75139,12.883,3.54,,,,
1979,7/12/2010,14:30:00,75137,13.076,3.54,,,,
1980,7/12/2010,15:00:00,75118,13.269,3.54,,,,
1981,7/12/2010,15:30:00,75116,13.461,3.54,,,,
1982,7/12/2010,16:00:00,75146,13.558,3.54,,,,
1983,7/12/2010,16:30:00,75129,13.654,3.54,,,,
1984,7/12/2010,17:00:00,75128,13.75,3.54,,,,
1985,7/12/2010,17:30:00,75128,13.75,3.54,,,,
1986,7/12/2010,18:00:00,75112,13.75,3.54,,,,
1987,7/12/2010,18:30:00,75142,13.846,3.54,,,,
1988,7/12/2010,19:00:00,75174,13.846,3.54,,,,
1989,7/12/2010,19:30:00,75175,13.75,3.54,,,,
1990,7/12/2010,20:00:00,75191,13.75,3.54,,,,
1991,7/12/2010,20:30:00,75238,13.75,3.54,,,,
1992,7/12/2010,21:00:00,75269,13.75,3.54,,,,
1993,7/12/2010,21:30:00,75286,13.654,3.54,,,,
1994,7/12/2010,22:00:00,75286,13.654,3.54,,,,
1995,7/12/2010,22:30:00,75301,13.654,3.54,,,,
1996,7/12/2010,23:00:00,75318,13.558,3.54,,,,
1997,7/12/2010,23:30:00,75303,13.558,3.54,,,,
1998,7/13/2010,0:00:00,75318,13.558,3.54,,,,
1999,7/13/2010,0:30:00,75320,13.461,3.54,,,,
2000,7/13/2010,1:00:00,75304,13.461,3.54,,,,
2001,7/13/2010,1:30:00,75305,13.365,3.54,,,,
2002,7/13/2010,2:00:00,75305,13.365,3.54,,,,
2003,7/13/2010,2:30:00,75306,13.269,3.54,,,,
2004,7/13/2010,3:00:00,75308,13.173,3.54,,,,
2005,7/13/2010,3:30:00,75339,13.173,3.54,,,,
2006,7/13/2010,4:00:00,75356,13.076,3.54,,,,
2007,7/13/2010,4:30:00,75387,13.076,3.54,,,,
2008,7/13/2010,5:00:00,75404,12.98,3.54,,,,
2009,7/13/2010,5:30:00,75421,12.883,3.54,,,,
2010,7/13/2010,6:00:00,75405,12.883,3.54,,,,
2011,7/13/2010,6:30:00,75422,12.787,3.54,,,,
2012,7/13/2010,7:00:00,75438,12.787,3.54,,,,
2013,7/13/2010,7:30:00,75439,12.69,3.54,,,,
2014,7/13/2010,8:00:00,75455,12.69,3.54,,,,
2015,7/13/2010,8:30:00,75455,12.69,3.54,,,,
2016,7/13/2010,9:00:00,75424,12.69,3.54,,,,
2017,7/13/2010,9:30:00,75424,12.69,3.54,,,,
2018,7/13/2010,10:00:00,75424,12.69,3.54,,,,
2019,7/13/2010,10:30:00,75439,12.69,3.54,,,,
2020,7/13/2010,11:00:00,75392,12.69,3.54,,,,
2021,7/13/2010,11:30:00,75408,12.69,3.54,,,,
2022,7/13/2010,12:00:00,75408,12.69,3.54,,,,
2023,7/13/2010,12:30:00,75391,12.787,3.54,,,,
2024,7/13/2010,13:00:00,75391,12.787,3.54,,,,
2025,7/13/2010,13:30:00,75390,12.883,3.54,,,,
2026,7/13/2010,14:00:00,75358,12.883,3.54,,,,
2027,7/13/2010,14:30:00,75326,12.98,3.54,,,,
2028,7/13/2010,15:00:00,75310,12.98,3.54,,,,
2029,7/13/2010,15:30:00,75340,13.076,3.54,,,,
2030,7/13/2010,16:00:00,75356,13.076,3.54,,,,
2031,7/13/2010,16:30:00,75339,13.173,3.54,,,,
2032,7/13/2010,17:00:00,75339,13.173,3.54,,,,
2033,7/13/2010,17:30:00,75308,13.173,3.54,,,,
2034,7/13/2010,18:00:00,75292,13.173,3.54,,,,
2035,7/13/2010,18:30:00,75322,13.269,3.54,,,,
2036,7/13/2010,19:00:00,75338,13.269,3.54,,,,
2037,7/13/2010,19:30:00,75338,13.269,3.54,,,,
2038,7/13/2010,20:00:00,75338,13.269,3.54,,,,
2039,7/13/2010,20:30:00,75369,13.269,3.54,,,,
2040,7/13/2010,21:00:00,75416,13.269,3.54,,,,
2041,7/13/2010,21:30:00,75417,13.173,3.54,,,,
2042,7/13/2010,22:00:00,75464,13.173,3.54,,,,
2043,7/13/2010,22:30:00,75449,13.173,3.54,,,,
2044,7/13/2010,23:00:00,75464,13.173,3.54,,,,
2045,7/13/2010,23:30:00,75464,13.173,3.54,,,,
2046,7/14/2010,0:00:00,75464,13.173,3.54,,,,
2047,7/14/2010,0:30:00,75450,13.076,3.54,,,,
2048,7/14/2010,1:00:00,75481,13.076,3.54,,,,
2049,7/14/2010,1:30:00,75466,13.076,3.54,,,,
2050,7/14/2010,2:00:00,75466,13.076,3.54,,,,
2051,7/14/2010,2:30:00,75450,13.076,3.54,,,,
2052,7/14/2010,3:00:00,75483,12.98,3.54,,,,
2053,7/14/2010,3:30:00,75483,12.98,3.54,,,,
2054,7/14/2010,4:00:00,75484,12.883,3.54,,,,
2055,7/14/2010,4:30:00,75515,12.883,3.54,,,,
2056,7/14/2010,5:00:00,75531,12.883,3.54,,,,
2057,7/14/2010,5:30:00,75548,12.787,3.54,,,,
2058,7/14/2010,6:00:00,75563,12.787,3.54,,,,
2059,7/14/2010,6:30:00,75580,12.69,3.54,,,,
2060,7/14/2010,7:00:00,75596,12.69,3.54,,,,
2061,7/14/2010,7:30:00,75612,12.69,3.54,,,,
2062,7/14/2010,8:00:00,75612,12.69,3.54,,,,
2063,7/14/2010,8:30:00,75644,12.594,3.54,,,,
2064,7/14/2010,9:00:00,75629,12.594,3.54,,,,
2065,7/14/2010,9:30:00,75629,12.594,3.54,,,,
2066,7/14/2010,10:00:00,75644,12.594,3.54,,,,
2067,7/14/2010,10:30:00,75643,12.69,3.54,,,,
2068,7/14/2010,10:51:42,,,,,Logged,,
2069,7/14/2010,10:51:47,,,,,,Logged,Logged
